id,NObeyesdad,Rings
20758,Normal_Weight,2.98716333465867
20759,Normal_Weight,5.175896827278563
20760,Normal_Weight,4.009062848499073
20761,Normal_Weight,2.901748108748444
20762,Normal_Weight,4.026052465084576
20763,Normal_Weight,0.41952426979237695
20764,Normal_Weight,0.46709180147887697
20765,Normal_Weight,4.426770624739992
20766,Normal_Weight,5.682669086320389
20767,Normal_Weight,1.4408280320884157
20768,Normal_Weight,0.5815659395327639
20769,Normal_Weight,4.20430874564944
20770,Normal_Weight,4.0248419654738745
20771,Normal_Weight,4.330609429002039
20772,Normal_Weight,4.122786627027093
20773,Normal_Weight,5.400481765124916
20774,Normal_Weight,3.6224785086714735
20775,Normal_Weight,3.844936143818859
20776,Normal_Weight,4.028241749111727
20777,Normal_Weight,2.62287842246481
20778,Normal_Weight,1.048519808942547
20779,Normal_Weight,4.05255260210459
20780,Normal_Weight,3.943280132763847
20781,Normal_Weight,3.1920536026651765
20782,Normal_Weight,4.32538563866757
20783,Normal_Weight,3.5521221906715588
20784,Normal_Weight,3.2446033530401324
20785,Normal_Weight,4.567783178536014
20786,Normal_Weight,-0.0798505310036672
20787,Normal_Weight,2.4742392324500577
20788,Normal_Weight,5.666733749022958
20789,Normal_Weight,4.078648416283146
20790,Normal_Weight,2.7326121636353338
20791,Normal_Weight,3.237696338363484
20792,Normal_Weight,4.08299090536102
20793,Normal_Weight,4.596546891668802
20794,Normal_Weight,3.1476871034480522
20795,Normal_Weight,1.1094256485481764
20796,Normal_Weight,0.0013539737387658682
20797,Normal_Weight,6.237755036904877
20798,Normal_Weight,3.117239050987514
20799,Normal_Weight,5.497131654999635
20800,Normal_Weight,3.3135716787124103
20801,Normal_Weight,6.1877620406824345
20802,Normal_Weight,3.8351183031707845
20803,Normal_Weight,0.15193204755958084
20804,Normal_Weight,3.7398957780116078
20805,Normal_Weight,3.2962899261386767
20806,Normal_Weight,2.533037101401967
20807,Normal_Weight,3.292157899433393
20808,Normal_Weight,3.415019972540835
20809,Normal_Weight,4.031101942228779
20810,Normal_Weight,3.723797629095813
20811,Normal_Weight,3.9359798152837393
20812,Normal_Weight,3.3732948718295783
20813,Normal_Weight,0.8728054604607816
20814,Normal_Weight,0.007158866351133549
20815,Normal_Weight,5.352297597005731
20816,Normal_Weight,3.138319524361435
20817,Normal_Weight,4.07839893204991
20818,Normal_Weight,5.24426326460288
20819,Normal_Weight,2.6222263934134427
20820,Normal_Weight,3.3840207035652874
20821,Normal_Weight,3.395159373470105
20822,Normal_Weight,1.2357335590971124
20823,Normal_Weight,3.3041382490975706
20824,Normal_Weight,0.9043952267953037
20825,Normal_Weight,0.2475935680724331
20826,Normal_Weight,3.1725145958434666
20827,Normal_Weight,1.9499648709031336
20828,Normal_Weight,2.816918303628515
20829,Normal_Weight,4.078722089883074
20830,Normal_Weight,3.3227951265883857
20831,Normal_Weight,4.0276556831065635
20832,Normal_Weight,4.536618638971607
20833,Normal_Weight,4.675555616815897
20834,Normal_Weight,3.3326411152170152
20835,Normal_Weight,3.403363686764519
20836,Normal_Weight,4.0248419654738745
20837,Normal_Weight,1.1036346367778642
20838,Normal_Weight,3.1623929143446667
20839,Normal_Weight,3.7654679031467126
20840,Normal_Weight,-0.04021289777611049
20841,Normal_Weight,3.717446983652981
20842,Normal_Weight,0.23687890766075828
20843,Normal_Weight,4.2153097348581
20844,Normal_Weight,-0.0031372841345705888
20845,Normal_Weight,1.3453683754745158
20846,Normal_Weight,1.2559141575586348
20847,Normal_Weight,2.7030366626999243
20848,Normal_Weight,4.723055601413478
20849,Normal_Weight,4.285991623675808
20850,Normal_Weight,0.6320283710545895
20851,Normal_Weight,1.3203610325578974
20852,Normal_Weight,3.9783054499696595
20853,Normal_Weight,4.2234772768709705
20854,Normal_Weight,0.39563748914492597
20855,Normal_Weight,3.0911077667866342
20856,Normal_Weight,1.2504227440754
20857,Normal_Weight,1.8356168077401298
20858,Normal_Weight,2.8080194061001125
20859,Normal_Weight,4.004672300246779
20860,Normal_Weight,0.945092582789141
20861,Normal_Weight,4.076759884756491
20862,Normal_Weight,3.8426753570738605
20863,Normal_Weight,0.05672653044984896
20864,Normal_Weight,4.153938113951736
20865,Normal_Weight,2.665992593650999
20866,Normal_Weight,5.636061323713248
20867,Normal_Weight,2.9512595929156125
20868,Normal_Weight,6.357346575614752
20869,Normal_Weight,2.549260925184995
20870,Normal_Weight,2.58659409574264
20871,Normal_Weight,4.154041695559505
20872,Normal_Weight,3.7444374645703675
20873,Normal_Weight,5.605961518447199
20874,Normal_Weight,2.924795942502239
20875,Normal_Weight,1.3934860878542075
20876,Normal_Weight,4.07839893204991
20877,Normal_Weight,4.324971777399496
20878,Normal_Weight,2.814114990434078
20879,Normal_Weight,4.090040924274207
20880,Normal_Weight,0.10703758119138167
20881,Normal_Weight,3.529038139272735
20882,Normal_Weight,-0.16545606373016888
20883,Normal_Weight,5.916646936896965
20884,Normal_Weight,2.638838825076252
20885,Normal_Weight,4.091446433328887
20886,Normal_Weight,2.3734098483831247
20887,Normal_Weight,2.981757368952503
20888,Normal_Weight,2.747666803482507
20889,Normal_Weight,3.971247751296184
20890,Normal_Weight,4.011258537962667
20891,Normal_Weight,0.446648161557715
20892,Normal_Weight,4.592351529273785
20893,Normal_Weight,2.4332152092017374
20894,Normal_Weight,3.2427449250882856
20895,Normal_Weight,0.893348544458601
20896,Normal_Weight,0.3678181713035305
20897,Normal_Weight,3.9453444700744
20898,Normal_Weight,3.9252067384822955
20899,Normal_Weight,0.30880239939586424
20900,Normal_Weight,2.9088147607532884
20901,Normal_Weight,4.1310080627062105
20902,Normal_Weight,2.5591239712837814
20903,Normal_Weight,4.031101942228779
20904,Normal_Weight,5.369792843752058
20905,Normal_Weight,0.002867852571853449
20906,Normal_Weight,2.122965255927577
20907,Normal_Weight,3.011670508273888
20908,Normal_Weight,0.018316411508204556
20909,Normal_Weight,2.9257599951229007
20910,Normal_Weight,2.2652180911288693
20911,Normal_Weight,4.009062848499073
20912,Normal_Weight,5.023811208593933
20913,Normal_Weight,1.2253754963297052
20914,Normal_Weight,0.19159289246979594
20915,Normal_Weight,3.3246220281751677
20916,Normal_Weight,1.3240166878665816
20917,Normal_Weight,3.4514667908075256
20918,Normal_Weight,3.5158809264030815
20919,Normal_Weight,6.043672823801226
20920,Normal_Weight,5.434048605645866
20921,Normal_Weight,2.043966940266167
20922,Normal_Weight,-0.05378046478401767
20923,Normal_Weight,0.49430378028970007
20924,Normal_Weight,0.09472258807399589
20925,Normal_Weight,4.013328395119469
20926,Normal_Weight,3.29788560866169
20927,Normal_Weight,0.7600645795336833
20928,Normal_Weight,3.102621672033293
20929,Normal_Weight,2.370187092867999
20930,Normal_Weight,3.6852999666963924
20931,Normal_Weight,3.3225746269386014
20932,Normal_Weight,4.065884787293755
20933,Normal_Weight,0.11236654315964137
20934,Normal_Weight,3.063687648490342
20935,Normal_Weight,5.733499640998544
20936,Normal_Weight,6.269347418876715
20937,Normal_Weight,1.1561225800235047
20938,Normal_Weight,2.4700662113045384
20939,Normal_Weight,3.156542613045822
20940,Normal_Weight,2.0802997167813775
20941,Normal_Weight,2.260785605041005
20942,Normal_Weight,4.031101942228779
20943,Normal_Weight,3.6516552141793635
20944,Normal_Weight,2.7788370257597155
20945,Normal_Weight,4.682309812931131
20946,Normal_Weight,2.9711257004018714
20947,Normal_Weight,5.534908491897637
20948,Normal_Weight,4.160595569421998
20949,Normal_Weight,3.497884949522214
20950,Normal_Weight,0.37136608265287485
20951,Normal_Weight,3.1148925724482663
20952,Normal_Weight,1.1954482708717442
20953,Normal_Weight,0.7645928612078772
20954,Normal_Weight,4.036501887701372
20955,Normal_Weight,3.3405021644774746
20956,Normal_Weight,2.327068416507537
20957,Normal_Weight,3.1710740695197903
20958,Normal_Weight,1.9365921160470316
20959,Normal_Weight,2.6026264775522283
20960,Normal_Weight,3.191511717871118
20961,Normal_Weight,0.33468673886013733
20962,Normal_Weight,3.427902547848064
20963,Normal_Weight,0.5270380312763046
20964,Normal_Weight,2.2369992379015424
20965,Normal_Weight,0.7869505668808742
20966,Normal_Weight,2.3803762130132466
20967,Normal_Weight,2.705438975002859
20968,Normal_Weight,4.0945012068578786
20969,Normal_Weight,4.208599358945646
20970,Normal_Weight,2.9198518160350124
20971,Normal_Weight,4.0248419654738745
20972,Normal_Weight,3.3839751110738088
20973,Normal_Weight,3.9676957430516584
20974,Normal_Weight,3.0220495354490686
20975,Normal_Weight,6.222445868819717
20976,Normal_Weight,2.6625268602941925
20977,Normal_Weight,2.325720543014343
20978,Normal_Weight,5.070961044216609
20979,Normal_Weight,5.563265874413564
20980,Normal_Weight,5.0155767768396275
20981,Normal_Weight,4.94794673719534
20982,Normal_Weight,4.046754191742962
20983,Normal_Weight,1.9937239085820606
20984,Normal_Weight,3.202027790934886
20985,Normal_Weight,2.994033059244496
20986,Normal_Weight,0.23312238333450802
20987,Normal_Weight,1.3991374802242276
20988,Normal_Weight,6.404429271514108
20989,Normal_Weight,4.031101942228779
20990,Normal_Weight,4.066935503870566
20991,Normal_Weight,5.644634257244049
20992,Normal_Weight,3.2362319221741864
20993,Normal_Weight,0.2923122488148495
20994,Normal_Weight,0.4797642048130277
20995,Normal_Weight,5.203419479993844
20996,Normal_Weight,4.774564830720414
20997,Normal_Weight,3.1656881420619682
20998,Normal_Weight,0.9597688812977209
20999,Normal_Weight,4.738921578260175
21000,Normal_Weight,4.609776699011597
21001,Normal_Weight,0.266109954811734
21002,Normal_Weight,3.9757357197057757
21003,Normal_Weight,6.061771936794056
21004,Normal_Weight,-0.043163699562414205
21005,Normal_Weight,4.155959254296718
21006,Normal_Weight,1.6001456151873426
21007,Normal_Weight,4.0248419654738745
21008,Normal_Weight,6.575874629811082
21009,Normal_Weight,3.0054938803733755
21010,Normal_Weight,4.452570950418583
21011,Normal_Weight,1.1519748310012805
21012,Normal_Weight,4.548300104828764
21013,Normal_Weight,3.127545317809263
21014,Normal_Weight,0.3449723732847019
21015,Normal_Weight,1.1203434339098377
21016,Normal_Weight,4.031101942228779
21017,Normal_Weight,1.7076013403946588
21018,Normal_Weight,4.0945012068578786
21019,Normal_Weight,0.5515129184933394
21020,Normal_Weight,4.006202655382015
21021,Normal_Weight,3.99235186853957
21022,Normal_Weight,0.2893594799103621
21023,Normal_Weight,5.071813560070318
21024,Normal_Weight,5.349888940004399
21025,Normal_Weight,3.8836187378672467
21026,Normal_Weight,4.818847202335149
21027,Normal_Weight,3.3814053808099254
21028,Normal_Weight,3.9287899171043383
21029,Normal_Weight,4.011427918111401
21030,Normal_Weight,4.018130175368516
21031,Normal_Weight,4.521914092584066
21032,Normal_Weight,3.067855170804443
21033,Normal_Weight,2.559331908791524
21034,Normal_Weight,6.842721131544461
21035,Normal_Weight,3.1379045034151094
21036,Normal_Weight,0.470865152552328
21037,Normal_Weight,5.114680082631455
21038,Normal_Weight,4.011427918111401
21039,Normal_Weight,3.9876424846611367
21040,Normal_Weight,0.4642996565720497
21041,Normal_Weight,4.01818002067329
21042,Normal_Weight,1.7705708369938125
21043,Normal_Weight,3.114168319788574
21044,Normal_Weight,3.9420016598825165
21045,Normal_Weight,1.4161711331678597
21046,Normal_Weight,4.0248419654738745
21047,Normal_Weight,3.2204554903246265
21048,Normal_Weight,4.628809010881369
21049,Normal_Weight,5.7880382082464
21050,Normal_Weight,4.031101942228779
21051,Normal_Weight,2.613921863319507
21052,Normal_Weight,0.6289152255726692
21053,Normal_Weight,2.0647860395693756
21054,Normal_Weight,5.148553228695197
21055,Normal_Weight,3.2945441987379103
21056,Normal_Weight,3.1460134642479174
21057,Normal_Weight,5.658212071602512
21058,Normal_Weight,2.211537193895318
21059,Normal_Weight,4.2417246151141965
21060,Normal_Weight,2.6253223941357122
21061,Normal_Weight,3.226213108938516
21062,Normal_Weight,0.7904338258824508
21063,Normal_Weight,0.34739056387728606
21064,Normal_Weight,4.091005796922331
21065,Normal_Weight,2.623387999339201
21066,Normal_Weight,4.594851325840684
21067,Normal_Weight,3.9965071835491113
21068,Normal_Weight,1.1405418833356074
21069,Normal_Weight,4.051771517972653
21070,Normal_Weight,4.85371703786882
21071,Normal_Weight,3.1914466339160423
21072,Normal_Weight,4.265661224749753
21073,Normal_Weight,2.642572586216058
21074,Normal_Weight,5.13397245416744
21075,Normal_Weight,5.707548747127153
21076,Normal_Weight,3.3951800420332012
21077,Normal_Weight,2.688495381106001
21078,Normal_Weight,1.5315872277415374
21079,Normal_Weight,3.1809388932816423
21080,Normal_Weight,3.2578451409235805
21081,Normal_Weight,4.8178203023754005
21082,Normal_Weight,2.938654771888711
21083,Normal_Weight,4.915351567203359
21084,Normal_Weight,2.5752096504540454
21085,Normal_Weight,4.011427918111401
21086,Normal_Weight,3.9752237671497257
21087,Normal_Weight,2.1982969425607224
21088,Normal_Weight,3.963778862954101
21089,Normal_Weight,1.036731698256446
21090,Normal_Weight,4.042139864490769
21091,Normal_Weight,4.194793789936007
21092,Normal_Weight,4.073224868283097
21093,Normal_Weight,3.3460909084816186
21094,Normal_Weight,4.030865337923265
21095,Normal_Weight,4.009062848499073
21096,Normal_Weight,3.9111643727577086
21097,Normal_Weight,3.0855700243355044
21098,Normal_Weight,3.241800393033871
21099,Normal_Weight,2.914354151065023
21100,Normal_Weight,0.23150362546470324
21101,Normal_Weight,1.5175445380799597
21102,Normal_Weight,1.9213929938654026
21103,Normal_Weight,3.152041853989104
21104,Normal_Weight,1.9530280807805052
21105,Normal_Weight,4.035615042275319
21106,Normal_Weight,4.0248419654738745
21107,Normal_Weight,4.7599031283383635
21108,Normal_Weight,3.7944342059387384
21109,Normal_Weight,2.783418771938849
21110,Normal_Weight,3.007386002529241
21111,Normal_Weight,0.21121939190774908
21112,Normal_Weight,2.7391625294298887
21113,Normal_Weight,4.935146545508967
21114,Normal_Weight,4.021687465294486
21115,Normal_Weight,3.071538656161394
21116,Normal_Weight,2.654299820454976
21117,Normal_Weight,4.762175525775793
21118,Normal_Weight,4.0248419654738745
21119,Normal_Weight,2.808914175696659
21120,Normal_Weight,3.6915711537045475
21121,Normal_Weight,3.2717747946077185
21122,Normal_Weight,3.5202485674688186
21123,Normal_Weight,1.6976269678566405
21124,Normal_Weight,3.9188494755220478
21125,Normal_Weight,4.430579764815533
21126,Normal_Weight,6.203533358458847
21127,Normal_Weight,2.805265989743045
21128,Normal_Weight,4.031101942228779
21129,Normal_Weight,0.387057092546694
21130,Normal_Weight,0.17496361659053694
21131,Normal_Weight,2.1930848844801685
21132,Normal_Weight,2.773232562157063
21133,Normal_Weight,5.292860847164443
21134,Normal_Weight,0.10418900898936466
21135,Normal_Weight,3.1832581306548207
21136,Normal_Weight,3.299794918690972
21137,Normal_Weight,4.0059719058109415
21138,Normal_Weight,3.3090878100272687
21139,Normal_Weight,1.0473959292672053
21140,Normal_Weight,3.2172493585070843
21141,Normal_Weight,0.782160631597309
21142,Normal_Weight,5.286684861830756
21143,Normal_Weight,3.1650399750035634
21144,Normal_Weight,2.67364973323567
21145,Normal_Weight,0.5387372225368872
21146,Normal_Weight,4.050534132078121
21147,Normal_Weight,3.834309029262007
21148,Normal_Weight,3.0806333793923115
21149,Normal_Weight,3.985961225818701
21150,Normal_Weight,0.12144965854354968
21151,Normal_Weight,6.122933909686794
21152,Normal_Weight,4.063351413311731
21153,Normal_Weight,0.9676082400318583
21154,Normal_Weight,2.4168989545742803
21155,Normal_Weight,3.220548024249945
21156,Normal_Weight,4.017215490234174
21157,Normal_Weight,2.854561915670887
21158,Normal_Weight,6.068808179534148
21159,Normal_Weight,5.392971647355752
21160,Normal_Weight,3.9880304854212008
21161,Normal_Weight,4.006202655382015
21162,Normal_Weight,3.110317059604908
21163,Normal_Weight,-0.3066783573334296
21164,Normal_Weight,3.554335311939796
21165,Normal_Weight,2.4197795136343214
21166,Normal_Weight,2.5191219289376456
21167,Normal_Weight,3.9687571270552264
21168,Normal_Weight,2.8757155632750173
21169,Normal_Weight,0.08555397732754269
21170,Normal_Weight,3.238657271593132
21171,Normal_Weight,2.0620581714808286
21172,Normal_Weight,3.0878080840493647
21173,Normal_Weight,3.053267960220762
21174,Normal_Weight,3.223023899848296
21175,Normal_Weight,4.569785807997164
21176,Normal_Weight,3.055542027245707
21177,Normal_Weight,0.5680638461871782
21178,Normal_Weight,3.032566171913352
21179,Normal_Weight,3.1531564257464253
21180,Normal_Weight,1.9116996995687028
21181,Normal_Weight,3.3028152059517297
21182,Normal_Weight,0.3301241895624342
21183,Normal_Weight,4.114017716705689
21184,Normal_Weight,2.775056809540345
21185,Normal_Weight,3.217089129130598
21186,Normal_Weight,3.015107499617114
21187,Normal_Weight,4.078722089883074
21188,Normal_Weight,2.7338342583323123
21189,Normal_Weight,6.399250062404408
21190,Normal_Weight,0.2732322732396743
21191,Normal_Weight,0.7239760260078371
21192,Normal_Weight,4.009062848499073
21193,Normal_Weight,0.0017242584161351587
21194,Normal_Weight,5.006988398824109
21195,Normal_Weight,4.701069324792569
21196,Normal_Weight,4.147390794044911
21197,Normal_Weight,5.158541725838669
21198,Normal_Weight,4.007039959026677
21199,Normal_Weight,3.477075127867336
21200,Normal_Weight,4.2723298385923245
21201,Normal_Weight,4.824654831769567
21202,Normal_Weight,4.045367469203302
21203,Normal_Weight,3.526018933346632
21204,Normal_Weight,4.006202655382015
21205,Normal_Weight,3.2904799419021864
21206,Normal_Weight,5.4890861873978976
21207,Normal_Weight,4.009080894923368
21208,Normal_Weight,1.1275608581752512
21209,Normal_Weight,3.1863342364219194
21210,Normal_Weight,0.38381892364425313
21211,Normal_Weight,3.1598611899184146
21212,Normal_Weight,3.09821015876641
21213,Normal_Weight,4.028241749111727
21214,Normal_Weight,4.035615042275319
21215,Normal_Weight,4.009062848499073
21216,Normal_Weight,1.18111921425332
21217,Normal_Weight,2.755357633785549
21218,Normal_Weight,5.103824903406305
21219,Normal_Weight,2.9394281496382213
21220,Normal_Weight,1.4487176649093483
21221,Normal_Weight,2.425753418347804
21222,Normal_Weight,0.08451327415489618
21223,Normal_Weight,-0.05368317892766081
21224,Normal_Weight,4.006202655382015
21225,Normal_Weight,3.234939337759372
21226,Normal_Weight,4.921282332386291
21227,Normal_Weight,3.791137295510553
21228,Normal_Weight,2.5013854920907677
21229,Normal_Weight,0.977264516939425
21230,Normal_Weight,3.1207879614017062
21231,Normal_Weight,3.1556484762899606
21232,Normal_Weight,3.35145343574632
21233,Normal_Weight,1.4503075329453923
21234,Normal_Weight,4.628583836374934
21235,Normal_Weight,0.46823627015781183
21236,Normal_Weight,4.0859648937336015
21237,Normal_Weight,0.07275239181182928
21238,Normal_Weight,3.3950537386942394
21239,Normal_Weight,0.9415212607858094
21240,Normal_Weight,4.215113663379693
21241,Normal_Weight,2.7238171978257375
21242,Normal_Weight,4.710373996331067
21243,Normal_Weight,4.006202655382015
21244,Normal_Weight,4.031101942228779
21245,Normal_Weight,4.730976170928286
21246,Normal_Weight,1.3277935990433434
21247,Normal_Weight,3.0665402673969577
21248,Normal_Weight,3.068266523264436
21249,Normal_Weight,2.8297364473066136
21250,Normal_Weight,2.9835270363174486
21251,Normal_Weight,1.1913977949844485
21252,Normal_Weight,3.9094276215074895
21253,Normal_Weight,1.5575840957588747
21254,Normal_Weight,5.242294633651702
21255,Normal_Weight,3.224620584920492
21256,Normal_Weight,3.3632532462994242
21257,Normal_Weight,2.245283940660881
21258,Normal_Weight,6.420971534176429
21259,Normal_Weight,1.5242949719727605
21260,Normal_Weight,0.3904760602937268
21261,Normal_Weight,4.073632667577503
21262,Normal_Weight,4.076699200410679
21263,Normal_Weight,5.650716897995509
21264,Normal_Weight,4.009062848499073
21265,Normal_Weight,5.517600314428455
21266,Normal_Weight,5.146734374711521
21267,Normal_Weight,1.196457605279877
21268,Normal_Weight,2.3428089340714333
21269,Normal_Weight,5.036261749325363
21270,Normal_Weight,3.3797191293275315
21271,Normal_Weight,2.074967050935735
21272,Normal_Weight,3.9824924722736537
21273,Normal_Weight,5.226235605741188
21274,Normal_Weight,4.009877797249631
21275,Normal_Weight,0.18892098105895005
21276,Normal_Weight,3.096374294712533
21277,Normal_Weight,4.028241749111727
21278,Normal_Weight,3.564811078486043
21279,Normal_Weight,2.307603395197077
21280,Normal_Weight,1.1233938176738876
21281,Normal_Weight,0.4270084759736678
21282,Normal_Weight,2.741178720119435
21283,Normal_Weight,3.0319464296004934
21284,Normal_Weight,4.165836293129539
21285,Normal_Weight,5.427170321393232
21286,Normal_Weight,3.2960561913113815
21287,Normal_Weight,3.9041355722492384
21288,Normal_Weight,3.197220013060453
21289,Normal_Weight,4.009062848499073
21290,Normal_Weight,2.6755643288250033
21291,Normal_Weight,3.3935838229397786
21292,Normal_Weight,2.0592763178723086
21293,Normal_Weight,2.6769717769748302
21294,Normal_Weight,5.1094166462061255
21295,Normal_Weight,0.47263563199302644
21296,Normal_Weight,0.8496378696947597
21297,Normal_Weight,6.430124518786896
21298,Normal_Weight,3.379493771931084
21299,Normal_Weight,3.532352243700364
21300,Normal_Weight,6.083981366425454
21301,Normal_Weight,4.734891860706133
21302,Normal_Weight,3.2111076205174953
21303,Normal_Weight,4.005439265003293
21304,Normal_Weight,4.930546720560961
21305,Normal_Weight,3.382175220275643
21306,Normal_Weight,3.426147471205297
21307,Normal_Weight,4.009062848499073
21308,Normal_Weight,0.40427333098965734
21309,Normal_Weight,2.5786348228772713
21310,Normal_Weight,0.5170446225325112
21311,Normal_Weight,3.9285369916677038
21312,Normal_Weight,2.6335772324376987
21313,Normal_Weight,0.20212144282578193
21314,Normal_Weight,6.040700167537501
21315,Normal_Weight,0.36080275051761945
21316,Normal_Weight,4.023328375473592
21317,Normal_Weight,0.6986762730309177
21318,Normal_Weight,4.0105226755718775
21319,Normal_Weight,0.16660131847373869
21320,Normal_Weight,3.588735707695667
21321,Normal_Weight,3.982707100096126
21322,Normal_Weight,3.0160578288503324
21323,Normal_Weight,3.3995975488656263
21324,Normal_Weight,3.788378152928344
21325,Normal_Weight,3.135330675160966
21326,Normal_Weight,5.104898084417505
21327,Normal_Weight,5.139824664063325
21328,Normal_Weight,3.2114986019842022
21329,Normal_Weight,4.906681067689189
21330,Normal_Weight,2.646207533043191
21331,Normal_Weight,2.494040897697977
21332,Normal_Weight,3.224817014140081
21333,Normal_Weight,2.5842291291021935
21334,Normal_Weight,0.4055965167866085
21335,Normal_Weight,2.9604378901581945
21336,Normal_Weight,2.958157151162236
21337,Normal_Weight,4.698521189183718
21338,Normal_Weight,4.853081843539777
21339,Normal_Weight,1.3339782196254606
21340,Normal_Weight,0.9264182159055745
21341,Normal_Weight,4.979040309957553
21342,Normal_Weight,0.2089318050924264
21343,Normal_Weight,3.1956446387917024
21344,Normal_Weight,1.1523623821409668
21345,Normal_Weight,3.8832390983101845
21346,Normal_Weight,0.052265594392865926
21347,Normal_Weight,3.3808720747982384
21348,Normal_Weight,4.013464682665757
21349,Normal_Weight,2.5067670055625637
21350,Normal_Weight,0.865587118651498
21351,Normal_Weight,3.1079247779542594
21352,Normal_Weight,2.8456083850637035
21353,Normal_Weight,3.715133830382294
21354,Normal_Weight,0.05281284801144257
21355,Normal_Weight,3.3873750201717945
21356,Normal_Weight,4.009062848499073
21357,Normal_Weight,6.223387486912652
21358,Normal_Weight,4.006202655382015
21359,Normal_Weight,2.9884359744465554
21360,Normal_Weight,5.65245855598894
21361,Normal_Weight,5.772722574170981
21362,Normal_Weight,4.058422913867033
21363,Normal_Weight,3.0351148349401695
21364,Normal_Weight,4.031101942228779
21365,Normal_Weight,5.940318719931736
21366,Normal_Weight,2.147174675260603
21367,Normal_Weight,3.8713473276251005
21368,Normal_Weight,2.6873796000620005
21369,Normal_Weight,0.3794729933564866
21370,Normal_Weight,4.006202655382015
21371,Normal_Weight,4.006202655382015
21372,Normal_Weight,4.080022152381617
21373,Normal_Weight,2.8598042509094768
21374,Normal_Weight,3.4377237242028826
21375,Normal_Weight,3.324418260602935
21376,Normal_Weight,3.3833577589804964
21377,Normal_Weight,4.030975074768159
21378,Normal_Weight,1.3966730254113306
21379,Normal_Weight,4.086762730466613
21380,Normal_Weight,0.21716028862092357
21381,Normal_Weight,4.031101942228779
21382,Normal_Weight,1.065725487837545
21383,Normal_Weight,2.733443698112689
21384,Normal_Weight,0.2310700173722318
21385,Normal_Weight,5.6283634288684015
21386,Normal_Weight,4.011857838764746
21387,Normal_Weight,2.9371785962852406
21388,Normal_Weight,2.838669252285672
21389,Normal_Weight,5.491522998576411
21390,Normal_Weight,4.006202655382015
21391,Normal_Weight,3.9871313405152318
21392,Normal_Weight,4.012567451674423
21393,Normal_Weight,5.79482287126988
21394,Normal_Weight,4.698597585614424
21395,Normal_Weight,1.4011644338862967
21396,Normal_Weight,0.14634154054002924
21397,Normal_Weight,4.052912941292213
21398,Normal_Weight,4.046754191742962
21399,Normal_Weight,4.026301792546678
21400,Normal_Weight,4.213465010930933
21401,Normal_Weight,3.1935014090239617
21402,Normal_Weight,3.2657782198948953
21403,Normal_Weight,0.06903475988392875
21404,Normal_Weight,0.1284670045676277
21405,Normal_Weight,0.1257868609042964
21406,Normal_Weight,3.8907440347019877
21407,Normal_Weight,6.099786956913892
21408,Normal_Weight,6.726470559125962
21409,Normal_Weight,4.050918360938892
21410,Normal_Weight,4.464170108018586
21411,Normal_Weight,0.527571396727827
21412,Normal_Weight,4.035909033632243
21413,Normal_Weight,1.2689843717007716
21414,Normal_Weight,3.9701686973302786
21415,Normal_Weight,3.376737060149668
21416,Normal_Weight,5.440073227317789
21417,Normal_Weight,0.5071508129397315
21418,Normal_Weight,2.1132648381471637
21419,Normal_Weight,0.06472374471300996
21420,Normal_Weight,3.4906050192828477
21421,Normal_Weight,1.0790738742887884
21422,Normal_Weight,5.4749834460279905
21423,Normal_Weight,6.4461577622076085
21424,Normal_Weight,4.228871449567362
21425,Normal_Weight,0.17620755797919888
21426,Normal_Weight,3.1033490023216195
21427,Normal_Weight,0.5350204070330979
21428,Normal_Weight,0.33873050152052636
21429,Normal_Weight,3.2050323673528394
21430,Normal_Weight,5.520347021226572
21431,Normal_Weight,0.3706733810991337
21432,Normal_Weight,4.095696983138818
21433,Normal_Weight,5.035185512184966
21434,Normal_Weight,3.768978703510604
21435,Normal_Weight,1.4255949213012478
21436,Normal_Weight,5.893918504066206
21437,Normal_Weight,3.132979816762459
21438,Normal_Weight,0.9515941605056117
21439,Normal_Weight,2.8690704093530224
21440,Normal_Weight,3.3304302467924733
21441,Normal_Weight,0.8748004957014683
21442,Normal_Weight,6.077455079386309
21443,Normal_Weight,4.004672300246779
21444,Normal_Weight,5.99474663253916
21445,Normal_Weight,0.9771848342065692
21446,Normal_Weight,5.566547456352832
21447,Normal_Weight,4.009062848499073
21448,Normal_Weight,3.9541953675232597
21449,Normal_Weight,3.0715059124125275
21450,Normal_Weight,6.224771031753232
21451,Normal_Weight,4.021981772356822
21452,Normal_Weight,3.0115865745686703
21453,Normal_Weight,2.1010751312985216
21454,Normal_Weight,5.2753518005524445
21455,Normal_Weight,3.2105977153087335
21456,Normal_Weight,3.920470686634797
21457,Normal_Weight,5.243824004251076
21458,Normal_Weight,4.030975074768159
21459,Normal_Weight,3.9792654781857406
21460,Normal_Weight,4.778627006692189
21461,Normal_Weight,2.1388809345866857
21462,Normal_Weight,0.07305195602585247
21463,Normal_Weight,3.9957373604856956
21464,Normal_Weight,4.09127216320444
21465,Normal_Weight,4.929134904952018
21466,Normal_Weight,4.647731876860189
21467,Normal_Weight,0.5925697087118524
21468,Normal_Weight,4.179891290285047
21469,Normal_Weight,4.076225179184714
21470,Normal_Weight,1.8914193003831756
21471,Normal_Weight,4.620313333412059
21472,Normal_Weight,3.0841224366269167
21473,Normal_Weight,4.004448521246879
21474,Normal_Weight,5.673442142827696
21475,Normal_Weight,3.1654068804021707
21476,Normal_Weight,1.2749581134337586
21477,Normal_Weight,4.066935503870566
21478,Normal_Weight,2.9887001052728683
21479,Normal_Weight,2.081807086970834
21480,Normal_Weight,2.9805636790030925
21481,Normal_Weight,0.7227420639677826
21482,Normal_Weight,3.3061374194958413
21483,Normal_Weight,3.1106946083896876
21484,Normal_Weight,3.6292067169891955
21485,Normal_Weight,5.183326378002247
21486,Normal_Weight,3.7749490374862553
21487,Normal_Weight,4.028241749111727
21488,Normal_Weight,4.046754191742962
21489,Normal_Weight,0.8091546487439106
21490,Normal_Weight,1.001638993058496
21491,Normal_Weight,0.2718059202221051
21492,Normal_Weight,5.33282115381547
21493,Normal_Weight,0.6090050127292234
21494,Normal_Weight,3.333053834026363
21495,Normal_Weight,4.008375264933307
21496,Normal_Weight,2.8836979315406857
21497,Normal_Weight,1.7544204543412376
21498,Normal_Weight,0.5159450565132199
21499,Normal_Weight,3.880622729330518
21500,Normal_Weight,4.189366350417673
21501,Normal_Weight,4.067708780581698
21502,Normal_Weight,4.00827434264446
21503,Normal_Weight,3.3041835383657054
21504,Normal_Weight,2.8085587076343037
21505,Normal_Weight,3.8807899765527853
21506,Normal_Weight,2.8739611859381027
21507,Normal_Weight,3.3486011869232133
21508,Normal_Weight,3.195298541437916
21509,Normal_Weight,2.9325133963785404
21510,Normal_Weight,4.08318728651057
21511,Normal_Weight,4.009062848499073
21512,Normal_Weight,0.04870394173114963
21513,Normal_Weight,0.45803312955312603
21514,Normal_Weight,1.1656640486326133
21515,Normal_Weight,2.5959265953292454
21516,Normal_Weight,1.6846358511206128
21517,Normal_Weight,4.066697344629149
21518,Normal_Weight,1.752567277020499
21519,Normal_Weight,4.1425081769533065
21520,Normal_Weight,0.2713413698146694
21521,Normal_Weight,4.100761183612783
21522,Normal_Weight,5.283193675463726
21523,Normal_Weight,4.045905946025059
21524,Normal_Weight,3.9203955032333373
21525,Normal_Weight,1.8768078545798978
21526,Normal_Weight,5.140050936824701
21527,Normal_Weight,4.397437635933506
21528,Normal_Weight,4.035389499776057
21529,Normal_Weight,2.2234344812933275
21530,Normal_Weight,0.4288760112324303
21531,Normal_Weight,1.2101642204083867
21532,Normal_Weight,3.3974638663896473
21533,Normal_Weight,3.2792032615558995
21534,Normal_Weight,4.02227223520999
21535,Normal_Weight,3.792898552972689
21536,Normal_Weight,5.720172097727675
21537,Normal_Weight,1.5294379274159091
21538,Normal_Weight,1.5993483070384644
21539,Normal_Weight,5.789562162252756
21540,Normal_Weight,2.887242749305499
21541,Normal_Weight,4.226168827492636
21542,Normal_Weight,4.356686091449965
21543,Normal_Weight,5.010659363078132
21544,Normal_Weight,4.678927340760151
21545,Normal_Weight,5.812323790534058
21546,Normal_Weight,3.9526325900596664
21547,Normal_Weight,2.847300354809714
21548,Normal_Weight,1.453225568607296
21549,Normal_Weight,2.508541052029294
21550,Normal_Weight,4.055996913409169
21551,Normal_Weight,1.8936813933024437
21552,Normal_Weight,0.8629550756435145
21553,Normal_Weight,6.029990168671356
21554,Normal_Weight,3.2115048091472658
21555,Normal_Weight,4.8599666582470515
21556,Normal_Weight,0.6480834472682889
21557,Normal_Weight,4.287511714065096
21558,Normal_Weight,2.048365788550718
21559,Normal_Weight,3.6485151940961558
21560,Normal_Weight,3.2723469081666092
21561,Normal_Weight,5.494315872374354
21562,Normal_Weight,3.2217738086458496
21563,Normal_Weight,4.460414499189171
21564,Normal_Weight,4.087186308132401
21565,Normal_Weight,3.4067227143298626
21566,Normal_Weight,3.1743767438470574
21567,Normal_Weight,2.9432918761566254
21568,Normal_Weight,3.266567741579439
21569,Normal_Weight,6.7616331026807455
21570,Normal_Weight,4.009801543906609
21571,Normal_Weight,4.0773299589412835
21572,Normal_Weight,2.8061161454655066
21573,Normal_Weight,1.3223446506822978
21574,Normal_Weight,3.58136573140134
21575,Normal_Weight,4.006202655382015
21576,Normal_Weight,3.354320811967716
21577,Normal_Weight,2.620805936314456
21578,Normal_Weight,3.7232143133452866
21579,Normal_Weight,5.917982913819509
21580,Normal_Weight,0.1986099496534982
21581,Normal_Weight,4.006171094473254
21582,Normal_Weight,3.3428462864225192
21583,Normal_Weight,0.4178365217680042
21584,Normal_Weight,2.8849978059929935
21585,Normal_Weight,5.0261379253320895
21586,Normal_Weight,3.9016486817601552
21587,Normal_Weight,3.4234037127438794
21588,Normal_Weight,5.122796422472989
21589,Normal_Weight,3.1633631761065724
21590,Normal_Weight,3.955060907076858
21591,Normal_Weight,4.060234301128452
21592,Normal_Weight,4.028241749111727
21593,Normal_Weight,3.100254509268818
21594,Normal_Weight,4.3162156322092775
21595,Normal_Weight,4.0510109495490365
21596,Normal_Weight,3.041635261806605
21597,Normal_Weight,4.817632643738339
21598,Normal_Weight,4.021981772356822
21599,Normal_Weight,2.5358762669640726
21600,Normal_Weight,4.035587659261343
21601,Normal_Weight,4.003632925118131
21602,Normal_Weight,3.678402186157035
21603,Normal_Weight,2.121697540489457
21604,Normal_Weight,3.97297692996841
21605,Normal_Weight,0.8076034229032657
21606,Normal_Weight,0.3583399203948375
21607,Normal_Weight,1.7513820552507808
21608,Normal_Weight,4.144044321962884
21609,Normal_Weight,0.13106615364398755
21610,Normal_Weight,5.441745643963525
21611,Normal_Weight,2.706857667206464
21612,Normal_Weight,4.0340846871400835
21613,Normal_Weight,2.4047565082872056
21614,Normal_Weight,6.3308858867054285
21615,Normal_Weight,2.466718228593659
21616,Normal_Weight,1.8738971220395766
21617,Normal_Weight,0.14409952346644775
21618,Normal_Weight,2.806927040040971
21619,Normal_Weight,0.2358751041921575
21620,Normal_Weight,3.520742092365269
21621,Normal_Weight,6.0909763593818145
21622,Normal_Weight,4.598069482154626
21623,Normal_Weight,2.2021788915811724
21624,Normal_Weight,3.496697418068813
21625,Normal_Weight,2.5583411981625326
21626,Normal_Weight,2.151866819030819
21627,Normal_Weight,3.371728300477941
21628,Normal_Weight,2.5357011971240118
21629,Normal_Weight,6.138338603449343
21630,Normal_Weight,3.1368333049313324
21631,Normal_Weight,0.11700855472443697
21632,Normal_Weight,2.8223378024661834
21633,Normal_Weight,3.708201538405887
21634,Normal_Weight,2.845278386372578
21635,Normal_Weight,2.2766286170080114
21636,Normal_Weight,3.0129600080583065
21637,Normal_Weight,3.9847388809622077
21638,Normal_Weight,5.430577182689683
21639,Normal_Weight,4.050009291995871
21640,Normal_Weight,0.003338062002611848
21641,Normal_Weight,0.6284120691451229
21642,Normal_Weight,5.621153250543745
21643,Normal_Weight,4.2153097348581
21644,Normal_Weight,3.7978079550028947
21645,Normal_Weight,4.031101942228779
21646,Normal_Weight,6.162794148177713
21647,Normal_Weight,1.4331247725756455
21648,Normal_Weight,5.0932193449372605
21649,Normal_Weight,3.8842542866598904
21650,Normal_Weight,5.957559612501804
21651,Normal_Weight,6.292462183390467
21652,Normal_Weight,2.5392677060131783
21653,Normal_Weight,5.158210839326217
21654,Normal_Weight,5.2776428190405245
21655,Normal_Weight,4.559154607315907
21656,Normal_Weight,5.80384059935643
21657,Normal_Weight,2.6046337263546553
21658,Normal_Weight,5.605746747844869
21659,Normal_Weight,2.7283329843675106
21660,Normal_Weight,4.969935298457781
21661,Normal_Weight,3.8874892152384675
21662,Normal_Weight,2.943479097919417
21663,Normal_Weight,3.38367366084665
21664,Normal_Weight,3.475175706366681
21665,Normal_Weight,0.08712424156028424
21666,Normal_Weight,2.709666743112316
21667,Normal_Weight,3.4270457762335855
21668,Normal_Weight,3.8080633322804713
21669,Normal_Weight,3.3951154054753463
21670,Normal_Weight,0.42405285847485374
21671,Normal_Weight,4.847735244432736
21672,Normal_Weight,2.9657876223870407
21673,Normal_Weight,1.7276370914505745
21674,Normal_Weight,5.440077544612843
21675,Normal_Weight,3.1134321982999698
21676,Normal_Weight,2.731560499281902
21677,Normal_Weight,4.034915763947972
21678,Normal_Weight,3.1950570323125955
21679,Normal_Weight,3.21831142583733
21680,Normal_Weight,3.203616074492238
21681,Normal_Weight,0.007884466952025401
21682,Normal_Weight,2.177742718636112
21683,Normal_Weight,3.9723453787487473
21684,Normal_Weight,3.3112976880325515
21685,Normal_Weight,4.683355584717426
21686,Normal_Weight,3.12369951994335
21687,Normal_Weight,2.0105467411455065
21688,Normal_Weight,3.0109835810123626
21689,Normal_Weight,2.7825352661220273
21690,Normal_Weight,4.940220751527062
21691,Normal_Weight,2.439276690399773
21692,Normal_Weight,0.2152485959516329
21693,Normal_Weight,2.0113707496632607
21694,Normal_Weight,2.523880212954287
21695,Normal_Weight,2.2574247104353766
21696,Normal_Weight,0.49223908546694634
21697,Normal_Weight,4.328321424994488
21698,Normal_Weight,1.0418697125887133
21699,Normal_Weight,4.009062848499073
21700,Normal_Weight,1.7164076644518889
21701,Normal_Weight,3.9208267221798736
21702,Normal_Weight,4.009062848499073
21703,Normal_Weight,4.476192526358769
21704,Normal_Weight,5.076214344655528
21705,Normal_Weight,3.0665034375997093
21706,Normal_Weight,1.7560129931652637
21707,Normal_Weight,3.9543465731279466
21708,Normal_Weight,3.18463741141467
21709,Normal_Weight,0.3386049143131712
21710,Normal_Weight,0.1275890436385434
21711,Normal_Weight,4.07122849406073
21712,Normal_Weight,4.78418912473602
21713,Normal_Weight,1.2942328506596177
21714,Normal_Weight,4.901074991442711
21715,Normal_Weight,5.811955464252742
21716,Normal_Weight,1.1171244582039142
21717,Normal_Weight,0.5511558392735283
21718,Normal_Weight,4.721750097195672
21719,Normal_Weight,3.581304767217238
21720,Normal_Weight,3.229764938161581
21721,Normal_Weight,3.980557816987576
21722,Normal_Weight,2.5980042525637375
21723,Normal_Weight,4.028241749111727
21724,Normal_Weight,4.0248419654738745
21725,Normal_Weight,3.196753473475067
21726,Normal_Weight,4.08422418664243
21727,Normal_Weight,3.063134553906204
21728,Normal_Weight,4.030975074768159
21729,Normal_Weight,0.19120240674307895
21730,Normal_Weight,0.15847971818357817
21731,Normal_Weight,0.6375356872588417
21732,Normal_Weight,1.1180059033559437
21733,Normal_Weight,2.5873232281240113
21734,Normal_Weight,0.49716639542551994
21735,Normal_Weight,5.013160021157578
21736,Normal_Weight,3.4945930685130406
21737,Normal_Weight,5.086216853002876
21738,Normal_Weight,5.2167704154281465
21739,Normal_Weight,3.3272097616007787
21740,Normal_Weight,-0.026375437054325133
21741,Normal_Weight,0.28929733670961305
21742,Normal_Weight,3.985395840716663
21743,Normal_Weight,3.2244322807974473
21744,Normal_Weight,0.9427674254853642
21745,Normal_Weight,0.9252723973530994
21746,Normal_Weight,4.754029910429736
21747,Normal_Weight,5.472134771417589
21748,Normal_Weight,5.996883240106719
21749,Normal_Weight,3.2697106902187163
21750,Normal_Weight,2.8350060227799383
21751,Normal_Weight,3.2364002684082642
21752,Normal_Weight,4.161007442659963
21753,Normal_Weight,4.813977929069454
21754,Normal_Weight,3.7336848393721502
21755,Normal_Weight,0.33471641716794387
21756,Normal_Weight,0.3541116877964593
21757,Normal_Weight,0.14192144003865442
21758,Normal_Weight,4.009062848499073
21759,Normal_Weight,4.002751770215225
21760,Normal_Weight,4.194417058562243
21761,Normal_Weight,4.9156418726110305
21762,Normal_Weight,5.946626930315361
21763,Normal_Weight,5.988909093896659
21764,Normal_Weight,4.046754191742962
21765,Normal_Weight,4.017215490234174
21766,Normal_Weight,3.4580988485381723
21767,Normal_Weight,3.013111141468667
21768,Normal_Weight,5.789753352671112
21769,Normal_Weight,1.0090013319744457
21770,Normal_Weight,0.16263736833113981
21771,Normal_Weight,1.3746378926006866
21772,Normal_Weight,3.148118724426545
21773,Normal_Weight,5.36954028669598
21774,Normal_Weight,0.18949532306415837
21775,Normal_Weight,0.9607756161103723
21776,Normal_Weight,4.6656880496020445
21777,Normal_Weight,3.3368728347980765
21778,Normal_Weight,5.154938879498287
21779,Normal_Weight,2.627653162188945
21780,Normal_Weight,4.031101942228779
21781,Normal_Weight,3.332991409768187
21782,Normal_Weight,3.9252067384822955
21783,Normal_Weight,1.438222728775435
21784,Normal_Weight,2.7636086264483195
21785,Normal_Weight,4.028697908807603
21786,Normal_Weight,4.067301395962719
21787,Normal_Weight,1.9776341740497079
21788,Normal_Weight,2.9926524655226414
21789,Normal_Weight,3.1139135138244765
21790,Normal_Weight,3.87578364825651
21791,Normal_Weight,6.062767147068019
21792,Normal_Weight,3.9783054499696595
21793,Normal_Weight,4.799033874183932
21794,Normal_Weight,5.787579878100237
21795,Normal_Weight,1.2777853171651075
21796,Normal_Weight,3.8661976020519297
21797,Normal_Weight,0.5208493755638125
21798,Normal_Weight,1.0259619981257055
21799,Normal_Weight,2.9533916132284475
21800,Normal_Weight,5.381696307825322
21801,Normal_Weight,2.9951300425062906
21802,Normal_Weight,3.260945449081233
21803,Normal_Weight,4.10207857761616
21804,Normal_Weight,3.362479418907213
21805,Normal_Weight,3.005932220836833
21806,Normal_Weight,5.530733043795746
21807,Normal_Weight,4.683263869292788
21808,Normal_Weight,6.773170996971262
21809,Normal_Weight,4.026104941898135
21810,Normal_Weight,5.322410013787368
21811,Normal_Weight,5.766055518945221
21812,Normal_Weight,5.359455393290469
21813,Normal_Weight,0.3788992210524272
21814,Normal_Weight,4.009062848499073
21815,Normal_Weight,0.41410644310428907
21816,Normal_Weight,3.5785726309796915
21817,Normal_Weight,0.3596153573741708
21818,Normal_Weight,4.236918754881443
21819,Normal_Weight,0.10827779098358788
21820,Normal_Weight,4.975339005107092
21821,Normal_Weight,5.762788295121941
21822,Normal_Weight,5.99859930193195
21823,Normal_Weight,5.264051897709815
21824,Normal_Weight,2.829922649253927
21825,Normal_Weight,1.8081762665440961
21826,Normal_Weight,1.0263934842678266
21827,Normal_Weight,5.0313326225975725
21828,Normal_Weight,6.175832596268658
21829,Normal_Weight,0.2585080414412492
21830,Normal_Weight,4.6002847982873964
21831,Normal_Weight,4.100761183612783
21832,Normal_Weight,5.912595281507492
21833,Normal_Weight,0.14988552869738164
21834,Normal_Weight,3.3200563031814667
21835,Normal_Weight,4.483428195277347
21836,Normal_Weight,2.093226880838605
21837,Normal_Weight,4.009062848499073
21838,Normal_Weight,1.1791526126882135
21839,Normal_Weight,4.041179172149246
21840,Normal_Weight,0.4467849532725103
21841,Normal_Weight,4.048023352406119
21842,Normal_Weight,2.370674816410799
21843,Normal_Weight,-0.03306729760430366
21844,Normal_Weight,0.36336658765284985
21845,Normal_Weight,2.0135246524289285
21846,Normal_Weight,0.037158875149690504
21847,Normal_Weight,3.303422805205957
21848,Normal_Weight,4.062215230109735
21849,Normal_Weight,1.9583799775054507
21850,Normal_Weight,3.3577349495298785
21851,Normal_Weight,0.23623941197748843
21852,Normal_Weight,4.17896765852451
21853,Normal_Weight,2.468506780129137
21854,Normal_Weight,4.371764068485778
21855,Normal_Weight,0.17049644748722179
21856,Normal_Weight,4.026301792546678
21857,Normal_Weight,4.756804186233739
21858,Normal_Weight,3.3229428981128475
21859,Normal_Weight,4.07839893204991
21860,Normal_Weight,2.4869535327997996
21861,Normal_Weight,1.0447106981363776
21862,Normal_Weight,2.774075999821672
21863,Normal_Weight,3.748792316451127
21864,Normal_Weight,4.024334872790708
21865,Normal_Weight,4.689088950161282
21866,Normal_Weight,-0.2774531192023641
21867,Normal_Weight,2.602764416803175
21868,Normal_Weight,3.004672065200275
21869,Normal_Weight,3.8120905366954654
21870,Normal_Weight,5.850616271100717
21871,Normal_Weight,3.3405196549478964
21872,Normal_Weight,3.882445108960788
21873,Normal_Weight,4.011427918111401
21874,Normal_Weight,0.4590900063701735
21875,Normal_Weight,2.732666524075072
21876,Normal_Weight,5.614969758766816
21877,Normal_Weight,5.9457755115704884
21878,Normal_Weight,5.892137427824312
21879,Normal_Weight,0.17567903323436068
21880,Normal_Weight,6.573416265806506
21881,Normal_Weight,5.684997816958589
21882,Normal_Weight,6.1427874416367265
21883,Normal_Weight,4.021516460852566
21884,Normal_Weight,3.9958281154979907
21885,Normal_Weight,6.009292621623275
21886,Normal_Weight,4.230880337149105
21887,Normal_Weight,0.30936981002198227
21888,Normal_Weight,4.0248419654738745
21889,Normal_Weight,5.857611902655745
21890,Normal_Weight,3.0201641454732693
21891,Normal_Weight,1.5567157428171885
21892,Normal_Weight,0.45912919423225934
21893,Normal_Weight,4.052912941292213
21894,Normal_Weight,3.4473386480829067
21895,Normal_Weight,3.267543748394272
21896,Normal_Weight,4.2136784267431215
21897,Normal_Weight,0.6580050185422701
21898,Normal_Weight,2.6076066060908745
21899,Normal_Weight,4.150097477989266
21900,Normal_Weight,2.7698110791773027
21901,Normal_Weight,4.009062848499073
21902,Normal_Weight,0.13756722951305458
21903,Normal_Weight,5.84338010539535
21904,Normal_Weight,6.973937555928808
21905,Normal_Weight,4.374707785542745
21906,Normal_Weight,2.5137809363850954
21907,Normal_Weight,3.438872523051074
21908,Normal_Weight,3.3440971852420995
21909,Normal_Weight,4.07839893204991
21910,Normal_Weight,2.5221622199787643
21911,Normal_Weight,0.420903272641676
21912,Normal_Weight,4.098468451389799
21913,Normal_Weight,4.126310930270811
21914,Normal_Weight,3.4933587130104784
21915,Normal_Weight,4.084070536767054
21916,Normal_Weight,4.87329030190809
21917,Normal_Weight,3.2135024170451163
21918,Normal_Weight,0.3271433792189996
21919,Normal_Weight,3.9523368320416252
21920,Normal_Weight,2.39714101599873
21921,Normal_Weight,5.150431672115369
21922,Normal_Weight,5.338503757901847
21923,Normal_Weight,4.900293823305262
21924,Normal_Weight,3.8157608538985697
21925,Normal_Weight,4.009062848499073
21926,Normal_Weight,5.033502776460276
21927,Normal_Weight,4.009062848499073
21928,Normal_Weight,2.7524107620888834
21929,Normal_Weight,2.569786837262998
21930,Normal_Weight,0.18172307161870446
21931,Normal_Weight,5.123997687704409
21932,Normal_Weight,4.0105226755718775
21933,Normal_Weight,6.3412516184416035
21934,Normal_Weight,0.2660431150578146
21935,Normal_Weight,2.2613778489857257
21936,Normal_Weight,0.515441564735441
21937,Normal_Weight,4.0502074160606565
21938,Normal_Weight,4.021981772356822
21939,Normal_Weight,5.752906178359385
21940,Normal_Weight,2.836324442022771
21941,Normal_Weight,0.9275071656045426
21942,Normal_Weight,3.9412151581302037
21943,Normal_Weight,0.6817723653952157
21944,Normal_Weight,4.566540758252251
21945,Normal_Weight,4.006202655382015
21946,Normal_Weight,4.142386722090102
21947,Normal_Weight,0.5260391493023858
21948,Normal_Weight,4.053014168497866
21949,Normal_Weight,3.947200374236584
21950,Normal_Weight,1.2497740723553277
21951,Normal_Weight,4.762127664454952
21952,Normal_Weight,2.81507417544223
21953,Normal_Weight,3.972953753597214
21954,Normal_Weight,5.291945060583659
21955,Normal_Weight,3.5241662095360593
21956,Normal_Weight,3.6944914886296774
21957,Normal_Weight,2.7884403453896573
21958,Normal_Weight,1.1204923609032655
21959,Normal_Weight,0.8708674708417999
21960,Normal_Weight,2.779239452802237
21961,Normal_Weight,4.150544369511854
21962,Normal_Weight,4.0248419654738745
21963,Normal_Weight,2.2089289875805043
21964,Normal_Weight,3.2077177048642014
21965,Normal_Weight,2.5394183692216385
21966,Normal_Weight,5.484540084912044
21967,Normal_Weight,4.492582252071386
21968,Normal_Weight,1.4688754534519715
21969,Normal_Weight,5.062976470456157
21970,Normal_Weight,0.14839825697136932
21971,Normal_Weight,0.3180518874443996
21972,Normal_Weight,4.963898239005749
21973,Normal_Weight,1.3411586961472337
21974,Normal_Weight,4.2976478971892575
21975,Normal_Weight,6.441590963596749
21976,Normal_Weight,5.467867355297536
21977,Normal_Weight,3.4913922783114293
21978,Normal_Weight,0.37679181468952283
21979,Normal_Weight,0.1843748917647768
21980,Normal_Weight,4.01875952064898
21981,Normal_Weight,3.422680790275359
21982,Normal_Weight,6.265362357242703
21983,Normal_Weight,4.011258537962667
21984,Normal_Weight,3.278656687004361
21985,Normal_Weight,2.360027540939258
21986,Normal_Weight,2.7843908918478157
21987,Normal_Weight,5.7279720089380755
21988,Normal_Weight,4.007420612158384
21989,Normal_Weight,5.741760952885273
21990,Normal_Weight,4.669511889852884
21991,Normal_Weight,4.6186968666925425
21992,Normal_Weight,4.4590576157788195
21993,Normal_Weight,2.623011263951003
21994,Normal_Weight,6.106817075343889
21995,Normal_Weight,0.4786168206552384
21996,Normal_Weight,2.845740882267284
21997,Normal_Weight,2.7339188450226994
21998,Normal_Weight,0.37849412549370826
21999,Normal_Weight,3.2207543279371325
22000,Normal_Weight,5.942205059346736
22001,Normal_Weight,3.072503212592772
22002,Normal_Weight,1.5171046800343349
22003,Normal_Weight,3.8676800993462828
22004,Normal_Weight,4.781788536038451
22005,Normal_Weight,0.043792420071950736
22006,Normal_Weight,4.1294645057377535
22007,Normal_Weight,2.887868326299816
22008,Normal_Weight,3.402106206876932
22009,Normal_Weight,3.2726753517023446
22010,Normal_Weight,2.652588968784454
22011,Normal_Weight,4.831739699635022
22012,Normal_Weight,3.348333058221563
22013,Normal_Weight,3.718983248626694
22014,Normal_Weight,2.975748898011889
22015,Normal_Weight,0.24909238074067033
22016,Normal_Weight,3.201169525432586
22017,Normal_Weight,4.07839893204991
22018,Normal_Weight,1.679053191172193
22019,Normal_Weight,0.6716198156510192
22020,Normal_Weight,4.964168126951249
22021,Normal_Weight,1.3569710329376674
22022,Normal_Weight,0.20815557583799693
22023,Normal_Weight,3.2276095713579616
22024,Normal_Weight,5.116192451086202
22025,Normal_Weight,4.032040717220448
22026,Normal_Weight,3.5472757268650748
22027,Normal_Weight,3.3845866673260825
22028,Normal_Weight,0.4317861522549934
22029,Normal_Weight,0.1965457514407699
22030,Normal_Weight,4.042139864490769
22031,Normal_Weight,4.066935503870566
22032,Normal_Weight,2.751779284751137
22033,Normal_Weight,2.7222057986721175
22034,Normal_Weight,0.9383850312257902
22035,Normal_Weight,5.053618548765188
22036,Normal_Weight,3.798644787254176
22037,Normal_Weight,3.3917269757633988
22038,Normal_Weight,1.766444627496966
22039,Normal_Weight,1.2191167466837238
22040,Normal_Weight,3.0768179960709814
22041,Normal_Weight,0.9994012204821227
22042,Normal_Weight,6.214493743670356
22043,Normal_Weight,3.89914433443767
22044,Normal_Weight,3.125022660406981
22045,Normal_Weight,3.5538752405908847
22046,Normal_Weight,0.7067110210971856
22047,Normal_Weight,5.9959674804130865
22048,Normal_Weight,5.725491497568436
22049,Normal_Weight,4.031101942228779
22050,Normal_Weight,3.193650091268891
22051,Normal_Weight,2.7428830340896577
22052,Normal_Weight,2.276120687257269
22053,Normal_Weight,0.6739377435819678
22054,Normal_Weight,5.427482576910406
22055,Normal_Weight,3.221048403278707
22056,Normal_Weight,2.897668833609575
22057,Normal_Weight,2.91870366279821
22058,Normal_Weight,4.448629201395921
22059,Normal_Weight,0.18727329409897456
22060,Normal_Weight,4.147390794044911
22061,Normal_Weight,3.990484253257202
22062,Normal_Weight,2.815267921150811
22063,Normal_Weight,3.2505940762918466
22064,Normal_Weight,3.0071873021705287
22065,Normal_Weight,3.233848794575255
22066,Normal_Weight,2.2700281891026757
22067,Normal_Weight,5.359193386514034
22068,Normal_Weight,2.361064323842256
22069,Normal_Weight,2.434643748371213
22070,Normal_Weight,4.749604334577062
22071,Normal_Weight,2.4492876362844647
22072,Normal_Weight,1.3648473622175787
22073,Normal_Weight,2.9784746874685872
22074,Normal_Weight,2.7275342031834886
22075,Normal_Weight,3.2768009400363125
22076,Normal_Weight,3.290026192714001
22077,Normal_Weight,3.977826789992081
22078,Normal_Weight,2.9168545908130765
22079,Normal_Weight,3.1419951573643665
22080,Normal_Weight,0.5675108234380478
22081,Normal_Weight,4.352090405103595
22082,Normal_Weight,4.123648536092642
22083,Normal_Weight,4.191445339455861
22084,Normal_Weight,-0.046857780289203704
22085,Normal_Weight,5.644100183639824
22086,Normal_Weight,0.09449104839796686
22087,Normal_Weight,5.020928627016631
22088,Normal_Weight,3.307639833359013
22089,Normal_Weight,1.5685860035986834
22090,Normal_Weight,3.9860622718947374
22091,Normal_Weight,0.3905134187777317
22092,Normal_Weight,4.300324244150502
22093,Normal_Weight,5.261976964646676
22094,Normal_Weight,5.254350219574334
22095,Normal_Weight,2.9038244101458845
22096,Normal_Weight,5.261807690102315
22097,Normal_Weight,4.077247753706399
22098,Normal_Weight,0.09849530263918312
22099,Normal_Weight,3.3751072993171243
22100,Normal_Weight,0.26455538791962924
22101,Normal_Weight,3.956558847026449
22102,Normal_Weight,0.26448355235743154
22103,Normal_Weight,0.5003582774751747
22104,Normal_Weight,1.2414752272275031
22105,Normal_Weight,5.1338803769490955
22106,Normal_Weight,2.944697450153797
22107,Normal_Weight,5.619550204934781
22108,Normal_Weight,3.9687571270552264
22109,Normal_Weight,1.6868674623452826
22110,Normal_Weight,4.10522846042286
22111,Normal_Weight,5.861373011903186
22112,Normal_Weight,4.072214939788505
22113,Normal_Weight,5.146948359126959
22114,Normal_Weight,0.4974073917943776
22115,Normal_Weight,0.28009331350339634
22116,Normal_Weight,3.475004734513849
22117,Normal_Weight,4.215113663379693
22118,Normal_Weight,6.579223236496424
22119,Normal_Weight,0.08124788551715766
22120,Normal_Weight,3.926532423192771
22121,Normal_Weight,2.825525944668623
22122,Normal_Weight,0.3447680547638312
22123,Normal_Weight,4.219080907911615
22124,Normal_Weight,3.3301462828821973
22125,Normal_Weight,6.195688624561493
22126,Normal_Weight,2.9826217149472627
22127,Normal_Weight,0.7087848836665528
22128,Normal_Weight,3.0063885889050064
22129,Normal_Weight,3.0547852285914114
22130,Normal_Weight,3.5680945583281374
22131,Normal_Weight,0.9785209207404427
22132,Normal_Weight,4.96088153004411
22133,Normal_Weight,3.3714213703520444
22134,Normal_Weight,0.9934228874328404
22135,Normal_Weight,3.2759482535856166
22136,Normal_Weight,3.9157617506878384
22137,Normal_Weight,0.01423188008073526
22138,Normal_Weight,0.9302892713146911
22139,Normal_Weight,0.05992485725841242
22140,Normal_Weight,2.2794280391435473
22141,Normal_Weight,3.2143718209019436
22142,Normal_Weight,1.32989905861472
22143,Normal_Weight,4.006202655382015
22144,Normal_Weight,4.042139864490769
22145,Normal_Weight,1.1281897631574305
22146,Normal_Weight,4.009062848499073
22147,Normal_Weight,0.9364919550664028
22148,Normal_Weight,4.030975074768159
22149,Normal_Weight,-0.10680846031578191
22150,Normal_Weight,2.9567849966872672
22151,Normal_Weight,2.688792958774645
22152,Normal_Weight,5.050738296373316
22153,Normal_Weight,4.11231847804322
22154,Normal_Weight,5.480715910776867
22155,Normal_Weight,0.13936483035032252
22156,Normal_Weight,1.0525341584983914
22157,Normal_Weight,3.334157382524154
22158,Normal_Weight,4.039382983995919
22159,Normal_Weight,3.9644060011022875
22160,Normal_Weight,1.851786467315498
22161,Normal_Weight,3.8606980472719488
22162,Normal_Weight,0.4421630879404526
22163,Normal_Weight,2.3104883660084377
22164,Normal_Weight,-0.062444282886654594
22165,Normal_Weight,5.228408993984488
22166,Normal_Weight,5.182717710244749
22167,Normal_Weight,4.046934191435193
22168,Normal_Weight,2.8227677478587263
22169,Normal_Weight,3.3692450285339755
22170,Normal_Weight,3.424336407817651
22171,Normal_Weight,4.061318983557612
22172,Normal_Weight,2.1097442401279345
22173,Normal_Weight,3.2729450759720504
22174,Normal_Weight,5.136231737171907
22175,Normal_Weight,0.06134486797946809
22176,Normal_Weight,4.0110731745889145
22177,Normal_Weight,4.07698670378071
22178,Normal_Weight,3.46501355774263
22179,Normal_Weight,4.070330966460207
22180,Normal_Weight,3.4626573682078776
22181,Normal_Weight,5.7264659891350975
22182,Normal_Weight,0.41539045500049654
22183,Normal_Weight,0.8403789427937208
22184,Normal_Weight,3.335318731189168
22185,Normal_Weight,4.031101942228779
22186,Normal_Weight,4.028241749111727
22187,Normal_Weight,0.3446987434611206
22188,Normal_Weight,0.40975691013816473
22189,Normal_Weight,4.025021389016951
22190,Normal_Weight,3.4661372443450924
22191,Normal_Weight,0.6151098738271986
22192,Normal_Weight,2.5083323273117686
22193,Normal_Weight,1.1249795443997945
22194,Normal_Weight,4.009062848499073
22195,Normal_Weight,5.489932208059204
22196,Normal_Weight,4.013911574188344
22197,Normal_Weight,2.342720768414178
22198,Normal_Weight,0.7755794358757265
22199,Normal_Weight,6.171121119034698
22200,Normal_Weight,4.446377496595545
22201,Normal_Weight,3.00915653585968
22202,Normal_Weight,0.2189110672937179
22203,Normal_Weight,4.581980541326495
22204,Normal_Weight,3.600523180887583
22205,Normal_Weight,3.9783054499696595
22206,Normal_Weight,5.421511299376092
22207,Normal_Weight,4.04997800475392
22208,Normal_Weight,3.7821798091017027
22209,Normal_Weight,1.2649734504906993
22210,Normal_Weight,4.07839893204991
22211,Normal_Weight,4.023133666520536
22212,Normal_Weight,3.9625263329948535
22213,Normal_Weight,2.6650457878053406
22214,Normal_Weight,4.009062848499073
22215,Normal_Weight,0.5816309961573949
22216,Normal_Weight,3.085104040648748
22217,Normal_Weight,0.8412091819825451
22218,Normal_Weight,4.688772199467631
22219,Normal_Weight,2.2240790430476074
22220,Normal_Weight,2.99222137644706
22221,Normal_Weight,2.988352097190978
22222,Normal_Weight,4.040523530653383
22223,Normal_Weight,4.047769196436392
22224,Normal_Weight,0.351412039331617
22225,Normal_Weight,5.573033746648931
22226,Normal_Weight,4.009062848499073
22227,Normal_Weight,1.7528668888258114
22228,Normal_Weight,2.3427598278203177
22229,Normal_Weight,3.2746870703495037
22230,Normal_Weight,5.625741772945636
22231,Normal_Weight,4.01433156275229
22232,Normal_Weight,0.23778646243704432
22233,Normal_Weight,0.7713158864154139
22234,Normal_Weight,2.3161455568837197
22235,Normal_Weight,2.901388394950131
22236,Normal_Weight,4.009062848499073
22237,Normal_Weight,2.0667828208297507
22238,Normal_Weight,1.72475497729731
22239,Normal_Weight,3.858646953505057
22240,Normal_Weight,1.3141246721575548
22241,Normal_Weight,4.031101942228779
22242,Normal_Weight,3.818200978786952
22243,Normal_Weight,2.8433095681439564
22244,Normal_Weight,4.050444438233982
22245,Normal_Weight,3.967150283154216
22246,Normal_Weight,4.013911574188344
22247,Normal_Weight,5.154111267065259
22248,Normal_Weight,3.46772111177566
22249,Normal_Weight,3.940506665493617
22250,Normal_Weight,1.2034275162870771
22251,Normal_Weight,5.402322966334015
22252,Normal_Weight,0.43139688818335775
22253,Normal_Weight,3.262966967681596
22254,Normal_Weight,3.1941114434312006
22255,Normal_Weight,2.997287479706845
22256,Normal_Weight,1.025004841963172
22257,Normal_Weight,5.115359281172889
22258,Normal_Weight,4.851439570190078
22259,Normal_Weight,4.983648068270683
22260,Normal_Weight,3.422768567512723
22261,Normal_Weight,2.655830503915835
22262,Normal_Weight,3.0048832106474377
22263,Normal_Weight,2.6087635357901684
22264,Normal_Weight,4.861138232470895
22265,Normal_Weight,1.3885249399520034
22266,Normal_Weight,2.9898794711886088
22267,Normal_Weight,1.201446048362659
22268,Normal_Weight,5.124072688608736
22269,Normal_Weight,0.1353007798156886
22270,Normal_Weight,0.004309625191140663
22271,Normal_Weight,3.866918229831876
22272,Normal_Weight,3.056489121413651
22273,Normal_Weight,1.1884393137004972
22274,Normal_Weight,3.344909372347631
22275,Normal_Weight,0.5181167891430006
22276,Normal_Weight,1.9217167250826406
22277,Normal_Weight,0.40078867908684895
22278,Normal_Weight,3.3424874873922494
22279,Normal_Weight,4.64374387771121
22280,Normal_Weight,0.2323073817378075
22281,Normal_Weight,2.979940974625078
22282,Normal_Weight,1.4162623417035478
22283,Normal_Weight,5.216965151077609
22284,Normal_Weight,4.532167089424813
22285,Normal_Weight,4.80927500717465
22286,Normal_Weight,3.2148346813508146
22287,Normal_Weight,4.066935503870566
22288,Normal_Weight,4.009062848499073
22289,Normal_Weight,3.048870391460628
22290,Normal_Weight,3.3491459903087923
22291,Normal_Weight,2.9461479563273945
22292,Normal_Weight,4.031101942228779
22293,Normal_Weight,4.078005155859001
22294,Normal_Weight,2.4334688621516083
22295,Normal_Weight,5.995929187935372
22296,Normal_Weight,0.5930871702779562
22297,Normal_Weight,5.560887151154782
22298,Normal_Weight,3.931547181047842
22299,Normal_Weight,3.8150086842369277
22300,Normal_Weight,2.834832259890687
22301,Normal_Weight,0.7813340684510212
22302,Normal_Weight,0.3160370556207117
22303,Normal_Weight,3.9755813603586727
22304,Normal_Weight,3.1575497488517925
22305,Normal_Weight,6.018119767089989
22306,Normal_Weight,2.6861534994455645
22307,Normal_Weight,2.237815625763661
22308,Normal_Weight,0.5014665129023935
22309,Normal_Weight,1.5594105408042584
22310,Normal_Weight,1.2065237292211
22311,Normal_Weight,2.7075556067691413
22312,Normal_Weight,2.999122690774397
22313,Normal_Weight,5.3429362985872215
22314,Normal_Weight,3.9928374155570303
22315,Normal_Weight,4.557227474629366
22316,Normal_Weight,0.801500409472477
22317,Normal_Weight,2.2755117123854682
22318,Normal_Weight,1.9888131641306264
22319,Normal_Weight,3.297101974240424
22320,Normal_Weight,4.083754976867284
22321,Normal_Weight,4.966199821830672
22322,Normal_Weight,4.436571021308677
22323,Normal_Weight,0.4433536647605533
22324,Normal_Weight,0.21411082084175617
22325,Normal_Weight,4.0176323298159335
22326,Normal_Weight,0.20601960758161075
22327,Normal_Weight,2.9765594879204618
22328,Normal_Weight,5.235185410769378
22329,Normal_Weight,0.29734434945483973
22330,Normal_Weight,5.623443285582918
22331,Normal_Weight,2.180560499165691
22332,Normal_Weight,3.8852464350348295
22333,Normal_Weight,4.863667145177091
22334,Normal_Weight,0.5116569748147581
22335,Normal_Weight,1.815623156848073
22336,Normal_Weight,2.435377300870141
22337,Normal_Weight,5.002142791645135
22338,Normal_Weight,3.995110440290836
22339,Normal_Weight,4.0565801156108074
22340,Normal_Weight,4.091005796922331
22341,Normal_Weight,1.8018870796865252
22342,Normal_Weight,3.1441008364616922
22343,Normal_Weight,0.16391904615938524
22344,Normal_Weight,5.660443709004195
22345,Normal_Weight,4.526683669767384
22346,Normal_Weight,3.327066103632394
22347,Normal_Weight,4.009062848499073
22348,Normal_Weight,4.915964768527131
22349,Normal_Weight,4.916653528112905
22350,Normal_Weight,2.5715807527984316
22351,Normal_Weight,4.0264876149765865
22352,Normal_Weight,6.049744414311502
22353,Normal_Weight,3.2137327973413745
22354,Normal_Weight,-0.10310157051447912
22355,Normal_Weight,3.3538686201637136
22356,Normal_Weight,3.98984089919666
22357,Normal_Weight,-0.5016452636167487
22358,Normal_Weight,4.066935503870566
22359,Normal_Weight,2.8584683916929765
22360,Normal_Weight,2.99195526075655
22361,Normal_Weight,4.006202655382015
22362,Normal_Weight,5.979075880196864
22363,Normal_Weight,6.069469796707995
22364,Normal_Weight,5.288740297373127
22365,Normal_Weight,5.488779291127924
22366,Normal_Weight,3.6673368305392557
22367,Normal_Weight,1.6555820703976214
22368,Normal_Weight,4.20339812340309
22369,Normal_Weight,0.5215287207131278
22370,Normal_Weight,4.408189386966023
22371,Normal_Weight,5.629786081923762
22372,Normal_Weight,5.594319968693298
22373,Normal_Weight,2.7027048879362097
22374,Normal_Weight,2.3653397860927527
22375,Normal_Weight,4.109634405584888
22376,Normal_Weight,3.0965059687509036
22377,Normal_Weight,3.658016458993249
22378,Normal_Weight,2.0807290111234416
22379,Normal_Weight,4.123413360518615
22380,Normal_Weight,4.264839288694276
22381,Normal_Weight,0.08605664766216269
22382,Normal_Weight,2.6331913595359926
22383,Normal_Weight,4.25985318175884
22384,Normal_Weight,2.257636294835036
22385,Normal_Weight,4.010757998721402
22386,Normal_Weight,3.8997833386403356
22387,Normal_Weight,4.184297608534934
22388,Normal_Weight,4.918112353517853
22389,Normal_Weight,4.081552507516853
22390,Normal_Weight,3.6668668818265457
22391,Normal_Weight,5.7284426742855485
22392,Normal_Weight,1.3309871022934394
22393,Normal_Weight,5.913834777342916
22394,Normal_Weight,3.132147289570505
22395,Normal_Weight,1.401889546577986
22396,Normal_Weight,5.381378216694319
22397,Normal_Weight,0.2179351920549298
22398,Normal_Weight,0.9382713439031631
22399,Normal_Weight,0.3755090365478836
22400,Normal_Weight,0.5584732096762449
22401,Normal_Weight,0.7183568502625896
22402,Normal_Weight,2.540917425378641
22403,Normal_Weight,0.5322061179349892
22404,Normal_Weight,5.847802309017107
22405,Normal_Weight,3.561205997616651
22406,Normal_Weight,4.021981772356822
22407,Normal_Weight,1.7778366977633986
22408,Normal_Weight,2.6570168834622465
22409,Normal_Weight,3.8814167549369056
22410,Normal_Weight,4.9744058351140925
22411,Normal_Weight,4.486651962934817
22412,Normal_Weight,3.1780489569683446
22413,Normal_Weight,5.618481385607519
22414,Normal_Weight,2.9145015891401695
22415,Normal_Weight,0.9420961879725338
22416,Normal_Weight,4.100761183612783
22417,Normal_Weight,1.2563815769632187
22418,Normal_Weight,5.604863792424684
22419,Normal_Weight,3.2406145714855406
22420,Normal_Weight,3.3843179038156443
22421,Normal_Weight,2.638438365855448
22422,Normal_Weight,3.316662843173853
22423,Normal_Weight,5.416617345337939
22424,Normal_Weight,2.4810693169454425
22425,Normal_Weight,2.620772821088624
22426,Normal_Weight,4.009062848499073
22427,Normal_Weight,3.430919010290941
22428,Normal_Weight,4.111933117373914
22429,Normal_Weight,2.917383546862261
22430,Normal_Weight,2.9912157099316756
22431,Normal_Weight,4.967955314399622
22432,Normal_Weight,4.675371783155408
22433,Normal_Weight,4.229236455684934
22434,Normal_Weight,2.5086749993143953
22435,Normal_Weight,-0.12497029942346381
22436,Normal_Weight,5.992574672913952
22437,Normal_Weight,2.9367322783820917
22438,Normal_Weight,0.18412835149767903
22439,Normal_Weight,4.006202655382015
22440,Normal_Weight,0.05283164326724939
22441,Normal_Weight,6.053443927527346
22442,Normal_Weight,0.7038618674283248
22443,Normal_Weight,0.5528306688718021
22444,Normal_Weight,2.7395531800367197
22445,Normal_Weight,0.29979348753313023
22446,Normal_Weight,4.056303662216661
22447,Normal_Weight,3.6817938514193056
22448,Normal_Weight,6.134396686763799
22449,Normal_Weight,4.7931188416384956
22450,Normal_Weight,4.044058768872489
22451,Normal_Weight,4.657877121802721
22452,Normal_Weight,3.007201835830725
22453,Normal_Weight,3.9545609420244756
22454,Normal_Weight,0.3722192751414847
22455,Normal_Weight,4.04229570005733
22456,Normal_Weight,5.1365929152506835
22457,Normal_Weight,1.282399104856188
22458,Normal_Weight,6.059184986341618
22459,Normal_Weight,4.039570134226885
22460,Normal_Weight,2.8765046082949577
22461,Normal_Weight,5.954526433284349
22462,Normal_Weight,3.263622161224867
22463,Normal_Weight,3.4922856359340253
22464,Normal_Weight,2.7454328316017964
22465,Normal_Weight,5.19714116296684
22466,Normal_Weight,4.202796265561454
22467,Normal_Weight,4.064912311777546
22468,Normal_Weight,2.053932769390873
22469,Normal_Weight,4.429344745660825
22470,Normal_Weight,5.266853342670512
22471,Normal_Weight,3.3086977763666043
22472,Normal_Weight,3.068545897628191
22473,Normal_Weight,4.006202655382015
22474,Normal_Weight,0.5006821534682747
22475,Normal_Weight,4.056979108799698
22476,Normal_Weight,4.011427918111401
22477,Normal_Weight,0.26604353755457755
22478,Normal_Weight,2.734917558210077
22479,Normal_Weight,5.79576590535583
22480,Normal_Weight,3.0205817528231527
22481,Normal_Weight,5.973748411840191
22482,Normal_Weight,0.0806331233969305
22483,Normal_Weight,0.5937306250499889
22484,Normal_Weight,3.6702447237219373
22485,Normal_Weight,5.32982330976029
22486,Normal_Weight,2.2532872555971104
22487,Normal_Weight,3.9874546644417945
22488,Normal_Weight,4.143227115108426
22489,Normal_Weight,4.008375264933307
22490,Normal_Weight,2.562912533490998
22491,Normal_Weight,4.640106700835613
22492,Normal_Weight,5.68070155512064
22493,Normal_Weight,4.042139864490769
22494,Normal_Weight,2.4399621475864723
22495,Normal_Weight,2.7630444295884624
22496,Normal_Weight,3.992123395806721
22497,Normal_Weight,2.6077020800048767
22498,Normal_Weight,6.17682272062504
22499,Normal_Weight,5.513477810878688
22500,Normal_Weight,0.682440451739259
22501,Normal_Weight,0.30125244994301986
22502,Normal_Weight,4.834746780511715
22503,Normal_Weight,5.380514173192667
22504,Normal_Weight,2.7556440301660143
22505,Normal_Weight,3.8325619150982413
22506,Normal_Weight,0.33603099994682384
22507,Normal_Weight,4.60152043789762
22508,Normal_Weight,5.919187197501063
22509,Normal_Weight,3.4289224041931963
22510,Normal_Weight,4.885554337889179
22511,Normal_Weight,4.006202655382015
22512,Normal_Weight,4.1659415510422075
22513,Normal_Weight,4.967041826678628
22514,Normal_Weight,5.436613411749633
22515,Normal_Weight,4.1659415510422075
22516,Normal_Weight,1.0149614388411303
22517,Normal_Weight,4.031101942228779
22518,Normal_Weight,4.013464682665757
22519,Normal_Weight,0.14701537392510863
22520,Normal_Weight,3.964483579022985
22521,Normal_Weight,0.3794226157595819
22522,Normal_Weight,0.6820439343489575
22523,Normal_Weight,3.372319051397249
22524,Normal_Weight,2.3951940592415277
22525,Normal_Weight,2.1092096715449347
22526,Normal_Weight,3.3340483059023427
22527,Normal_Weight,3.1712175629043418
22528,Normal_Weight,4.046754191742962
22529,Normal_Weight,3.898329840171802
22530,Normal_Weight,3.8587726315992774
22531,Normal_Weight,3.249686016158878
22532,Normal_Weight,3.076311011985617
22533,Normal_Weight,3.952578337138599
22534,Normal_Weight,6.052039754448839
22535,Normal_Weight,-0.03905272502797967
22536,Normal_Weight,2.158880506779489
22537,Normal_Weight,2.79058742149162
22538,Normal_Weight,2.6031981195795377
22539,Normal_Weight,3.133778432434741
22540,Normal_Weight,0.9167383144830172
22541,Normal_Weight,3.883457223089414
22542,Normal_Weight,3.178665513659855
22543,Normal_Weight,3.402638900440822
22544,Normal_Weight,4.538524225646093
22545,Normal_Weight,3.898329840171802
22546,Normal_Weight,0.17233492484824267
22547,Normal_Weight,4.035615042275319
22548,Normal_Weight,5.49579526128432
22549,Normal_Weight,5.168954978548642
22550,Normal_Weight,0.2983488864417102
22551,Normal_Weight,3.220229830942796
22552,Normal_Weight,0.84704518394389
22553,Normal_Weight,5.5008037962307474
22554,Normal_Weight,4.010150476897794
22555,Normal_Weight,4.1417631787076905
22556,Normal_Weight,5.814933835367953
22557,Normal_Weight,5.42034747200092
22558,Normal_Weight,0.15894945365178417
22559,Normal_Weight,0.38354591644429215
22560,Normal_Weight,4.006202655382015
22561,Normal_Weight,4.0248419654738745
22562,Normal_Weight,2.9892497861979743
22563,Normal_Weight,5.700562558749506
22564,Normal_Weight,4.035587659261343
22565,Normal_Weight,2.4390457477162215
22566,Normal_Weight,4.0327548491582625
22567,Normal_Weight,3.144620246155447
22568,Normal_Weight,1.2617407617566276
22569,Normal_Weight,4.029214328123948
22570,Normal_Weight,4.873389865152698
22571,Normal_Weight,0.539963721342928
22572,Normal_Weight,1.524480672752348
22573,Normal_Weight,6.165265357671348
22574,Normal_Weight,5.5732979803643055
22575,Normal_Weight,0.009782255403568328
22576,Normal_Weight,4.827762925365478
22577,Normal_Weight,0.20297142096829154
22578,Normal_Weight,3.378766978207529
22579,Normal_Weight,3.37811670597666
22580,Normal_Weight,3.2541728598584143
22581,Normal_Weight,4.681275522979923
22582,Normal_Weight,4.06019190992482
22583,Normal_Weight,2.3605405992302377
22584,Normal_Weight,4.114772916345911
22585,Normal_Weight,5.396086435362167
22586,Normal_Weight,3.2142421834014976
22587,Normal_Weight,3.5697893515363903
22588,Normal_Weight,2.963089570682904
22589,Normal_Weight,3.364916032371221
22590,Normal_Weight,2.2420894145670247
22591,Normal_Weight,4.028241749111727
22592,Normal_Weight,3.628012830461712
22593,Normal_Weight,1.041786059790574
22594,Normal_Weight,0.3809031222534889
22595,Normal_Weight,4.5305749366368495
22596,Normal_Weight,2.9099983519819177
22597,Normal_Weight,5.435797114142113
22598,Normal_Weight,5.052880092092184
22599,Normal_Weight,3.1341615910464307
22600,Normal_Weight,3.1683712356454614
22601,Normal_Weight,5.070450283422442
22602,Normal_Weight,3.078406628765291
22603,Normal_Weight,4.031101942228779
22604,Normal_Weight,4.008480209288523
22605,Normal_Weight,4.905698005341249
22606,Normal_Weight,0.28674264849535486
22607,Normal_Weight,3.097726681946095
22608,Normal_Weight,-0.03309388904043514
22609,Normal_Weight,-0.20275281913924575
22610,Normal_Weight,5.144283124780644
22611,Normal_Weight,2.121182674526052
22612,Normal_Weight,3.314614625445639
22613,Normal_Weight,1.1570925785771249
22614,Normal_Weight,3.9134785403054138
22615,Normal_Weight,-0.10882708828314874
22616,Normal_Weight,3.9783054499696595
22617,Normal_Weight,3.4431961047364794
22618,Normal_Weight,1.375319332181163
22619,Normal_Weight,2.458295371710861
22620,Normal_Weight,4.046227959037736
22621,Normal_Weight,4.047765938869631
22622,Normal_Weight,3.9783054499696595
22623,Normal_Weight,3.3361621618241157
22624,Normal_Weight,5.106202433289211
22625,Normal_Weight,3.7601121709267855
22626,Normal_Weight,0.057758965700431264
22627,Normal_Weight,3.9913604773334788
22628,Normal_Weight,4.8615430791359175
22629,Normal_Weight,0.27084530522019584
22630,Normal_Weight,3.04089124764981
22631,Normal_Weight,4.965031345266162
22632,Normal_Weight,5.963821130260123
22633,Normal_Weight,2.6673712700510546
22634,Normal_Weight,0.25761258791122454
22635,Normal_Weight,0.024198067074512785
22636,Normal_Weight,1.1605947901875884
22637,Normal_Weight,4.161454334182551
22638,Normal_Weight,4.518903446373543
22639,Normal_Weight,6.445730044891574
22640,Normal_Weight,0.9295445701620654
22641,Normal_Weight,2.431394889030603
22642,Normal_Weight,3.036285794484377
22643,Normal_Weight,1.926277636067439
22644,Normal_Weight,3.0892178998314064
22645,Normal_Weight,2.7409428175122583
22646,Normal_Weight,0.1414882405983159
22647,Normal_Weight,0.20323701349780932
22648,Normal_Weight,0.5716408242217322
22649,Normal_Weight,5.6970980333276655
22650,Normal_Weight,3.9805498151329206
22651,Normal_Weight,3.0573502435772975
22652,Normal_Weight,0.8617184963659613
22653,Normal_Weight,1.186964532646005
22654,Normal_Weight,5.852992845107383
22655,Normal_Weight,1.543528144273442
22656,Normal_Weight,3.1305527107037134
22657,Normal_Weight,5.265119224311817
22658,Normal_Weight,3.5723525629909907
22659,Normal_Weight,3.3822044790321484
22660,Normal_Weight,2.567263130679036
22661,Normal_Weight,3.4804078898782245
22662,Normal_Weight,2.871400519089868
22663,Normal_Weight,4.021981772356822
22664,Normal_Weight,4.042139864490769
22665,Normal_Weight,3.138105094716086
22666,Normal_Weight,4.021981772356822
22667,Normal_Weight,4.6174532386367
22668,Normal_Weight,1.5836799671857742
22669,Normal_Weight,1.0839726026562844
22670,Normal_Weight,1.667490743919289
22671,Normal_Weight,4.039107492448397
22672,Normal_Weight,3.15713141284126
22673,Normal_Weight,0.12841077805054543
22674,Normal_Weight,3.460404192748681
22675,Normal_Weight,4.687843138683892
22676,Normal_Weight,2.8942501395902336
22677,Normal_Weight,1.1680119968240985
22678,Normal_Weight,5.711348650522257
22679,Normal_Weight,4.0248419654738745
22680,Normal_Weight,1.6604951578271332
22681,Normal_Weight,3.985961225818701
22682,Normal_Weight,2.752262700386071
22683,Normal_Weight,4.006202655382015
22684,Normal_Weight,4.16398931386188
22685,Normal_Weight,5.25236873752052
22686,Normal_Weight,4.909514321140177
22687,Normal_Weight,4.912228141568772
22688,Normal_Weight,3.73918666656266
22689,Normal_Weight,5.123067552218002
22690,Normal_Weight,0.8575340560664609
22691,Normal_Weight,0.3393267295147359
22692,Normal_Weight,4.876350240957834
22693,Normal_Weight,5.93658888146227
22694,Normal_Weight,5.002858979767572
22695,Normal_Weight,1.57498393517835
22696,Normal_Weight,1.272809500128752
22697,Normal_Weight,3.498628910460117
22698,Normal_Weight,1.2861238921957916
22699,Normal_Weight,0.7504362700049066
22700,Normal_Weight,3.987838703519921
22701,Normal_Weight,0.7730200903099803
22702,Normal_Weight,1.3320456152826172
22703,Normal_Weight,4.0248419654738745
22704,Normal_Weight,3.276069737490703
22705,Normal_Weight,3.8705178726702956
22706,Normal_Weight,2.924616725021154
22707,Normal_Weight,0.5722002190111649
22708,Normal_Weight,1.21451934899162
22709,Normal_Weight,2.320829541136439
22710,Normal_Weight,3.378632503836919
22711,Normal_Weight,4.020749750937174
22712,Normal_Weight,5.437233238970367
22713,Normal_Weight,5.524589129625115
22714,Normal_Weight,4.201575582668301
22715,Normal_Weight,0.5151118171677246
22716,Normal_Weight,3.869478715071489
22717,Normal_Weight,3.3391746479743545
22718,Normal_Weight,2.136791215355134
22719,Normal_Weight,5.332969123337184
22720,Normal_Weight,3.998880491994548
22721,Normal_Weight,5.622332672455468
22722,Normal_Weight,2.4857549711557896
22723,Normal_Weight,1.8946861009247893
22724,Normal_Weight,4.009062848499073
22725,Normal_Weight,1.9034066584420903
22726,Normal_Weight,0.9508898452454786
22727,Normal_Weight,4.201701623283162
22728,Normal_Weight,4.597250801940277
22729,Normal_Weight,5.00763213609598
22730,Normal_Weight,3.8290077383795076
22731,Normal_Weight,4.003632925118131
22732,Normal_Weight,5.418924281075094
22733,Normal_Weight,2.7372446820617693
22734,Normal_Weight,4.873972059033367
22735,Normal_Weight,1.3859274241098813
22736,Normal_Weight,3.0343918777071752
22737,Normal_Weight,0.08558509964542624
22738,Normal_Weight,3.2846397639841665
22739,Normal_Weight,0.19737401516532194
22740,Normal_Weight,5.197128534576997
22741,Normal_Weight,3.1963262404844874
22742,Normal_Weight,3.065434773809201
22743,Normal_Weight,0.3069618338234281
22744,Normal_Weight,5.052857149991187
22745,Normal_Weight,1.2976537806514534
22746,Normal_Weight,3.2247877414521207
22747,Normal_Weight,1.2141448918598605
22748,Normal_Weight,3.389424539161828
22749,Normal_Weight,2.6892518070685534
22750,Normal_Weight,3.1968024941584625
22751,Normal_Weight,5.4597980403579225
22752,Normal_Weight,3.4511818612083522
22753,Normal_Weight,4.0256720188478425
22754,Normal_Weight,4.035615042275319
22755,Normal_Weight,4.006202655382015
22756,Normal_Weight,1.9835752309613557
22757,Normal_Weight,2.62244621419702
22758,Normal_Weight,4.642069262060287
22759,Normal_Weight,3.391169113661604
22760,Normal_Weight,4.628157808011665
22761,Normal_Weight,3.0275421529919266
22762,Normal_Weight,3.113576915332397
22763,Normal_Weight,1.8986817270355443
22764,Normal_Weight,4.303815932742586
22765,Normal_Weight,4.009062848499073
22766,Normal_Weight,4.228160164952901
22767,Normal_Weight,3.2133084428793515
22768,Normal_Weight,3.216523111964735
22769,Normal_Weight,2.5344231714229384
22770,Normal_Weight,0.28513157443669146
22771,Normal_Weight,3.95581280748598
22772,Normal_Weight,5.884613309208705
22773,Normal_Weight,1.8748725094994474
22774,Normal_Weight,3.12064170880555
22775,Normal_Weight,6.306211028703089
22776,Normal_Weight,3.6157492703753027
22777,Normal_Weight,1.015068735141619
22778,Normal_Weight,4.015397205204579
22779,Normal_Weight,5.230337685705015
22780,Normal_Weight,4.14953990075093
22781,Normal_Weight,3.0896753257563176
22782,Normal_Weight,2.24132452185657
22783,Normal_Weight,2.690861934393566
22784,Normal_Weight,3.9691030548779898
22785,Normal_Weight,5.471794340598947
22786,Normal_Weight,5.818623421418337
22787,Normal_Weight,5.549624182834984
22788,Normal_Weight,4.009080894923368
22789,Normal_Weight,5.924014232498542
22790,Normal_Weight,5.430312574343329
22791,Normal_Weight,5.663212026475275
22792,Normal_Weight,3.911062673831027
22793,Normal_Weight,0.4547311824088402
22794,Normal_Weight,5.229511756887675
22795,Normal_Weight,5.436996632095651
22796,Normal_Weight,3.347156550933907
22797,Normal_Weight,5.018201184918764
22798,Normal_Weight,5.306704981642296
22799,Normal_Weight,4.166358390623968
22800,Normal_Weight,0.9764615394024052
22801,Normal_Weight,0.18982085636250293
22802,Normal_Weight,5.734456078079764
22803,Normal_Weight,4.492032919613979
22804,Normal_Weight,0.09859702303045494
22805,Normal_Weight,3.1094538034047856
22806,Normal_Weight,4.682149889373787
22807,Normal_Weight,6.0001191662179
22808,Normal_Weight,3.036809193035923
22809,Normal_Weight,2.835831889819505
22810,Normal_Weight,4.009374182687803
22811,Normal_Weight,3.592253854190864
22812,Normal_Weight,3.1902835808499184
22813,Normal_Weight,4.060737675846891
22814,Normal_Weight,4.814359876166363
22815,Normal_Weight,5.278632931055199
22816,Normal_Weight,2.8929560470962534
22817,Normal_Weight,2.9496059950456712
22818,Normal_Weight,5.041882107612555
22819,Normal_Weight,4.2130181194083445
22820,Normal_Weight,3.0947832973174645
22821,Normal_Weight,5.52280775416866
22822,Normal_Weight,0.5608387896196052
22823,Normal_Weight,4.053014168497866
22824,Normal_Weight,4.5240354650666355
22825,Normal_Weight,4.011427918111401
22826,Normal_Weight,2.0023709788410216
22827,Normal_Weight,5.3254266941517345
22828,Normal_Weight,4.009062848499073
22829,Normal_Weight,3.32416443871701
22830,Normal_Weight,0.3252570057592589
22831,Normal_Weight,6.1905541059409614
22832,Normal_Weight,3.300520087530156
22833,Normal_Weight,5.695787340360447
22834,Normal_Weight,4.009062848499073
22835,Normal_Weight,2.8467700666023767
22836,Normal_Weight,4.029571587093545
22837,Normal_Weight,0.08959264695421348
22838,Normal_Weight,0.8221255792587895
22839,Normal_Weight,4.202778390514204
22840,Normal_Weight,3.3988016831196535
22841,Normal_Weight,3.00617826097711
22842,Normal_Weight,2.44439180945657
22843,Normal_Weight,0.16897176228040212
22844,Normal_Weight,0.35808141482627925
22845,Normal_Weight,0.10878380486204416
22846,Normal_Weight,0.9114712762768176
22847,Normal_Weight,4.617574034788081
22848,Normal_Weight,1.2348379906632032
22849,Normal_Weight,4.028532211964895
22850,Normal_Weight,-0.06665966442622738
22851,Normal_Weight,5.144820412688636
22852,Normal_Weight,6.2282780445177375
22853,Normal_Weight,1.8686103591834096
22854,Normal_Weight,4.091603707426997
22855,Normal_Weight,3.0362035633891846
22856,Normal_Weight,2.249906489010201
22857,Normal_Weight,6.872555362438135
22858,Normal_Weight,2.5574584640015643
22859,Normal_Weight,5.898105483338181
22860,Normal_Weight,3.036918015276197
22861,Normal_Weight,1.8745167388046724
22862,Normal_Weight,3.0245907231439344
22863,Normal_Weight,3.236885046106478
22864,Normal_Weight,0.6590733962279032
22865,Normal_Weight,4.05854455010871
22866,Normal_Weight,3.265167724532079
22867,Normal_Weight,4.8413393904886375
22868,Normal_Weight,4.71828257079604
22869,Normal_Weight,4.031101942228779
22870,Normal_Weight,4.1564846417688175
22871,Normal_Weight,0.3438151715900466
22872,Normal_Weight,5.247481506915344
22873,Normal_Weight,0.14932169900260783
22874,Normal_Weight,4.047827448133766
22875,Normal_Weight,2.682770223902104
22876,Normal_Weight,3.371852200497056
22877,Normal_Weight,4.013328395119469
22878,Normal_Weight,0.10478555590708026
22879,Normal_Weight,0.9428559256876277
22880,Normal_Weight,5.238882644705006
22881,Normal_Weight,5.435455823899378
22882,Normal_Weight,2.345137618334763
22883,Normal_Weight,2.1076294320608553
22884,Normal_Weight,4.009080894923368
22885,Normal_Weight,3.3646283609039838
22886,Normal_Weight,0.0018159894790243142
22887,Normal_Weight,5.630708664012388
22888,Normal_Weight,0.48047556281323966
22889,Normal_Weight,1.9397888941273962
22890,Normal_Weight,2.6207780531539
22891,Normal_Weight,4.028241749111727
22892,Normal_Weight,1.3827897417600863
22893,Normal_Weight,3.171487856274266
22894,Normal_Weight,0.2511993231950173
22895,Normal_Weight,3.610285419794738
22896,Normal_Weight,3.9753630316328947
22897,Normal_Weight,0.40277064678355
22898,Normal_Weight,0.2889326596638156
22899,Normal_Weight,1.5395375019801294
22900,Normal_Weight,2.7194322874949
22901,Normal_Weight,3.3103976584383905
22902,Normal_Weight,1.0844562410540495
22903,Normal_Weight,0.2882762255292556
22904,Normal_Weight,0.3408190441520597
22905,Normal_Weight,4.453209806206709
22906,Normal_Weight,2.955412399014288
22907,Normal_Weight,4.137010577286149
22908,Normal_Weight,5.725265843528403
22909,Normal_Weight,2.538821349273252
22910,Normal_Weight,2.6356246452941847
22911,Normal_Weight,3.138811195602549
22912,Normal_Weight,3.9066529518694075
22913,Normal_Weight,3.035637812042767
22914,Normal_Weight,5.616119834306015
22915,Normal_Weight,4.03246054209593
22916,Normal_Weight,3.208545168292351
22917,Normal_Weight,1.495422131431686
22918,Normal_Weight,4.289135373199381
22919,Normal_Weight,3.2879342996938083
22920,Normal_Weight,1.0218293913542056
22921,Normal_Weight,4.066935503870566
22922,Normal_Weight,4.174305164533485
22923,Normal_Weight,1.5188404276413427
22924,Normal_Weight,2.8163665462691396
22925,Normal_Weight,4.0256720188478425
22926,Normal_Weight,4.7477430580971935
22927,Normal_Weight,4.071368543430486
22928,Normal_Weight,1.177569141433802
22929,Normal_Weight,3.1163655830625054
22930,Normal_Weight,1.124229983563077
22931,Normal_Weight,4.493191230702598
22932,Normal_Weight,5.373239769413381
22933,Normal_Weight,2.0456731425642714
22934,Normal_Weight,3.0246971398079276
22935,Normal_Weight,5.168385254360282
22936,Normal_Weight,4.009062848499073
22937,Normal_Weight,3.2664520657523926
22938,Normal_Weight,0.43816672283879404
22939,Normal_Weight,5.2236373590940355
22940,Normal_Weight,1.075360505330438
22941,Normal_Weight,1.6709667393723229
22942,Normal_Weight,0.9815112849651937
22943,Normal_Weight,4.70320826238683
22944,Normal_Weight,1.2701785270736927
22945,Normal_Weight,1.01242654190517
22946,Normal_Weight,3.242605032613922
22947,Normal_Weight,4.009062848499073
22948,Normal_Weight,2.986283087092419
22949,Normal_Weight,1.70577099640477
22950,Normal_Weight,3.135810927420029
22951,Normal_Weight,-0.028373310918004536
22952,Normal_Weight,5.0301598096775715
22953,Normal_Weight,5.70340772945544
22954,Normal_Weight,0.2677073323137304
22955,Normal_Weight,0.2644143933884699
22956,Normal_Weight,5.076892614381007
22957,Normal_Weight,2.6224400120222393
22958,Normal_Weight,0.4281409227379539
22959,Normal_Weight,5.370280905463147
22960,Normal_Weight,3.1881951959464665
22961,Normal_Weight,3.90474619416247
22962,Normal_Weight,2.995129987713362
22963,Normal_Weight,5.3713719769843244
22964,Normal_Weight,4.689534290552001
22965,Normal_Weight,2.6462301897682066
22966,Normal_Weight,0.4247990623396502
22967,Normal_Weight,5.74404754877148
22968,Normal_Weight,3.2338675793053304
22969,Normal_Weight,1.9741697301175876
22970,Normal_Weight,2.9395152375480187
22971,Normal_Weight,4.813230545278691
22972,Normal_Weight,2.7880660597139215
22973,Normal_Weight,2.034795720399016
22974,Normal_Weight,0.5912064153986654
22975,Normal_Weight,4.483100591920917
22976,Normal_Weight,2.3811556792490736
22977,Normal_Weight,0.2099091492400476
22978,Normal_Weight,4.935337576102092
22979,Normal_Weight,0.05600244045767142
22980,Normal_Weight,3.2561440795454923
22981,Normal_Weight,3.3872420396835157
22982,Normal_Weight,4.080022152381617
22983,Normal_Weight,0.23697314904558017
22984,Normal_Weight,3.0396663834313244
22985,Normal_Weight,4.905444579440238
22986,Normal_Weight,2.410824920009835
22987,Normal_Weight,5.025786157173323
22988,Normal_Weight,0.7099535419787167
22989,Normal_Weight,3.0154590130152776
22990,Normal_Weight,3.1872404075706395
22991,Normal_Weight,3.707190434552878
22992,Normal_Weight,4.015692650443918
22993,Normal_Weight,-0.5757611310699781
22994,Normal_Weight,3.1809784909525938
22995,Normal_Weight,4.006220607220861
22996,Normal_Weight,0.8393791415660965
22997,Normal_Weight,4.081552507516853
22998,Normal_Weight,0.11588801839164492
22999,Normal_Weight,6.022822561195536
23000,Normal_Weight,4.006493118235189
23001,Normal_Weight,1.396667411436395
23002,Normal_Weight,0.7901435964663923
23003,Normal_Weight,2.6506598020760928
23004,Normal_Weight,4.047365773097862
23005,Normal_Weight,4.153839547720905
23006,Normal_Weight,3.326341390011953
23007,Normal_Weight,5.013712214563278
23008,Normal_Weight,4.958415206372418
23009,Normal_Weight,2.607393371423211
23010,Normal_Weight,1.157184583293783
23011,Normal_Weight,4.006202655382015
23012,Normal_Weight,3.192366212518839
23013,Normal_Weight,4.332698476444725
23014,Normal_Weight,2.798697658403201
23015,Normal_Weight,3.140772003523787
23016,Normal_Weight,4.079205093124811
23017,Normal_Weight,4.596189969276621
23018,Normal_Weight,3.996361506774083
23019,Normal_Weight,4.860283199282022
23020,Normal_Weight,3.4475694987633254
23021,Normal_Weight,1.218597164056637
23022,Normal_Weight,4.149014014376618
23023,Normal_Weight,4.031101942228779
23024,Normal_Weight,3.687245030480838
23025,Normal_Weight,2.0550900504271596
23026,Normal_Weight,3.1553375814563807
23027,Normal_Weight,5.081301478000195
23028,Normal_Weight,3.1241900993569187
23029,Normal_Weight,4.149014014376618
23030,Normal_Weight,2.527580960675878
23031,Normal_Weight,0.7962699096970307
23032,Normal_Weight,5.234644522087659
23033,Normal_Weight,5.618114457436655
23034,Normal_Weight,0.26668422688247717
23035,Normal_Weight,2.8836465813107615
23036,Normal_Weight,1.6854070263622107
23037,Normal_Weight,1.2848766788559551
23038,Normal_Weight,2.988938783808219
23039,Normal_Weight,2.108209469394787
23040,Normal_Weight,5.148188372585713
23041,Normal_Weight,4.033979396211736
23042,Normal_Weight,3.6031270728851683
23043,Normal_Weight,2.9700289191505527
23044,Normal_Weight,3.0245620016193455
23045,Normal_Weight,0.36616096843099466
23046,Normal_Weight,2.764001605643999
23047,Normal_Weight,4.3255821303306625
23048,Normal_Weight,3.713996770264055
23049,Normal_Weight,2.8392596278124724
23050,Normal_Weight,4.065884787293755
23051,Normal_Weight,5.475748808747471
23052,Normal_Weight,5.4454463530421116
23053,Normal_Weight,0.5327737116507117
23054,Normal_Weight,4.0248419654738745
23055,Normal_Weight,0.5003313235753563
23056,Normal_Weight,4.021981772356822
23057,Normal_Weight,3.966050443110871
23058,Normal_Weight,3.054806512800642
23059,Normal_Weight,0.7757394428842261
23060,Normal_Weight,0.24128479422032878
23061,Normal_Weight,2.23237686350314
23062,Normal_Weight,2.5067670055625637
23063,Normal_Weight,2.38947249868703
23064,Normal_Weight,4.579053145923119
23065,Normal_Weight,5.1125157567753075
23066,Normal_Weight,0.3128372811403592
23067,Normal_Weight,4.007550539788132
23068,Normal_Weight,4.068731697130808
23069,Normal_Weight,2.2648123963916054
23070,Normal_Weight,3.1464504713536496
23071,Normal_Weight,5.082269510161523
23072,Normal_Weight,3.446447181261837
23073,Normal_Weight,4.110868050869107
23074,Normal_Weight,4.211411275507334
23075,Normal_Weight,6.296152756934542
23076,Normal_Weight,4.139053409470511
23077,Normal_Weight,4.174305164533485
23078,Normal_Weight,5.671955139946343
23079,Normal_Weight,6.355932588527561
23080,Normal_Weight,1.3466282651734873
23081,Normal_Weight,0.26690600098188627
23082,Normal_Weight,2.7991364756766206
23083,Normal_Weight,3.0036080354780217
23084,Normal_Weight,0.39232508585798576
23085,Normal_Weight,5.774855696731778
23086,Normal_Weight,3.0788824353534894
23087,Normal_Weight,0.25718047300913477
23088,Normal_Weight,4.648246281530216
23089,Normal_Weight,2.5331026317665963
23090,Normal_Weight,3.2343457395304367
23091,Normal_Weight,1.3816294625294803
23092,Normal_Weight,3.205362374271508
23093,Normal_Weight,6.040118013102606
23094,Normal_Weight,3.070993326099486
23095,Normal_Weight,2.148963830697982
23096,Normal_Weight,0.11853272117269212
23097,Normal_Weight,2.6656838620588097
23098,Normal_Weight,2.583581911565081
23099,Normal_Weight,1.0608640585226867
23100,Normal_Weight,4.101917751846744
23101,Normal_Weight,4.64913028795712
23102,Normal_Weight,2.7076294327791977
23103,Normal_Weight,0.05012609663380853
23104,Normal_Weight,5.589649864755539
23105,Normal_Weight,5.794814448029949
23106,Normal_Weight,-0.06022444288789043
23107,Normal_Weight,0.3364198979011229
23108,Normal_Weight,2.429501185348824
23109,Normal_Weight,3.2976618096140475
23110,Normal_Weight,5.011146681725728
23111,Normal_Weight,0.8776591864632709
23112,Normal_Weight,4.5380709547370035
23113,Normal_Weight,4.162997748821259
23114,Normal_Weight,0.6687723865549252
23115,Normal_Weight,0.6944271321987414
23116,Normal_Weight,3.1277276098652123
23117,Normal_Weight,1.912019136063681
23118,Normal_Weight,2.8436904311397737
23119,Normal_Weight,4.009062848499073
23120,Normal_Weight,3.926572311420201
23121,Normal_Weight,5.085948494150396
23122,Normal_Weight,3.858369536724336
23123,Normal_Weight,4.215378520039256
23124,Normal_Weight,0.17743861219013146
23125,Normal_Weight,6.487918276266193
23126,Normal_Weight,5.112869893413249
23127,Normal_Weight,0.057205019916138654
23128,Normal_Weight,4.066935503870566
23129,Normal_Weight,0.1326403900185164
23130,Normal_Weight,5.236811327844184
23131,Normal_Weight,3.3252713739319932
23132,Normal_Weight,2.197760803098965
23133,Normal_Weight,4.263012628546391
23134,Normal_Weight,3.10956563946142
23135,Normal_Weight,3.7866554494416658
23136,Normal_Weight,0.1653762954277658
23137,Normal_Weight,3.9683569242132055
23138,Normal_Weight,3.496530781359956
23139,Normal_Weight,4.150097477989266
23140,Normal_Weight,3.9697877694325228
23141,Normal_Weight,0.39959223629083573
23142,Normal_Weight,2.273791169330556
23143,Normal_Weight,0.21884796781633722
23144,Normal_Weight,3.933591882456211
23145,Normal_Weight,3.268728471626126
23146,Normal_Weight,2.3909332823155345
23147,Normal_Weight,3.412007687621622
23148,Normal_Weight,3.654088963382069
23149,Normal_Weight,3.9677695723275557
23150,Normal_Weight,4.049936108014529
23151,Normal_Weight,4.0248419654738745
23152,Normal_Weight,3.970177710608109
23153,Normal_Weight,4.028241749111727
23154,Normal_Weight,3.805543890182203
23155,Normal_Weight,2.6233682394822058
23156,Normal_Weight,4.3678090714947535
23157,Normal_Weight,0.6216920976156338
23158,Normal_Weight,2.4919821274323093
23159,Normal_Weight,1.9316223803375072
23160,Normal_Weight,4.0811056159942645
23161,Normal_Weight,3.093827687566831
23162,Normal_Weight,4.893602554009962
23163,Normal_Weight,3.200805342028691
23164,Normal_Weight,0.15970910568825772
23165,Normal_Weight,5.085658785442215
23166,Normal_Weight,3.9643797873180646
23167,Normal_Weight,3.111549990062428
23168,Normal_Weight,0.5020374244067941
23169,Normal_Weight,3.964483579022985
23170,Normal_Weight,4.869237933360925
23171,Normal_Weight,2.856571225972757
23172,Normal_Weight,3.1163609357717275
23173,Normal_Weight,0.11870889662596723
23174,Normal_Weight,0.3445272278936046
23175,Normal_Weight,4.160595569421998
23176,Normal_Weight,3.6319658912717956
23177,Normal_Weight,5.070310976411409
23178,Normal_Weight,4.081552507516853
23179,Normal_Weight,0.4287817639900437
23180,Normal_Weight,1.6405892866918177
23181,Normal_Weight,1.4997328846494953
23182,Normal_Weight,1.0052922909953592
23183,Normal_Weight,1.921076872288978
23184,Normal_Weight,3.443931734755742
23185,Normal_Weight,4.083386798876476
23186,Normal_Weight,0.9398165507670917
23187,Normal_Weight,0.18364675230425193
23188,Normal_Weight,4.511479326878835
23189,Normal_Weight,0.29875978819157784
23190,Normal_Weight,0.3662619733505122
23191,Normal_Weight,3.1099534617397224
23192,Normal_Weight,4.2302559125893096
23193,Normal_Weight,4.066935503870566
23194,Normal_Weight,3.8895611484283346
23195,Normal_Weight,4.898608585455061
23196,Normal_Weight,3.995979953188482
23197,Normal_Weight,5.226691955735602
23198,Normal_Weight,1.4425789686869954
23199,Normal_Weight,2.4412018704173986
23200,Normal_Weight,3.086581922757444
23201,Normal_Weight,2.475269620121276
23202,Normal_Weight,4.023328375473592
23203,Normal_Weight,3.8462527534511546
23204,Normal_Weight,2.704327801357309
23205,Normal_Weight,3.233494846164762
23206,Normal_Weight,0.4384744173319493
23207,Normal_Weight,2.1521801148542026
23208,Normal_Weight,0.7604389750326329
23209,Normal_Weight,4.048399841245674
23210,Normal_Weight,3.505097511877735
23211,Normal_Weight,1.3615266960145118
23212,Normal_Weight,5.344787361316135
23213,Normal_Weight,5.519028831760377
23214,Normal_Weight,0.7448202033791534
23215,Normal_Weight,5.021496658120601
23216,Normal_Weight,5.399266070914542
23217,Normal_Weight,1.761225695077458
23218,Normal_Weight,4.842283408328272
23219,Normal_Weight,1.7062622341342943
23220,Normal_Weight,2.988134505934284
23221,Normal_Weight,3.0512727047081816
23222,Normal_Weight,0.3491293392782482
23223,Normal_Weight,1.4383437421745966
23224,Normal_Weight,2.9716096358427806
23225,Normal_Weight,4.159831113850844
23226,Normal_Weight,1.153429803960837
23227,Normal_Weight,4.032312441839481
23228,Normal_Weight,4.046754191742962
23229,Normal_Weight,2.5172733325126617
23230,Normal_Weight,4.987923641525878
23231,Normal_Weight,2.4707972574408696
23232,Normal_Weight,5.407059957282632
23233,Normal_Weight,3.6593775364661365
23234,Normal_Weight,2.7664606979657194
23235,Normal_Weight,3.9915042064492576
23236,Normal_Weight,3.9625263329948535
23237,Normal_Weight,4.012523346986912
23238,Normal_Weight,0.06939126554861313
23239,Normal_Weight,5.109394762088392
23240,Normal_Weight,4.111407166577764
23241,Normal_Weight,4.053261163964157
23242,Normal_Weight,0.8632215898259682
23243,Normal_Weight,5.871058711019476
23244,Normal_Weight,4.878909965145236
23245,Normal_Weight,4.83712504972984
23246,Normal_Weight,1.3460080150018723
23247,Normal_Weight,0.22668287176004487
23248,Normal_Weight,3.4173150568767046
23249,Normal_Weight,1.1735261579653946
23250,Normal_Weight,5.267699706530394
23251,Normal_Weight,5.9534858946863
23252,Normal_Weight,-0.20816739674162166
23253,Normal_Weight,1.2596656866866354
23254,Normal_Weight,0.33301949808637643
23255,Normal_Weight,1.019412929067212
23256,Normal_Weight,0.4024098801452901
23257,Normal_Weight,3.437609824403233
23258,Normal_Weight,0.9840151013404715
23259,Normal_Weight,2.535071368778357
23260,Normal_Weight,3.8907440347019877
23261,Normal_Weight,0.2931540165622809
23262,Normal_Weight,3.276702877382319
23263,Normal_Weight,1.90096966620671
23264,Normal_Weight,2.9905144610637024
23265,Normal_Weight,2.9264361618576897
23266,Normal_Weight,6.896115076317465
23267,Normal_Weight,6.096148843885974
23268,Normal_Weight,1.1487112326063167
23269,Normal_Weight,4.0517719438460835
23270,Normal_Weight,5.468330994192063
23271,Normal_Weight,5.933949623477351
23272,Normal_Weight,3.077506194735706
23273,Normal_Weight,4.0248419654738745
23274,Normal_Weight,2.647729471829164
23275,Normal_Weight,3.3167530250216424
23276,Normal_Weight,4.02814052190607
23277,Normal_Weight,4.042139864490769
23278,Normal_Weight,3.057883031172643
23279,Normal_Weight,4.878972089488411
23280,Normal_Weight,0.03922252643017403
23281,Normal_Weight,3.776284417883589
23282,Normal_Weight,4.221500678829627
23283,Normal_Weight,5.178008891908646
23284,Normal_Weight,3.1988019117924154
23285,Normal_Weight,3.1418993783586404
23286,Normal_Weight,3.195489842227493
23287,Normal_Weight,3.7175664496143837
23288,Normal_Weight,3.465871530839704
23289,Normal_Weight,0.11760531808734845
23290,Normal_Weight,5.633421432668785
23291,Normal_Weight,0.42707137534842593
23292,Normal_Weight,3.9561230871050594
23293,Normal_Weight,1.3355694203741748
23294,Normal_Weight,0.6910442731787783
23295,Normal_Weight,4.079498772093254
23296,Normal_Weight,4.139053409470511
23297,Normal_Weight,3.8166518209635085
23298,Normal_Weight,6.543722505830238
23299,Normal_Weight,2.80917703880367
23300,Normal_Weight,4.028930944807307
23301,Normal_Weight,1.321902216174344
23302,Normal_Weight,1.9380465678175867
23303,Normal_Weight,3.663665773661464
23304,Normal_Weight,2.7660306192955457
23305,Normal_Weight,3.0786548358763164
23306,Normal_Weight,0.39764636503081624
23307,Normal_Weight,3.328860977581472
23308,Normal_Weight,5.422069850609191
23309,Normal_Weight,5.859822014155264
23310,Normal_Weight,3.2216449251317893
23311,Normal_Weight,1.4394460342015714
23312,Normal_Weight,3.121838141937127
23313,Normal_Weight,2.930368528535342
23314,Normal_Weight,2.8530622579272724
23315,Normal_Weight,0.7317008789750041
23316,Normal_Weight,4.135899834003569
23317,Normal_Weight,3.174740835145459
23318,Normal_Weight,3.869887500552297
23319,Normal_Weight,6.455596227067519
23320,Normal_Weight,0.043570367271367386
23321,Normal_Weight,4.006202655382015
23322,Normal_Weight,3.1088134852073215
23323,Normal_Weight,0.5167830335715355
23324,Normal_Weight,3.0152431347211466
23325,Normal_Weight,0.19448658845677044
23326,Normal_Weight,4.1524077588165005
23327,Normal_Weight,3.989932064413888
23328,Normal_Weight,3.937329345877745
23329,Normal_Weight,0.19214200810198437
23330,Normal_Weight,3.991698920018813
23331,Normal_Weight,4.009062848499073
23332,Normal_Weight,4.0248419654738745
23333,Normal_Weight,3.4072397203743043
23334,Normal_Weight,0.0933592947737572
23335,Normal_Weight,3.453912738220244
23336,Normal_Weight,3.2313814384135906
23337,Normal_Weight,0.6566497994523861
23338,Normal_Weight,4.452511325388555
23339,Normal_Weight,5.547307744471678
23340,Normal_Weight,3.5525384413071674
23341,Normal_Weight,2.2918119496121783
23342,Normal_Weight,3.4190509730924386
23343,Normal_Weight,2.9269468081511785
23344,Normal_Weight,3.837522166985356
23345,Normal_Weight,0.010828984104512033
23346,Normal_Weight,2.0777236151601324
23347,Normal_Weight,4.177516235726011
23348,Normal_Weight,3.2959208144988543
23349,Normal_Weight,2.770094825288507
23350,Normal_Weight,0.7871207441957906
23351,Normal_Weight,0.03520166107310997
23352,Normal_Weight,6.202732081590376
23353,Normal_Weight,5.9178575990547575
23354,Normal_Weight,4.030765822596854
23355,Normal_Weight,3.6125332716709964
23356,Normal_Weight,6.188078621319026
23357,Normal_Weight,0.27645551266527135
23358,Normal_Weight,2.704768533690851
23359,Normal_Weight,4.041179172149246
23360,Normal_Weight,3.110015861914957
23361,Normal_Weight,0.11332752673752836
23362,Normal_Weight,2.808431874622417
23363,Normal_Weight,2.298464111339965
23364,Normal_Weight,0.25205244814671063
23365,Normal_Weight,6.431971529478597
23366,Normal_Weight,1.807140105994175
23367,Normal_Weight,5.309202413535473
23368,Normal_Weight,3.064602524449832
23369,Normal_Weight,4.059863422999357
23370,Normal_Weight,1.2444504834725743
23371,Normal_Weight,6.508195486685195
23372,Normal_Weight,4.009062848499073
23373,Normal_Weight,5.040198684600405
23374,Normal_Weight,4.006202655382015
23375,Normal_Weight,-0.13306883358483562
23376,Normal_Weight,4.449442250819085
23377,Normal_Weight,3.6827343526173064
23378,Normal_Weight,3.438131826944316
23379,Normal_Weight,5.751850124426864
23380,Normal_Weight,0.4036707284960764
23381,Normal_Weight,4.256830076950984
23382,Normal_Weight,1.4942946615136863
23383,Normal_Weight,5.061728475264729
23384,Normal_Weight,5.56169284735217
23385,Normal_Weight,3.01546154744852
23386,Normal_Weight,2.5285328048412006
23387,Normal_Weight,5.163230563516076
23388,Normal_Weight,2.9567342840510915
23389,Normal_Weight,3.0898496735061673
23390,Normal_Weight,4.012230594137904
23391,Normal_Weight,2.3144764116294514
23392,Normal_Weight,3.484600076223224
23393,Normal_Weight,0.23569560664811806
23394,Normal_Weight,0.09380925094167039
23395,Normal_Weight,-0.12817832881956837
23396,Normal_Weight,5.736827640213078
23397,Normal_Weight,4.13127888217728
23398,Normal_Weight,2.7341017172157747
23399,Normal_Weight,3.9296813052768926
23400,Normal_Weight,4.031267639071487
23401,Normal_Weight,2.348898053986966
23402,Normal_Weight,3.9290460307487827
23403,Normal_Weight,6.404124887735714
23404,Normal_Weight,3.275357608698355
23405,Normal_Weight,3.0182936000804226
23406,Normal_Weight,0.1395746765667896
23407,Normal_Weight,3.098922794524448
23408,Normal_Weight,2.9292900272827924
23409,Normal_Weight,5.6626625267930955
23410,Normal_Weight,3.156449700202132
23411,Normal_Weight,1.1917489500474985
23412,Normal_Weight,1.8119601837577375
23413,Normal_Weight,3.149158221920637
23414,Normal_Weight,6.189144356997766
23415,Normal_Weight,2.2394440174828665
23416,Normal_Weight,5.4707290125044885
23417,Normal_Weight,3.518040952587561
23418,Normal_Weight,0.18864260587055295
23419,Normal_Weight,2.060779022211674
23420,Normal_Weight,4.042139864490769
23421,Normal_Weight,2.16770136431023
23422,Normal_Weight,2.705852001459286
23423,Normal_Weight,2.6674037662757137
23424,Normal_Weight,4.035502806957203
23425,Normal_Weight,5.088274140530732
23426,Normal_Weight,5.050963286404988
23427,Normal_Weight,2.8141430759010797
23428,Normal_Weight,4.390418380650193
23429,Normal_Weight,1.34541558734655
23430,Normal_Weight,0.45830980354668605
23431,Normal_Weight,4.1604877786194265
23432,Normal_Weight,0.31087805531874463
23433,Normal_Weight,3.1957435850322207
23434,Normal_Weight,5.158168743875412
23435,Normal_Weight,5.6575083850289705
23436,Normal_Weight,3.983188900748876
23437,Normal_Weight,0.8962949210555108
23438,Normal_Weight,1.61024538792327
23439,Normal_Weight,4.06983818829525
23440,Normal_Weight,4.28316418126783
23441,Normal_Weight,1.336441994948696
23442,Normal_Weight,1.4846000492447067
23443,Normal_Weight,4.072753025416852
23444,Normal_Weight,1.1037623951233249
23445,Normal_Weight,2.949031994913515
23446,Normal_Weight,4.030975074768159
23447,Normal_Weight,5.20819432266981
23448,Normal_Weight,1.0380154021747683
23449,Normal_Weight,1.1594071613276518
23450,Normal_Weight,2.11431757166862
23451,Normal_Weight,2.7688924177544583
23452,Normal_Weight,4.079811001324211
23453,Normal_Weight,3.185598607544448
23454,Normal_Weight,6.015955218257418
23455,Normal_Weight,0.3690839412976115
23456,Normal_Weight,5.475604203386372
23457,Normal_Weight,0.5081387340130151
23458,Normal_Weight,2.9379107224805456
23459,Normal_Weight,5.013277455398437
23460,Normal_Weight,2.7160331368067796
23461,Normal_Weight,3.9690690067419707
23462,Normal_Weight,4.081552507516853
23463,Normal_Weight,3.1559603519871104
23464,Normal_Weight,2.4815838615848955
23465,Normal_Weight,0.4190988443311186
23466,Normal_Weight,4.52992705478903
23467,Normal_Weight,4.85673313195968
23468,Normal_Weight,0.09354403511533926
23469,Normal_Weight,3.8314911768298088
23470,Normal_Weight,0.9008861570053626
23471,Normal_Weight,3.1481648562213103
23472,Normal_Weight,2.978517524004331
23473,Normal_Weight,4.009062848499073
23474,Normal_Weight,0.6041554917412536
23475,Normal_Weight,3.652867633062304
23476,Normal_Weight,5.286713233359847
23477,Normal_Weight,2.8130808332641237
23478,Normal_Weight,5.542169476618589
23479,Normal_Weight,0.12088065550696384
23480,Normal_Weight,5.5117693068217894
23481,Normal_Weight,4.5470361185024455
23482,Normal_Weight,4.558057116745147
23483,Normal_Weight,1.0187386648604546
23484,Normal_Weight,0.42018298751180916
23485,Normal_Weight,4.2092887549025795
23486,Normal_Weight,6.382958954420682
23487,Normal_Weight,3.956323110743951
23488,Normal_Weight,3.8776073043800054
23489,Normal_Weight,2.5168511510012017
23490,Normal_Weight,0.5002422978955416
23491,Normal_Weight,2.4999574972004446
23492,Normal_Weight,2.667714193349504
23493,Normal_Weight,4.066935503870566
23494,Normal_Weight,4.006202655382015
23495,Normal_Weight,4.926709088778961
23496,Normal_Weight,2.195266842590786
23497,Normal_Weight,0.45210345222152026
23498,Normal_Weight,2.538647768448037
23499,Normal_Weight,3.267516143464626
23500,Normal_Weight,3.4391129225134383
23501,Normal_Weight,4.006202655382015
23502,Normal_Weight,0.6129735214614582
23503,Normal_Weight,1.2167049775147678
23504,Normal_Weight,0.6090327535757352
23505,Normal_Weight,2.2650213462956055
23506,Normal_Weight,3.318032150807767
23507,Normal_Weight,0.29815407288371226
23508,Normal_Weight,6.104031293036952
23509,Normal_Weight,-0.123227097868369
23510,Normal_Weight,4.001709302046484
23511,Normal_Weight,3.2976389254209932
23512,Normal_Weight,3.2116125061748106
23513,Normal_Weight,5.775410958760014
23514,Normal_Weight,6.002892207263253
23515,Normal_Weight,0.5115160423660717
23516,Normal_Weight,4.2474327598986426
23517,Normal_Weight,1.4083101372805025
23518,Normal_Weight,0.4927080397177011
23519,Normal_Weight,2.3165046122047843
23520,Normal_Weight,4.010169899913937
23521,Normal_Weight,3.3058812714421966
23522,Normal_Weight,3.1841801573266024
23523,Normal_Weight,2.962410739847721
23524,Normal_Weight,3.100270366967568
23525,Normal_Weight,2.9967277788336038
23526,Normal_Weight,4.198117532724328
23527,Normal_Weight,4.0256720188478425
23528,Normal_Weight,4.09409008350459
23529,Normal_Weight,2.2455724060977835
23530,Normal_Weight,2.217909597146638
23531,Normal_Weight,4.748229390350204
23532,Normal_Weight,1.6122905501168066
23533,Normal_Weight,5.665260777058469
23534,Normal_Weight,6.033746608592313
23535,Normal_Weight,0.3580373854119785
23536,Normal_Weight,3.5539423431854784
23537,Normal_Weight,6.626477458051263
23538,Normal_Weight,1.8223956470001763
23539,Normal_Weight,4.027037654937471
23540,Normal_Weight,2.874705105694094
23541,Normal_Weight,4.1835587782460015
23542,Normal_Weight,1.5010634946024966
23543,Normal_Weight,4.0285931332231275
23544,Normal_Weight,3.39439498779522
23545,Normal_Weight,2.8896021657699937
23546,Normal_Weight,2.0779862550603676
23547,Normal_Weight,2.324999874847677
23548,Normal_Weight,1.1101479089644548
23549,Normal_Weight,3.1707006853592574
23550,Normal_Weight,0.8031869599023818
23551,Normal_Weight,3.609029095443004
23552,Normal_Weight,4.150924541523314
23553,Normal_Weight,4.999574131415158
23554,Normal_Weight,4.078722089883074
23555,Normal_Weight,4.092004296159518
23556,Normal_Weight,2.9312872534866896
23557,Normal_Weight,0.13635947600715118
23558,Normal_Weight,0.3101813842708739
23559,Normal_Weight,0.06399497767133136
23560,Normal_Weight,5.977812967760953
23561,Normal_Weight,4.1294645057377535
23562,Normal_Weight,4.837556660839915
23563,Normal_Weight,-0.010964947557108874
23564,Normal_Weight,2.569731022724638
23565,Normal_Weight,2.7981345562116253
23566,Normal_Weight,4.90584561167636
23567,Normal_Weight,4.629162057190477
23568,Normal_Weight,1.6883102533304262
23569,Normal_Weight,4.031101942228779
23570,Normal_Weight,3.377731483102976
23571,Normal_Weight,5.312579529998641
23572,Normal_Weight,4.129124308456908
23573,Normal_Weight,3.8319285843550865
23574,Normal_Weight,6.3130744896491615
23575,Normal_Weight,4.076345196626312
23576,Normal_Weight,4.023791017252082
23577,Normal_Weight,2.703058343715233
23578,Normal_Weight,1.249515389485827
23579,Normal_Weight,0.08077688776851165
23580,Normal_Weight,3.9702674766038966
23581,Normal_Weight,0.6007242040290103
23582,Normal_Weight,1.0662592413502416
23583,Normal_Weight,5.46285409584214
23584,Normal_Weight,3.3065839119595606
23585,Normal_Weight,4.113904223845648
23586,Normal_Weight,6.107814055215295
23587,Normal_Weight,-0.07751976849112474
23588,Normal_Weight,2.635338214455485
23589,Normal_Weight,0.8146309030352109
23590,Normal_Weight,4.006202655382015
23591,Normal_Weight,2.64609856143407
23592,Normal_Weight,2.474527967474438
23593,Normal_Weight,3.123563346879181
23594,Normal_Weight,3.894254644767598
23595,Normal_Weight,0.5820416270314931
23596,Normal_Weight,2.621912330681677
23597,Normal_Weight,0.4338989057050711
23598,Normal_Weight,5.294279705109722
23599,Normal_Weight,3.1853600928819175
23600,Normal_Weight,3.3815786081735464
23601,Normal_Weight,0.500116768525172
23602,Normal_Weight,5.836283602927776
23603,Normal_Weight,4.094833007426966
23604,Normal_Weight,3.3541837645318044
23605,Normal_Weight,5.342732195034108
23606,Normal_Weight,3.4207259242888544
23607,Normal_Weight,2.9291210258823837
23608,Normal_Weight,4.059885832156118
23609,Normal_Weight,0.08213641034143412
23610,Normal_Weight,3.5932569596303043
23611,Normal_Weight,4.006202655382015
23612,Normal_Weight,5.378333590219298
23613,Normal_Weight,5.7240528713377845
23614,Normal_Weight,2.6499743365197896
23615,Normal_Weight,1.2666988605507872
23616,Normal_Weight,4.982051752570059
23617,Normal_Weight,5.0961216122043425
23618,Normal_Weight,0.33188175894509564
23619,Normal_Weight,4.567094689154862
23620,Normal_Weight,5.81945879532406
23621,Normal_Weight,2.597347429761086
23622,Normal_Weight,1.534821496405643
23623,Normal_Weight,4.009062848499073
23624,Normal_Weight,3.894269394309001
23625,Normal_Weight,3.4794344162529036
23626,Normal_Weight,3.8129462666946927
23627,Normal_Weight,0.24500284562799635
23628,Normal_Weight,3.1584789586223594
23629,Normal_Weight,0.32995452955705523
23630,Normal_Weight,3.8682963828907275
23631,Normal_Weight,4.076987463109429
23632,Normal_Weight,4.21097024828046
23633,Normal_Weight,5.421662995591801
23634,Normal_Weight,5.029746497963813
23635,Normal_Weight,2.3340566012062913
23636,Normal_Weight,1.9053626530692966
23637,Normal_Weight,4.903014643740028
23638,Normal_Weight,-0.005994990298632673
23639,Normal_Weight,4.106624153024524
23640,Normal_Weight,2.665934142242591
23641,Normal_Weight,5.213649193841711
23642,Normal_Weight,4.030975074768159
23643,Normal_Weight,0.4787995155805553
23644,Normal_Weight,3.475677134024238
23645,Normal_Weight,0.4508717322270144
23646,Normal_Weight,0.3701574060342735
23647,Normal_Weight,3.501577653798476
23648,Normal_Weight,0.2632052725065821
23649,Normal_Weight,0.16294886870062167
23650,Normal_Weight,4.504072498546002
23651,Normal_Weight,4.053014168497866
23652,Normal_Weight,4.9105151555523445
23653,Normal_Weight,4.1173406522082345
23654,Normal_Weight,3.644255051778447
23655,Normal_Weight,4.160930953894188
23656,Normal_Weight,4.932349648770811
23657,Normal_Weight,0.6252949591038979
23658,Normal_Weight,3.2752207142611596
23659,Normal_Weight,5.649626951551652
23660,Normal_Weight,0.017585811418798825
23661,Normal_Weight,6.0555874210708485
23662,Normal_Weight,0.6416633326181379
23663,Normal_Weight,0.9045599463718698
23664,Normal_Weight,0.23438030698408865
23665,Normal_Weight,4.047765938869631
23666,Normal_Weight,2.6603682108450752
23667,Normal_Weight,3.273185024978968
23668,Normal_Weight,-0.0031763358192896988
23669,Normal_Weight,3.15378876208149
23670,Normal_Weight,0.5505225289401198
23671,Normal_Weight,0.6882405334396963
23672,Normal_Weight,4.419935626332069
23673,Normal_Weight,0.08321593972025951
23674,Normal_Weight,1.1800952727510787
23675,Normal_Weight,3.053791239252736
23676,Normal_Weight,3.1045919513642857
23677,Normal_Weight,3.709907115190544
23678,Normal_Weight,2.4105309901935157
23679,Normal_Weight,3.2446033530401324
23680,Normal_Weight,0.44300887266724
23681,Normal_Weight,4.724263769471305
23682,Normal_Weight,4.029815531141121
23683,Normal_Weight,4.031101942228779
23684,Normal_Weight,3.9296771810156637
23685,Normal_Weight,0.30337171103072774
23686,Normal_Weight,5.781631960239276
23687,Normal_Weight,3.573691313974455
23688,Normal_Weight,2.680681352766276
23689,Normal_Weight,0.14840897857912846
23690,Normal_Weight,4.056443811369286
23691,Normal_Weight,5.083951673327775
23692,Normal_Weight,5.317876591926497
23693,Normal_Weight,4.07839893204991
23694,Normal_Weight,3.964483579022985
23695,Normal_Weight,3.481287553179301
23696,Normal_Weight,1.8658767234925813
23697,Normal_Weight,4.031101942228779
23698,Normal_Weight,2.8179576523703105
23699,Normal_Weight,4.031101942228779
23700,Normal_Weight,5.964081045780168
23701,Normal_Weight,1.7875583771710888
23702,Normal_Weight,0.4177868417119987
23703,Normal_Weight,3.8660787341636387
23704,Normal_Weight,3.2774148907905247
23705,Normal_Weight,4.816337797417656
23706,Normal_Weight,0.8982578422795484
23707,Normal_Weight,6.430678180383537
23708,Normal_Weight,4.416541739980841
23709,Normal_Weight,4.081552507516853
23710,Normal_Weight,5.774294890840705
23711,Normal_Weight,4.006202655382015
23712,Normal_Weight,3.132273535524375
23713,Normal_Weight,3.107635493474717
23714,Normal_Weight,4.962557221949187
23715,Normal_Weight,1.396365050721393
23716,Normal_Weight,4.150544369511854
23717,Normal_Weight,5.277866932396142
23718,Normal_Weight,4.962166682486485
23719,Normal_Weight,1.1873516760018805
23720,Normal_Weight,3.9271204418400325
23721,Normal_Weight,3.898329840171802
23722,Normal_Weight,4.931028652661912
23723,Normal_Weight,2.0773290573405117
23724,Normal_Weight,3.1289373610645037
23725,Normal_Weight,4.094833007426966
23726,Normal_Weight,2.0750749892562337
23727,Normal_Weight,4.840372109810282
23728,Normal_Weight,5.50694979493199
23729,Normal_Weight,4.021981772356822
23730,Normal_Weight,0.5236351182945649
23731,Normal_Weight,6.0533957387372
23732,Normal_Weight,0.42859025638897025
23733,Normal_Weight,4.015259040857095
23734,Normal_Weight,5.882380916455969
23735,Normal_Weight,3.644237993644418
23736,Normal_Weight,4.0107860537771085
23737,Normal_Weight,2.0612358218676863
23738,Normal_Weight,3.363540257856922
23739,Normal_Weight,0.9960172013486027
23740,Normal_Weight,4.494665205725564
23741,Normal_Weight,0.37756792091697067
23742,Normal_Weight,0.09444762540443609
23743,Normal_Weight,4.16398931386188
23744,Normal_Weight,3.947634918321609
23745,Normal_Weight,4.851107068269638
23746,Normal_Weight,4.155625877008264
23747,Normal_Weight,5.2477015642500975
23748,Normal_Weight,4.0010709530180995
23749,Normal_Weight,5.185562445828619
23750,Normal_Weight,5.3229470769444145
23751,Normal_Weight,3.2153768018901023
23752,Normal_Weight,1.8785408900862113
23753,Normal_Weight,4.248608773853405
23754,Normal_Weight,4.667238679854807
23755,Normal_Weight,2.793966144257436
23756,Normal_Weight,4.100761183612783
23757,Normal_Weight,4.823862137043489
23758,Normal_Weight,5.208296500577749
23759,Normal_Weight,4.003632925118131
23760,Normal_Weight,2.77542340256965
23761,Normal_Weight,4.006202655382015
23762,Normal_Weight,5.548683525272959
23763,Normal_Weight,5.646181836268517
23764,Normal_Weight,3.1897537789511414
23765,Normal_Weight,3.2269001428129096
23766,Normal_Weight,2.9087845675077575
23767,Normal_Weight,2.4320982217076326
23768,Normal_Weight,3.373558008656633
23769,Normal_Weight,2.981179393311026
23770,Normal_Weight,4.009062848499073
23771,Normal_Weight,4.009062848499073
23772,Normal_Weight,4.012324180414956
23773,Normal_Weight,3.5114515613056487
23774,Normal_Weight,4.031101942228779
23775,Normal_Weight,4.13137051784535
23776,Normal_Weight,1.0544737535698336
23777,Normal_Weight,4.03971301512346
23778,Normal_Weight,3.1298606865065497
23779,Normal_Weight,3.304431812867047
23780,Normal_Weight,4.999079659006944
23781,Normal_Weight,0.865867370896775
23782,Normal_Weight,4.001940112913865
23783,Normal_Weight,2.5400047142417885
23784,Normal_Weight,3.1521867003160065
23785,Normal_Weight,5.04405184707852
23786,Normal_Weight,4.149541921630042
23787,Normal_Weight,0.16019098308094537
23788,Normal_Weight,4.047637685796772
23789,Normal_Weight,3.3368692288365893
23790,Normal_Weight,-0.06117604288246528
23791,Normal_Weight,3.598788955637074
23792,Normal_Weight,3.8660253125733774
23793,Normal_Weight,0.012975054417600784
23794,Normal_Weight,0.5282259788555329
23795,Normal_Weight,0.48205845953593585
23796,Normal_Weight,4.006202655382015
23797,Normal_Weight,0.4643099897222054
23798,Normal_Weight,3.449296353560212
23799,Normal_Weight,3.1090208928838257
23800,Normal_Weight,3.970595594228585
23801,Normal_Weight,1.43361583226858
23802,Normal_Weight,0.08803755803762262
23803,Normal_Weight,0.7709403797426403
23804,Normal_Weight,4.833165180556874
23805,Normal_Weight,3.096114217141983
23806,Normal_Weight,3.4982575950181247
23807,Normal_Weight,4.071851833162508
23808,Normal_Weight,0.14631697851436315
23809,Normal_Weight,4.271561828033548
23810,Normal_Weight,6.450718461876205
23811,Normal_Weight,3.0270202665032215
23812,Normal_Weight,4.281442966179814
23813,Normal_Weight,1.042121120985298
23814,Normal_Weight,3.0237989850663105
23815,Normal_Weight,3.015193650781719
23816,Normal_Weight,0.1837788502526022
23817,Normal_Weight,0.3875521115488441
23818,Normal_Weight,3.996152603847264
23819,Normal_Weight,0.8868474302318378
23820,Normal_Weight,2.014365716940067
23821,Normal_Weight,5.168465655257228
23822,Normal_Weight,1.2929589422564527
23823,Normal_Weight,4.006202655382015
23824,Normal_Weight,1.1138648949496264
23825,Normal_Weight,0.024289387708580603
23826,Normal_Weight,-0.086894094079497
23827,Normal_Weight,5.501328838936479
23828,Normal_Weight,4.1622024008200365
23829,Normal_Weight,2.5652299279506523
23830,Normal_Weight,1.9390966984769138
23831,Normal_Weight,4.008704263297804
23832,Normal_Weight,3.3451374043209183
23833,Normal_Weight,3.1967505150079143
23834,Normal_Weight,1.1648138414168094
23835,Normal_Weight,3.9195328484052556
23836,Normal_Weight,4.028241749111727
23837,Normal_Weight,2.0350576171966206
23838,Normal_Weight,2.303798456191868
23839,Normal_Weight,2.339309076282058
23840,Normal_Weight,1.201462882912221
23841,Normal_Weight,2.891542228170718
23842,Normal_Weight,3.9913604773334788
23843,Normal_Weight,5.4377939863149125
23844,Normal_Weight,1.7926161864546293
23845,Normal_Weight,3.7364187037501853
23846,Normal_Weight,5.983977201047442
23847,Normal_Weight,5.307459141911252
23848,Normal_Weight,3.370764471543628
23849,Normal_Weight,2.596424988646632
23850,Normal_Weight,3.299750239281844
23851,Normal_Weight,1.3423787329941006
23852,Normal_Weight,1.6425979815460137
23853,Normal_Weight,3.6371973303329517
23854,Normal_Weight,3.027785806475805
23855,Normal_Weight,4.3680584691263205
23856,Normal_Weight,4.837891343622202
23857,Normal_Weight,2.9221553972195156
23858,Normal_Weight,2.385832938772767
23859,Normal_Weight,2.7366385740537615
23860,Normal_Weight,0.10834801930973391
23861,Normal_Weight,1.595542265186942
23862,Normal_Weight,1.6507379814326213
23863,Normal_Weight,1.3289870700502464
23864,Normal_Weight,1.2904884122240499
23865,Normal_Weight,0.6334677283095019
23866,Normal_Weight,5.408855845193118
23867,Normal_Weight,3.165521676480039
23868,Normal_Weight,4.50713956894416
23869,Normal_Weight,3.007814363425408
23870,Normal_Weight,5.627215877726999
23871,Normal_Weight,3.501537540597342
23872,Normal_Weight,3.0222864604794863
23873,Normal_Weight,3.273625297180259
23874,Normal_Weight,3.59517769001482
23875,Normal_Weight,1.3030937264024556
23876,Normal_Weight,1.0806178193780087
23877,Normal_Weight,3.388208599204941
23878,Normal_Weight,0.8063228081597719
23879,Normal_Weight,5.047815835988056
23880,Normal_Weight,4.150174506038132
23881,Normal_Weight,4.985012266880371
23882,Normal_Weight,2.1558622852780362
23883,Normal_Weight,3.331621087908125
23884,Normal_Weight,2.3880324836082343
23885,Normal_Weight,4.06815775609064
23886,Normal_Weight,4.009062848499073
23887,Normal_Weight,3.007496827450984
23888,Normal_Weight,4.0248419654738745
23889,Normal_Weight,2.311489081990759
23890,Normal_Weight,0.1014914944338488
23891,Normal_Weight,4.516636965296761
23892,Normal_Weight,-0.0070706461814742235
23893,Normal_Weight,3.22607802927024
23894,Normal_Weight,5.120316936149248
23895,Normal_Weight,5.433218193048417
23896,Normal_Weight,2.9116547823709986
23897,Normal_Weight,3.2549010753384486
23898,Normal_Weight,1.883441657130174
23899,Normal_Weight,4.777964359736928
23900,Normal_Weight,4.137523054335276
23901,Normal_Weight,1.6943720595374792
23902,Normal_Weight,4.006111297415589
23903,Normal_Weight,4.213583308244457
23904,Normal_Weight,3.2633104904953014
23905,Normal_Weight,6.7282657259693
23906,Normal_Weight,3.212856107795526
23907,Normal_Weight,2.2475824144865415
23908,Normal_Weight,4.046754191742962
23909,Normal_Weight,1.9493926571155096
23910,Normal_Weight,1.9010755303231923
23911,Normal_Weight,2.805396015383085
23912,Normal_Weight,4.077191992694421
23913,Normal_Weight,3.297966685188154
23914,Normal_Weight,3.637513242132291
23915,Normal_Weight,4.929276106397641
23916,Normal_Weight,3.6319589091968147
23917,Normal_Weight,2.3880174155129112
23918,Normal_Weight,3.9468682668155615
23919,Normal_Weight,1.6193114953844243
23920,Normal_Weight,0.05478838286507563
23921,Normal_Weight,3.9379395721415205
23922,Normal_Weight,0.7402371000630993
23923,Normal_Weight,1.8699039388101888
23924,Normal_Weight,4.606016897997754
23925,Normal_Weight,5.023689073749117
23926,Normal_Weight,2.7062795730736604
23927,Normal_Weight,1.297995606457499
23928,Normal_Weight,0.8376276670492131
23929,Normal_Weight,0.9853553009825184
23930,Normal_Weight,2.5150983248635375
23931,Normal_Weight,3.727792256381032
23932,Normal_Weight,3.831479140680001
23933,Normal_Weight,3.022861522872284
23934,Normal_Weight,2.899143526103046
23935,Normal_Weight,3.981747093794845
23936,Normal_Weight,5.214797800006153
23937,Normal_Weight,5.351187349020086
23938,Normal_Weight,3.976460476525116
23939,Normal_Weight,3.4192933077850953
23940,Normal_Weight,6.047720683263704
23941,Normal_Weight,4.019408531782969
23942,Normal_Weight,3.0923789418734047
23943,Normal_Weight,3.8555682106502944
23944,Normal_Weight,3.186507867719735
23945,Normal_Weight,0.48638833410110116
23946,Normal_Weight,1.9897028510206727
23947,Normal_Weight,3.9091029169732456
23948,Normal_Weight,5.408759774081036
23949,Normal_Weight,-0.22810600135601505
23950,Normal_Weight,2.4942413012054794
23951,Normal_Weight,4.011857838764746
23952,Normal_Weight,4.031101942228779
23953,Normal_Weight,4.011427918111401
23954,Normal_Weight,3.8957670805074116
23955,Normal_Weight,2.3754369897748653
23956,Normal_Weight,4.0248419654738745
23957,Normal_Weight,0.3423765112830997
23958,Normal_Weight,0.5122719449182825
23959,Normal_Weight,2.249401903258631
23960,Normal_Weight,2.559861315452676
23961,Normal_Weight,2.6837605409528607
23962,Normal_Weight,2.8126795520426247
23963,Normal_Weight,0.3284801835502204
23964,Normal_Weight,3.3400718846864983
23965,Normal_Weight,3.9605951905226426
23966,Normal_Weight,2.007043941499976
23967,Normal_Weight,2.6010413296758768
23968,Normal_Weight,3.239912321410758
23969,Normal_Weight,4.306152532884699
23970,Normal_Weight,5.614563727739035
23971,Normal_Weight,5.287946105771494
23972,Normal_Weight,5.7689669056496955
23973,Normal_Weight,0.5136587586053213
23974,Normal_Weight,0.2594622892402323
23975,Normal_Weight,3.3754888798155043
23976,Normal_Weight,5.378563937660453
23977,Normal_Weight,2.429434661667946
23978,Normal_Weight,1.886588718647504
23979,Normal_Weight,3.0455782746745657
23980,Normal_Weight,1.9969556648602234
23981,Normal_Weight,4.008992320436641
23982,Normal_Weight,3.5391201161497814
23983,Normal_Weight,5.573253099436762
23984,Normal_Weight,4.2014063605733485
23985,Normal_Weight,1.0886696990879186
23986,Normal_Weight,2.1812133027375986
23987,Normal_Weight,3.049118993345451
23988,Normal_Weight,5.32017854574474
23989,Normal_Weight,5.692807938953502
23990,Normal_Weight,5.747428735568017
23991,Normal_Weight,3.1864793265796383
23992,Normal_Weight,3.88128936349283
23993,Normal_Weight,6.041017886254153
23994,Normal_Weight,0.0351204981521807
23995,Normal_Weight,0.8996785317189929
23996,Normal_Weight,3.098787759572693
23997,Normal_Weight,2.770801555987702
23998,Normal_Weight,2.8362924971159353
23999,Normal_Weight,4.011427918111401
24000,Normal_Weight,2.6255369960745214
24001,Normal_Weight,4.064438593172206
24002,Normal_Weight,1.2849841197909486
24003,Normal_Weight,0.40964870107760437
24004,Normal_Weight,2.3669390925699307
24005,Normal_Weight,2.8008571676624774
24006,Normal_Weight,2.1004072977859902
24007,Normal_Weight,0.09669775811585093
24008,Normal_Weight,5.995110411572268
24009,Normal_Weight,0.17790814826893828
24010,Normal_Weight,4.081552507516853
24011,Normal_Weight,3.025053665761406
24012,Normal_Weight,5.333438922358813
24013,Normal_Weight,5.1993136755759854
24014,Normal_Weight,1.9892654164938495
24015,Normal_Weight,4.328156426394256
24016,Normal_Weight,4.241581561776965
24017,Normal_Weight,0.31917754555523026
24018,Normal_Weight,4.150544369511854
24019,Normal_Weight,2.681171136201027
24020,Normal_Weight,3.103946740465474
24021,Normal_Weight,6.246929736829236
24022,Normal_Weight,4.831603451092755
24023,Normal_Weight,5.8441037761634895
24024,Normal_Weight,1.228043129760561
24025,Normal_Weight,4.2130181194083445
24026,Normal_Weight,3.9567097168850602
24027,Normal_Weight,4.137111299618051
24028,Normal_Weight,0.020986378854425055
24029,Normal_Weight,4.731587849858595
24030,Normal_Weight,3.0955475814343356
24031,Normal_Weight,4.08746003023838
24032,Normal_Weight,3.319187079344158
24033,Normal_Weight,5.2222714133077375
24034,Normal_Weight,0.28123529005256415
24035,Normal_Weight,0.6116825317263954
24036,Normal_Weight,3.4485698248869343
24037,Normal_Weight,2.3099520183033557
24038,Normal_Weight,1.0362065955576667
24039,Normal_Weight,5.814655000946361
24040,Normal_Weight,3.4025616777763483
24041,Normal_Weight,3.2047424869246557
24042,Normal_Weight,0.3460931734922871
24043,Normal_Weight,2.90856194492396
24044,Normal_Weight,2.975594690366566
24045,Normal_Weight,5.029479885248357
24046,Normal_Weight,3.085894479730042
24047,Normal_Weight,4.9141930020255655
24048,Normal_Weight,1.4858273327618738
24049,Normal_Weight,3.2482753461482585
24050,Normal_Weight,5.350626527807194
24051,Normal_Weight,5.323318711552706
24052,Normal_Weight,1.3617501092391393
24053,Normal_Weight,0.12855857045106722
24054,Normal_Weight,3.2019561055643413
24055,Normal_Weight,3.2137812046356378
24056,Normal_Weight,3.140820885506975
24057,Normal_Weight,3.073225304950293
24058,Normal_Weight,0.36104500903116393
24059,Normal_Weight,3.233546393838384
24060,Normal_Weight,6.197731344410005
24061,Normal_Weight,4.003632925118131
24062,Normal_Weight,3.166150607052462
24063,Normal_Weight,4.707545443029473
24064,Normal_Weight,3.3039143729716245
24065,Normal_Weight,0.43100052594883237
24066,Normal_Weight,2.1630714856174813
24067,Normal_Weight,1.3752261243339439
24068,Normal_Weight,4.1524077588165005
24069,Normal_Weight,4.034127832188539
24070,Normal_Weight,1.278113561732095
24071,Normal_Weight,3.477364466498918
24072,Normal_Weight,5.559737597772921
24073,Normal_Weight,0.4221159011448197
24074,Normal_Weight,3.978440089569467
24075,Normal_Weight,1.903597841656319
24076,Normal_Weight,-0.014578928707201415
24077,Normal_Weight,3.048894293587394
24078,Normal_Weight,2.4431918076397054
24079,Normal_Weight,5.166707554904129
24080,Normal_Weight,0.5380567638604116
24081,Normal_Weight,5.5060711652970395
24082,Normal_Weight,5.603237269621213
24083,Normal_Weight,5.684272075973972
24084,Normal_Weight,5.697896347694667
24085,Normal_Weight,2.205775986066688
24086,Normal_Weight,4.141195829781292
24087,Normal_Weight,1.12780158472858
24088,Normal_Weight,3.030622899875648
24089,Normal_Weight,5.887795721052584
24090,Normal_Weight,5.386627998964226
24091,Normal_Weight,3.406066258609854
24092,Normal_Weight,3.5040157564706327
24093,Normal_Weight,4.761344273951578
24094,Normal_Weight,4.746205036958641
24095,Normal_Weight,3.524841711415395
24096,Normal_Weight,0.27572520987117977
24097,Normal_Weight,0.23492364649151806
24098,Normal_Weight,2.8602092020503176
24099,Normal_Weight,2.635468743861906
24100,Normal_Weight,2.6526256259352965
24101,Normal_Weight,1.7918366445464247
24102,Normal_Weight,3.4201798263111924
24103,Normal_Weight,5.397917699769952
24104,Normal_Weight,4.323019137556623
24105,Normal_Weight,3.4074956299422627
24106,Normal_Weight,-0.08916306546006841
24107,Normal_Weight,4.07839893204991
24108,Normal_Weight,2.5967263163241987
24109,Normal_Weight,3.089941533831752
24110,Normal_Weight,0.9436799113844389
24111,Normal_Weight,2.843614531398221
24112,Normal_Weight,2.7445749575641254
24113,Normal_Weight,1.7739301297214978
24114,Normal_Weight,1.1485004411319537
24115,Normal_Weight,3.0767646114802534
24116,Normal_Weight,2.1368641077008075
24117,Normal_Weight,3.9595740298628783
24118,Normal_Weight,4.073307118627472
24119,Normal_Weight,6.424743206217777
24120,Normal_Weight,1.5962015660291322
24121,Normal_Weight,2.534647209035361
24122,Normal_Weight,5.2286727086654725
24123,Normal_Weight,4.062360333697717
24124,Normal_Weight,5.6981848512086435
24125,Normal_Weight,0.35065887975278076
24126,Normal_Weight,2.3835438036700154
24127,Normal_Weight,3.962672236289566
24128,Normal_Weight,3.1028767953160425
24129,Normal_Weight,2.739634361666081
24130,Normal_Weight,3.869012732404796
24131,Normal_Weight,5.461461091081956
24132,Normal_Weight,3.985961225818701
24133,Normal_Weight,4.566459867796335
24134,Normal_Weight,3.2377451948013403
24135,Normal_Weight,2.064550857993707
24136,Normal_Weight,1.1308888434357642
24137,Normal_Weight,2.1495498282497962
24138,Normal_Weight,2.7372843736559296
24139,Normal_Weight,4.805304111060054
24140,Normal_Weight,5.15211199650442
24141,Normal_Weight,0.21471028362392156
24142,Normal_Weight,0.9282297573812506
24143,Normal_Weight,3.3625562038139662
24144,Normal_Weight,0.23207277776191243
24145,Normal_Weight,3.3095346745844245
24146,Normal_Weight,3.3456870949449184
24147,Normal_Weight,4.020227638221682
24148,Normal_Weight,3.131871383896378
24149,Normal_Weight,2.157855204669642
24150,Normal_Weight,4.931288174935716
24151,Normal_Weight,0.5982637710817225
24152,Normal_Weight,3.1501763515049155
24153,Normal_Weight,0.1841491581180037
24154,Normal_Weight,0.35931737327032826
24155,Normal_Weight,1.9017661757624238
24156,Normal_Weight,3.502990686583185
24157,Normal_Weight,2.9100181328278953
24158,Normal_Weight,5.448787400804592
24159,Normal_Weight,2.712683836457909
24160,Normal_Weight,4.47205923950858
24161,Normal_Weight,6.334989544959625
24162,Normal_Weight,5.31117115054326
24163,Normal_Weight,5.482803350879452
24164,Normal_Weight,2.0738149474348933
24165,Normal_Weight,4.203486969798392
24166,Normal_Weight,0.6166397961406519
24167,Normal_Weight,4.010273348109772
24168,Normal_Weight,2.5097200214988726
24169,Normal_Weight,1.2356755270816062
24170,Normal_Weight,0.22928578748295056
24171,Normal_Weight,0.863549076254179
24172,Normal_Weight,3.3587726415308516
24173,Normal_Weight,3.2940574633571473
24174,Normal_Weight,4.082457219735248
24175,Normal_Weight,4.03246054209593
24176,Normal_Weight,2.2487112805647875
24177,Normal_Weight,1.2567636273222496
24178,Normal_Weight,4.034286658067804
24179,Normal_Weight,4.006202655382015
24180,Normal_Weight,3.616098257221981
24181,Normal_Weight,3.1102279650651337
24182,Normal_Weight,4.0945012068578786
24183,Normal_Weight,6.007250873800374
24184,Normal_Weight,1.1122948265897397
24185,Normal_Weight,2.9839890948282783
24186,Normal_Weight,2.9033332054297154
24187,Normal_Weight,5.2268291524463075
24188,Normal_Weight,4.999059781573017
24189,Normal_Weight,3.022865680604629
24190,Normal_Weight,4.735466920170772
24191,Normal_Weight,4.026384265653664
24192,Normal_Weight,4.911130913676352
24193,Normal_Weight,5.743597480745299
24194,Normal_Weight,0.2700530885417866
24195,Normal_Weight,5.852877157591029
24196,Normal_Weight,5.2040706756421535
24197,Normal_Weight,0.12345444189439306
24198,Normal_Weight,3.021079819975241
24199,Normal_Weight,1.8609987441088367
24200,Normal_Weight,3.153234154548389
24201,Normal_Weight,1.183562994708965
24202,Normal_Weight,5.542287330737711
24203,Normal_Weight,2.8483738799350578
24204,Normal_Weight,5.74664576439019
24205,Normal_Weight,3.544236440487961
24206,Normal_Weight,2.7492936327804283
24207,Normal_Weight,3.1143011782535064
24208,Normal_Weight,6.304688407756582
24209,Normal_Weight,4.00827434264446
24210,Normal_Weight,1.0811378192430872
24211,Normal_Weight,3.28483376248057
24212,Normal_Weight,3.533133244984319
24213,Normal_Weight,3.9783054499696595
24214,Normal_Weight,3.189726791087146
24215,Normal_Weight,5.636292857054069
24216,Normal_Weight,4.030975074768159
24217,Normal_Weight,5.906453173109045
24218,Normal_Weight,5.707031797223911
24219,Normal_Weight,2.7782554800767665
24220,Normal_Weight,4.713335217991214
24221,Normal_Weight,0.8218304055091445
24222,Normal_Weight,5.686638286583073
24223,Normal_Weight,2.7288451327768284
24224,Normal_Weight,3.3364234717093635
24225,Normal_Weight,5.002834761354945
24226,Normal_Weight,4.0557920559523435
24227,Normal_Weight,2.7183188662021855
24228,Normal_Weight,5.185762473901897
24229,Normal_Weight,3.906671129078066
24230,Normal_Weight,0.7453683660388721
24231,Normal_Weight,3.280619259066713
24232,Normal_Weight,3.8738820212807505
24233,Normal_Weight,1.9539001683575195
24234,Normal_Weight,4.209627981861722
24235,Normal_Weight,4.011857838764746
24236,Normal_Weight,2.966255599952288
24237,Normal_Weight,1.99148914834042
24238,Normal_Weight,4.006202655382015
24239,Normal_Weight,5.020145521991413
24240,Normal_Weight,2.2108628599293976
24241,Normal_Weight,3.7083546715970006
24242,Normal_Weight,0.18825909578481492
24243,Normal_Weight,1.906269743314396
24244,Normal_Weight,4.051425731205434
24245,Normal_Weight,3.950695800635906
24246,Normal_Weight,3.309750122329283
24247,Normal_Weight,0.5298217080362857
24248,Normal_Weight,2.5806143081642463
24249,Normal_Weight,2.3952564066831536
24250,Normal_Weight,3.2636160091903954
24251,Normal_Weight,4.058165920603661
24252,Normal_Weight,5.439556441771229
24253,Normal_Weight,1.1309398021629011
24254,Normal_Weight,2.9321334812228352
24255,Normal_Weight,3.9508154748776683
24256,Normal_Weight,3.40668997712097
24257,Normal_Weight,2.609934871710421
24258,Normal_Weight,0.220393941516464
24259,Normal_Weight,5.859383966851893
24260,Normal_Weight,4.029500738591483
24261,Normal_Weight,0.2789978209910478
24262,Normal_Weight,4.046754191742962
24263,Normal_Weight,-0.0901946146143505
24264,Normal_Weight,4.664850051959184
24265,Normal_Weight,4.081552507516853
24266,Normal_Weight,2.5216162150095305
24267,Normal_Weight,4.006202655382015
24268,Normal_Weight,0.7710531487501227
24269,Normal_Weight,-0.9600579320088216
24270,Normal_Weight,3.6705737043699775
24271,Normal_Weight,3.28536512106674
24272,Normal_Weight,2.1334934223907815
24273,Normal_Weight,4.030975074768159
24274,Normal_Weight,3.3471591211116762
24275,Normal_Weight,4.823214716187189
24276,Normal_Weight,0.42202544805971076
24277,Normal_Weight,4.013334060035613
24278,Normal_Weight,3.1622830418613943
24279,Normal_Weight,2.5390079581849645
24280,Normal_Weight,5.906985585378893
24281,Normal_Weight,3.2111258462952295
24282,Normal_Weight,0.3737139015863725
24283,Normal_Weight,0.1155598479151572
24284,Normal_Weight,4.020227638221682
24285,Normal_Weight,4.703037689856705
24286,Normal_Weight,0.6055338878974317
24287,Normal_Weight,2.327414882817018
24288,Normal_Weight,3.064921191465275
24289,Normal_Weight,1.617131800338098
24290,Normal_Weight,2.780195463754633
24291,Normal_Weight,4.006202655382015
24292,Normal_Weight,2.095847357575923
24293,Normal_Weight,3.028094028471231
24294,Normal_Weight,1.4694947945617858
24295,Normal_Weight,4.759280377603781
24296,Normal_Weight,4.58270010162764
24297,Normal_Weight,1.0015677203577498
24298,Normal_Weight,3.643273235677592
24299,Normal_Weight,4.006202655382015
24300,Normal_Weight,1.6557359407257075
24301,Normal_Weight,5.396443799266377
24302,Normal_Weight,3.191029285178839
24303,Normal_Weight,4.009062848499073
24304,Normal_Weight,0.906621312145624
24305,Normal_Weight,4.534610696530567
24306,Normal_Weight,4.046703553984104
24307,Normal_Weight,2.6952991654324174
24308,Normal_Weight,3.084051949705208
24309,Normal_Weight,6.517754490761565
24310,Normal_Weight,1.2026825027235863
24311,Normal_Weight,2.693740269683744
24312,Normal_Weight,4.90208534324038
24313,Normal_Weight,0.572766715882454
24314,Normal_Weight,4.642704890476356
24315,Normal_Weight,6.127970493877484
24316,Normal_Weight,0.5224696459622491
24317,Normal_Weight,3.312097149043565
24318,Normal_Weight,5.420052227185957
24319,Normal_Weight,2.884131407125546
24320,Normal_Weight,2.200040403762962
24321,Normal_Weight,4.165937849627443
24322,Normal_Weight,5.029262826133793
24323,Normal_Weight,0.08088831412537799
24324,Normal_Weight,3.095582594835102
24325,Normal_Weight,3.191752683507599
24326,Normal_Weight,4.748898319338456
24327,Normal_Weight,0.24361575067802574
24328,Normal_Weight,1.696960200074638
24329,Normal_Weight,2.3695203046201767
24330,Normal_Weight,0.018982963824330883
24331,Normal_Weight,4.202778390514204
24332,Normal_Weight,4.0248419654738745
24333,Normal_Weight,4.228436100183202
24334,Normal_Weight,3.4275836129997526
24335,Normal_Weight,1.8864633416747532
24336,Normal_Weight,0.9357821116232642
24337,Normal_Weight,4.20688997470126
24338,Normal_Weight,3.1113259235648116
24339,Normal_Weight,2.6606012689235303
24340,Normal_Weight,5.3110726923652285
24341,Normal_Weight,1.5892165116234875
24342,Normal_Weight,4.094833007426966
24343,Normal_Weight,3.159647995252251
24344,Normal_Weight,3.23850163543846
24345,Normal_Weight,3.0094402275760435
24346,Normal_Weight,3.2315575366965676
24347,Normal_Weight,5.787416184494468
24348,Normal_Weight,6.3589124476518
24349,Normal_Weight,2.5772926178215005
24350,Normal_Weight,2.592734916193547
24351,Normal_Weight,5.548547253975343
24352,Normal_Weight,4.077303189745607
24353,Normal_Weight,3.256512564917188
24354,Normal_Weight,4.021516460852566
24355,Normal_Weight,1.0309644029792315
24356,Normal_Weight,2.2164149413933765
24357,Normal_Weight,1.9964068444562286
24358,Normal_Weight,0.5257408495022113
24359,Normal_Weight,5.152520391975431
24360,Normal_Weight,5.430706280026283
24361,Normal_Weight,5.539853237057491
24362,Normal_Weight,4.009062848499073
24363,Normal_Weight,3.346909734435791
24364,Normal_Weight,2.0285642257631937
24365,Normal_Weight,2.503138999741614
24366,Normal_Weight,1.2571135114268834
24367,Normal_Weight,2.4356606156872083
24368,Normal_Weight,4.474122741352145
24369,Normal_Weight,5.549507874308591
24370,Normal_Weight,6.361731822332569
24371,Normal_Weight,0.2893377536765127
24372,Normal_Weight,4.5727001183997045
24373,Normal_Weight,3.0235330760852883
24374,Normal_Weight,4.006202655382015
24375,Normal_Weight,0.7713500900818084
24376,Normal_Weight,3.8678188051827718
24377,Normal_Weight,4.699257644734131
24378,Normal_Weight,3.249449869434391
24379,Normal_Weight,3.957174636622408
24380,Normal_Weight,2.2108865126900445
24381,Normal_Weight,2.695580563621314
24382,Normal_Weight,2.5252617959703674
24383,Normal_Weight,1.3851301247847028
24384,Normal_Weight,3.0805123963645604
24385,Normal_Weight,4.011427918111401
24386,Normal_Weight,0.3656928341416197
24387,Normal_Weight,3.3171694571901176
24388,Normal_Weight,2.5562387069882497
24389,Normal_Weight,3.1344884935219652
24390,Normal_Weight,4.93389019775654
24391,Normal_Weight,2.711590492934001
24392,Normal_Weight,2.348695517812749
24393,Normal_Weight,1.3480569941853071
24394,Normal_Weight,4.003632925118131
24395,Normal_Weight,5.756088217190863
24396,Normal_Weight,3.3188486917470925
24397,Normal_Weight,2.7742143329297626
24398,Normal_Weight,2.5614435581111126
24399,Normal_Weight,0.8734159480073133
24400,Normal_Weight,1.0479508520153946
24401,Normal_Weight,4.992992725473959
24402,Normal_Weight,6.947226205996634
24403,Normal_Weight,1.2889026341566885
24404,Normal_Weight,1.1681155328191524
24405,Normal_Weight,0.746586011421052
24406,Normal_Weight,4.006202655382015
24407,Normal_Weight,3.122552178659179
24408,Normal_Weight,2.13115728833671
24409,Normal_Weight,3.1687557990629562
24410,Normal_Weight,1.3966166253989512
24411,Normal_Weight,3.154344357477733
24412,Normal_Weight,5.764164965434215
24413,Normal_Weight,3.7727705954446575
24414,Normal_Weight,5.072912458257473
24415,Normal_Weight,4.942668824429437
24416,Normal_Weight,4.006202655382015
24417,Normal_Weight,4.035615042275319
24418,Normal_Weight,4.008600207142502
24419,Normal_Weight,3.657736607927838
24420,Normal_Weight,3.2891188021398556
24421,Normal_Weight,1.1602569024984313
24422,Normal_Weight,1.6483706737426418
24423,Normal_Weight,1.5645984580936387
24424,Normal_Weight,0.7985931833121512
24425,Normal_Weight,2.7772379498552917
24426,Normal_Weight,3.986530262239853
24427,Normal_Weight,3.2789228521280775
24428,Normal_Weight,3.01372617118064
24429,Normal_Weight,-0.1982724966600168
24430,Normal_Weight,3.1389516730777816
24431,Normal_Weight,3.9626896167261942
24432,Normal_Weight,4.067590005927187
24433,Normal_Weight,3.1232321713925506
24434,Normal_Weight,2.979182398389622
24435,Normal_Weight,1.1910985381042685
24436,Normal_Weight,3.021729495255094
24437,Normal_Weight,6.229640518613824
24438,Normal_Weight,0.194281607577943
24439,Normal_Weight,3.9948524954857563
24440,Normal_Weight,2.1485138889444655
24441,Normal_Weight,5.28583152127817
24442,Normal_Weight,4.591424990327384
24443,Normal_Weight,3.9952379588502747
24444,Normal_Weight,4.95439461476754
24445,Normal_Weight,0.7718889716452514
24446,Normal_Weight,1.4576919503640202
24447,Normal_Weight,5.106830245735469
24448,Normal_Weight,1.1268732185022097
24449,Normal_Weight,3.1391546743982683
24450,Normal_Weight,3.8033147568780676
24451,Normal_Weight,2.3948234443818563
24452,Normal_Weight,3.9447349583834916
24453,Normal_Weight,3.404464741377283
24454,Normal_Weight,0.6142040424579787
24455,Normal_Weight,5.880442831231602
24456,Normal_Weight,0.13563455844306338
24457,Normal_Weight,1.199187411341644
24458,Normal_Weight,1.2771929271247486
24459,Normal_Weight,3.16716324924031
24460,Normal_Weight,0.3140205789272703
24461,Normal_Weight,3.144011298788503
24462,Normal_Weight,3.155754930939078
24463,Normal_Weight,5.472424190703247
24464,Normal_Weight,4.006202655382015
24465,Normal_Weight,3.7287862360152677
24466,Normal_Weight,2.0893920234622656
24467,Normal_Weight,4.029789178746945
24468,Normal_Weight,5.723468647503145
24469,Normal_Weight,3.3267100048955087
24470,Normal_Weight,0.20121253656030025
24471,Normal_Weight,3.9178890062728695
24472,Normal_Weight,2.8472553780190966
24473,Normal_Weight,4.110370759459211
24474,Normal_Weight,1.8515084170693115
24475,Normal_Weight,4.208275990181362
24476,Normal_Weight,2.9840330705078104
24477,Normal_Weight,5.245601084115347
24478,Normal_Weight,4.009062848499073
24479,Normal_Weight,3.4032325602595104
24480,Normal_Weight,2.6764737174398916
24481,Normal_Weight,5.089385870457711
24482,Normal_Weight,5.353822483113326
24483,Normal_Weight,3.059323061402014
24484,Normal_Weight,0.6199356432002796
24485,Normal_Weight,2.3734810217326006
24486,Normal_Weight,5.704751412252132
24487,Normal_Weight,1.074620047592538
24488,Normal_Weight,0.9631816267625227
24489,Normal_Weight,4.009062848499073
24490,Normal_Weight,3.1469877120306506
24491,Normal_Weight,2.350739011516728
24492,Normal_Weight,0.41062617213366776
24493,Normal_Weight,3.69631087217166
24494,Normal_Weight,5.304494454795739
24495,Normal_Weight,3.0914345057105455
24496,Normal_Weight,4.715830478420511
24497,Normal_Weight,1.104612561552058
24498,Normal_Weight,4.618400377702463
24499,Normal_Weight,3.9208267221798736
24500,Normal_Weight,4.003632925118131
24501,Normal_Weight,4.045223836607726
24502,Normal_Weight,1.6709187297068984
24503,Normal_Weight,4.010169899913937
24504,Normal_Weight,2.8080921720301912
24505,Normal_Weight,2.9268148036772663
24506,Normal_Weight,5.588750379130363
24507,Normal_Weight,1.3972688317445678
24508,Normal_Weight,6.205945819405369
24509,Normal_Weight,4.013328395119469
24510,Normal_Weight,3.4040639519276343
24511,Normal_Weight,1.3187087511734081
24512,Normal_Weight,4.202778390514204
24513,Normal_Weight,0.8690251895293299
24514,Normal_Weight,5.135675150049559
24515,Normal_Weight,5.919945192005257
24516,Normal_Weight,3.7056415115991705
24517,Normal_Weight,2.1342874212127043
24518,Normal_Weight,1.4122883436722655
24519,Normal_Weight,0.4648021909957841
24520,Normal_Weight,0.3679932126992422
24521,Normal_Weight,5.705964113238571
24522,Normal_Weight,4.935474584635922
24523,Normal_Weight,4.011258537962667
24524,Normal_Weight,2.9022719791400258
24525,Normal_Weight,4.038874552360858
24526,Normal_Weight,5.918212429700107
24527,Normal_Weight,0.31692448545464114
24528,Normal_Weight,2.6996681291116156
24529,Normal_Weight,2.507470031973617
24530,Normal_Weight,2.7715471433849594
24531,Normal_Weight,1.7741211997224822
24532,Normal_Weight,3.149608393087637
24533,Normal_Weight,4.05292936339507
24534,Normal_Weight,3.2439011078183326
24535,Normal_Weight,2.3190616840965035
24536,Normal_Weight,3.458048379995752
24537,Normal_Weight,0.05886659607350434
24538,Normal_Weight,3.145948020563183
24539,Normal_Weight,1.4670964304255754
24540,Normal_Weight,3.073149659101183
24541,Normal_Weight,5.410663733546089
24542,Normal_Weight,4.052912941292213
24543,Normal_Weight,4.086762730466613
24544,Normal_Weight,2.417130151454314
24545,Normal_Weight,5.187649581347083
24546,Normal_Weight,3.138624260604696
24547,Normal_Weight,4.007958161873484
24548,Normal_Weight,2.21285982327674
24549,Normal_Weight,4.006202655382015
24550,Normal_Weight,-0.02371824849220729
24551,Normal_Weight,5.215986407890413
24552,Normal_Weight,4.831593706941634
24553,Normal_Weight,2.9353505746085164
24554,Normal_Weight,4.15585162306006
24555,Normal_Weight,5.393158951492102
24556,Normal_Weight,4.052912941292213
24557,Normal_Weight,5.7679921591368934
24558,Normal_Weight,5.679372095821067
24559,Normal_Weight,4.017181870561994
24560,Normal_Weight,0.6653840965842551
24561,Normal_Weight,3.160907989149978
24562,Normal_Weight,4.130925534423576
24563,Normal_Weight,3.7800101312077823
24564,Normal_Weight,2.954038797705931
24565,Normal_Weight,2.661050236733204
24566,Normal_Weight,3.282290842771777
24567,Normal_Weight,5.909914087426347
24568,Normal_Weight,2.9463136402968755
24569,Normal_Weight,4.88059871802617
24570,Normal_Weight,3.8894699933858257
24571,Normal_Weight,3.646675573828647
24572,Normal_Weight,3.0667462507014935
24573,Normal_Weight,3.3685035120070737
24574,Normal_Weight,6.021967881465903
24575,Normal_Weight,3.9783054499696595
24576,Normal_Weight,5.81697749037129
24577,Normal_Weight,2.7556947840562103
24578,Normal_Weight,3.6921096822703636
24579,Normal_Weight,0.11608777894412
24580,Normal_Weight,3.296783430757462
24581,Normal_Weight,0.2234653335563736
24582,Normal_Weight,4.046754191742962
24583,Normal_Weight,0.19896687865467158
24584,Normal_Weight,3.7060060977467955
24585,Normal_Weight,2.2348509204870504
24586,Normal_Weight,2.890125992237905
24587,Normal_Weight,2.301713449075103
24588,Normal_Weight,6.6251243486101465
24589,Normal_Weight,4.68171648911326
24590,Normal_Weight,6.2041133268214095
24591,Normal_Weight,3.927800827613554
24592,Normal_Weight,4.24930273129763
24593,Normal_Weight,4.230686900192029
24594,Normal_Weight,0.26594470528793335
24595,Normal_Weight,3.2619909442840394
24596,Normal_Weight,2.719435264034253
24597,Normal_Weight,3.9913604773334788
24598,Normal_Weight,2.0697315020413587
24599,Normal_Weight,4.560982511753309
24600,Normal_Weight,1.3644480148657288
24601,Normal_Weight,3.9340839933753484
24602,Normal_Weight,4.003632925118131
24603,Normal_Weight,0.22562814692442992
24604,Normal_Weight,4.081552507516853
24605,Normal_Weight,4.012230594137904
24606,Normal_Weight,4.009062848499073
24607,Normal_Weight,3.2180568411995796
24608,Normal_Weight,6.211425721075092
24609,Normal_Weight,2.8315913102702255
24610,Normal_Weight,2.94107860446137
24611,Normal_Weight,3.059724012064074
24612,Normal_Weight,3.694961348890863
24613,Normal_Weight,4.644426513292632
24614,Normal_Weight,0.9094973536007618
24615,Normal_Weight,4.319591796527662
24616,Normal_Weight,0.2689892088216828
24617,Normal_Weight,3.0653941588206686
24618,Normal_Weight,3.406392779095862
24619,Normal_Weight,1.2111607935674202
24620,Normal_Weight,3.729113696558367
24621,Normal_Weight,4.026384265653664
24622,Normal_Weight,0.9659915613127924
24623,Normal_Weight,4.016188588236525
24624,Normal_Weight,4.64634359220834
24625,Normal_Weight,3.069519278679605
24626,Normal_Weight,3.0089242776511025
24627,Normal_Weight,2.760155872467993
24628,Normal_Weight,2.0551355674694833
24629,Normal_Weight,3.420085238324652
24630,Normal_Weight,5.414872051935455
24631,Normal_Weight,4.965215331277252
24632,Normal_Weight,-0.10651197406411488
24633,Normal_Weight,5.657291234618896
24634,Normal_Weight,2.1651467435720275
24635,Normal_Weight,3.904111630734219
24636,Normal_Weight,2.5230966603093803
24637,Normal_Weight,3.992079215859249
24638,Normal_Weight,4.067205521733184
24639,Normal_Weight,5.2926493016670495
24640,Normal_Weight,0.40448403637438973
24641,Normal_Weight,3.315562304734777
24642,Normal_Weight,2.5455994175320162
24643,Normal_Weight,2.2130924858047343
24644,Normal_Weight,2.409551611075012
24645,Normal_Weight,3.9135889079523936
24646,Normal_Weight,4.0248419654738745
24647,Normal_Weight,1.92646204450175
24648,Normal_Weight,0.5403493970989327
24649,Normal_Weight,4.006202655382015
24650,Normal_Weight,3.1090477463412527
24651,Normal_Weight,4.763138159155698
24652,Normal_Weight,5.964368796947492
24653,Normal_Weight,0.0182142798886875
24654,Normal_Weight,6.3237632343703
24655,Normal_Weight,1.443076113453082
24656,Normal_Weight,3.327949456107588
24657,Normal_Weight,6.2168412791924395
24658,Normal_Weight,1.2134456816748012
24659,Normal_Weight,4.028241749111727
24660,Normal_Weight,4.231082901787496
24661,Normal_Weight,3.16641478740916
24662,Normal_Weight,5.328051153943611
24663,Normal_Weight,5.3792035995758525
24664,Normal_Weight,1.0650222003483183
24665,Normal_Weight,0.13250758245580493
24666,Normal_Weight,4.079498772093254
24667,Normal_Weight,1.0702937893498585
24668,Normal_Weight,1.4105012121971834
24669,Normal_Weight,4.030975074768159
24670,Normal_Weight,5.750068684023475
24671,Normal_Weight,5.1651605577110455
24672,Normal_Weight,3.1272789167977564
24673,Normal_Weight,4.031267639071487
24674,Normal_Weight,0.20564121270667923
24675,Normal_Weight,3.9252200775876673
24676,Normal_Weight,3.9252067384822955
24677,Normal_Weight,5.585735252380486
24678,Normal_Weight,3.3031454382607
24679,Normal_Weight,4.150544369511854
24680,Normal_Weight,1.7991635197735185
24681,Normal_Weight,5.215409871909048
24682,Normal_Weight,0.009211861305865451
24683,Normal_Weight,3.1051140829545063
24684,Normal_Weight,3.9719927333536296
24685,Normal_Weight,1.9419353704074742
24686,Normal_Weight,3.187728653655369
24687,Normal_Weight,4.029891617593037
24688,Normal_Weight,0.1076661204053796
24689,Normal_Weight,0.035778397720273525
24690,Normal_Weight,3.974886256166751
24691,Normal_Weight,2.342472039094884
24692,Normal_Weight,2.9174919707483196
24693,Normal_Weight,3.2243229461844614
24694,Normal_Weight,4.076345196626312
24695,Normal_Weight,4.008704263297804
24696,Normal_Weight,4.619373205176393
24697,Normal_Weight,6.256795808157833
24698,Normal_Weight,3.324899619391784
24699,Normal_Weight,3.221952415364621
24700,Normal_Weight,4.094833007426966
24701,Normal_Weight,3.8609839171823617
24702,Normal_Weight,2.6991509607635824
24703,Normal_Weight,3.539018225308964
24704,Normal_Weight,0.6211934034236719
24705,Normal_Weight,4.006171094473254
24706,Normal_Weight,5.1875995610700905
24707,Normal_Weight,5.330008633965936
24708,Normal_Weight,0.5161232086863671
24709,Normal_Weight,5.9623363449367375
24710,Normal_Weight,0.36314423883882435
24711,Normal_Weight,2.393998803909848
24712,Normal_Weight,4.024771437411444
24713,Normal_Weight,3.744633967133691
24714,Normal_Weight,0.8927549607889397
24715,Normal_Weight,3.4234819543864914
24716,Normal_Weight,0.7563059297070495
24717,Normal_Weight,4.020227638221682
24718,Normal_Weight,4.030975074768159
24719,Normal_Weight,4.029513504936347
24720,Normal_Weight,1.9961793920818849
24721,Normal_Weight,3.233582032747474
24722,Normal_Weight,0.2532547735980035
24723,Normal_Weight,1.237978266747341
24724,Normal_Weight,1.6281340756318798
24725,Normal_Weight,4.470630792279228
24726,Normal_Weight,1.2051695222045613
24727,Normal_Weight,3.9525992958155536
24728,Normal_Weight,3.0209650159669854
24729,Normal_Weight,4.294586138820208
24730,Normal_Weight,3.8984720195595055
24731,Normal_Weight,0.6652529156474626
24732,Normal_Weight,2.713489243119022
24733,Normal_Weight,0.15826025242382907
24734,Normal_Weight,5.456710498847482
24735,Normal_Weight,4.697291604410943
24736,Normal_Weight,3.2674850619084537
24737,Normal_Weight,3.3245298690560143
24738,Normal_Weight,2.346412783452568
24739,Normal_Weight,3.2719625764030513
24740,Normal_Weight,3.283990916885606
24741,Normal_Weight,1.3706916871670367
24742,Normal_Weight,5.041360485715692
24743,Normal_Weight,3.165045723991147
24744,Normal_Weight,3.32630549174432
24745,Normal_Weight,3.161288371992609
24746,Normal_Weight,4.45449836133136
24747,Normal_Weight,3.0656293621156414
24748,Normal_Weight,3.2029288495347323
24749,Normal_Weight,4.013911574188344
24750,Normal_Weight,4.011427918111401
24751,Normal_Weight,2.450071781531601
24752,Normal_Weight,5.020583594263637
24753,Normal_Weight,3.4730173498095676
24754,Normal_Weight,3.9489185738177652
24755,Normal_Weight,0.4006188062892011
24756,Normal_Weight,6.322608096884105
24757,Normal_Weight,5.569575634872945
24758,Normal_Weight,5.659555265639753
24759,Normal_Weight,3.9996763842467082
24760,Normal_Weight,2.969552329634313
24761,Normal_Weight,1.0768617750147982
24762,Normal_Weight,2.4658367716175844
24763,Normal_Weight,1.190683963601562
24764,Normal_Weight,0.061056453754894886
24765,Normal_Weight,1.5258241303852762
24766,Normal_Weight,-0.08022533274250827
24767,Normal_Weight,3.1566858339615558
24768,Normal_Weight,2.0424949874886495
24769,Normal_Weight,3.925831078897827
24770,Normal_Weight,5.105736948836679
24771,Normal_Weight,5.087652275096035
24772,Normal_Weight,4.0113310230661385
24773,Normal_Weight,0.3175187051950616
24774,Normal_Weight,2.288686755120382
24775,Normal_Weight,4.046754191742962
24776,Normal_Weight,3.9314667152372005
24777,Normal_Weight,2.898485343936544
24778,Normal_Weight,4.147390794044911
24779,Normal_Weight,2.858849645617568
24780,Normal_Weight,2.303096932578202
24781,Normal_Weight,0.8781005705490234
24782,Normal_Weight,0.2698977006321607
24783,Normal_Weight,5.118777572964544
24784,Normal_Weight,1.3365612497663713
24785,Normal_Weight,5.835550730040671
24786,Normal_Weight,3.8226261717269407
24787,Normal_Weight,4.825416538203961
24788,Normal_Weight,-0.015027902862752894
24789,Normal_Weight,3.1436525072225883
24790,Normal_Weight,1.5670897248728808
24791,Normal_Weight,2.1567297499452294
24792,Normal_Weight,5.093109182698315
24793,Normal_Weight,4.739103764570399
24794,Normal_Weight,2.5772726594162636
24795,Normal_Weight,2.2300042379625653
24796,Normal_Weight,1.8923281081393926
24797,Normal_Weight,5.165849566535016
24798,Normal_Weight,4.091931476593994
24799,Normal_Weight,3.2273461005556707
24800,Normal_Weight,3.044998437694393
24801,Normal_Weight,0.30817773872791104
24802,Normal_Weight,0.10937223096530128
24803,Normal_Weight,4.7323931772965
24804,Normal_Weight,2.6650188832841843
24805,Normal_Weight,0.16172701893115973
24806,Normal_Weight,4.213465010930933
24807,Normal_Weight,1.7370968903909851
24808,Normal_Weight,6.497594631779092
24809,Normal_Weight,3.101437297270961
24810,Normal_Weight,4.006171094473254
24811,Normal_Weight,3.073703746043819
24812,Normal_Weight,1.0090743915226004
24813,Normal_Weight,5.179610298781775
24814,Normal_Weight,0.09491068787577599
24815,Normal_Weight,2.8147604719699664
24816,Normal_Weight,5.049329317993559
24817,Normal_Weight,5.606850767519285
24818,Normal_Weight,3.1118211363280937
24819,Normal_Weight,2.762914670273971
24820,Normal_Weight,1.2661129474563142
24821,Normal_Weight,2.9331515264214802
24822,Normal_Weight,3.084570215154931
24823,Normal_Weight,3.7396930818274776
24824,Normal_Weight,1.289937457161802
24825,Normal_Weight,3.8777636816157686
24826,Normal_Weight,4.02794744204939
24827,Normal_Weight,3.722930217688069
24828,Normal_Weight,0.2996474149929179
24829,Normal_Weight,4.006202655382015
24830,Normal_Weight,5.33480333856753
24831,Normal_Weight,3.1814209735650305
24832,Normal_Weight,4.021981772356822
24833,Normal_Weight,3.9577440464936564
24834,Normal_Weight,5.309315228892931
24835,Normal_Weight,3.4725448955128577
24836,Normal_Weight,2.384550700628751
24837,Normal_Weight,2.863440859801117
24838,Normal_Weight,5.407664332122444
24839,Normal_Weight,6.323617628169229
24840,Normal_Weight,3.0291622528556372
24841,Normal_Weight,5.100602247517894
24842,Normal_Weight,5.382336698878138
24843,Normal_Weight,3.9197752804561894
24844,Normal_Weight,1.9968308311685312
24845,Normal_Weight,1.3361554345478315
24846,Normal_Weight,6.326363022340334
24847,Normal_Weight,3.360950495760606
24848,Normal_Weight,4.884607802849033
24849,Normal_Weight,4.7510561074773054
24850,Normal_Weight,5.277458913696365
24851,Normal_Weight,3.114225768307646
24852,Normal_Weight,3.129214747702164
24853,Normal_Weight,3.07189262220672
24854,Normal_Weight,4.162537797795198
24855,Normal_Weight,2.500904939845109
24856,Normal_Weight,3.2932933482365847
24857,Normal_Weight,2.2151681099305027
24858,Normal_Weight,3.148914758097563
24859,Normal_Weight,2.0018904167355056
24860,Normal_Weight,4.177591142195319
24861,Normal_Weight,1.019641548408306
24862,Normal_Weight,5.06373663152274
24863,Normal_Weight,4.195764230797074
24864,Normal_Weight,4.765614398848725
24865,Normal_Weight,4.812890832441533
24866,Normal_Weight,5.564295965856922
24867,Normal_Weight,4.740642972083792
24868,Normal_Weight,0.790563409578669
24869,Normal_Weight,3.9420216150964538
24870,Normal_Weight,4.008565186135117
24871,Normal_Weight,3.06230041835739
24872,Normal_Weight,2.84072151153717
24873,Normal_Weight,0.3881112290277607
24874,Normal_Weight,0.44571950045800407
24875,Normal_Weight,1.1773318542838789
24876,Normal_Weight,1.7198005476494966
24877,Normal_Weight,2.685775620972951
24878,Normal_Weight,-0.011708096673528644
24879,Normal_Weight,0.2138158073927557
24880,Normal_Weight,3.1996184005808845
24881,Normal_Weight,3.235667700123942
24882,Normal_Weight,4.740730907980602
24883,Normal_Weight,3.2488257556160307
24884,Normal_Weight,2.0431654780080435
24885,Normal_Weight,1.7947330552176752
24886,Normal_Weight,2.611999797255331
24887,Normal_Weight,3.5421246236358424
24888,Normal_Weight,3.19498816355286
24889,Normal_Weight,2.924760229672661
24890,Normal_Weight,0.10770216625593293
24891,Normal_Weight,3.5468940852681587
24892,Normal_Weight,3.898907860594647
24893,Normal_Weight,3.994300367798458
24894,Normal_Weight,4.009062848499073
24895,Normal_Weight,0.003275389480253928
24896,Normal_Weight,5.247365584313175
24897,Normal_Weight,4.015920840628921
24898,Normal_Weight,4.060007302989549
24899,Normal_Weight,3.9805275635695394
24900,Normal_Weight,3.183689828810233
24901,Normal_Weight,1.360085665558103
24902,Normal_Weight,0.16207516771775704
24903,Normal_Weight,3.2946103888332234
24904,Normal_Weight,2.989361260844049
24905,Normal_Weight,2.553241592885345
24906,Normal_Weight,2.1657506954161914
24907,Normal_Weight,1.1341158847787653
24908,Normal_Weight,0.5103752634372181
24909,Normal_Weight,3.2473562751861067
24910,Normal_Weight,0.636590752066405
24911,Normal_Weight,3.2714885188937126
24912,Normal_Weight,4.020227638221682
24913,Normal_Weight,6.202932958099748
24914,Normal_Weight,1.0052713296013975
24915,Normal_Weight,4.006202655382015
24916,Normal_Weight,3.027082987705414
24917,Normal_Weight,0.16819826244592606
24918,Normal_Weight,3.4533926578479166
24919,Normal_Weight,6.2056266609918085
24920,Normal_Weight,0.23932787537507486
24921,Normal_Weight,4.999450333397409
24922,Normal_Weight,0.1837788502526022
24923,Normal_Weight,4.013813007957513
24924,Normal_Weight,2.7629437517931517
24925,Normal_Weight,3.188270073211342
24926,Normal_Weight,4.011427918111401
24927,Normal_Weight,5.62263062085109
24928,Normal_Weight,2.1483827746438293
24929,Normal_Weight,4.582579597233157
24930,Normal_Weight,5.106517322152314
24931,Normal_Weight,3.564545088380943
24932,Normal_Weight,5.438023381405928
24933,Normal_Weight,2.7590020033955187
24934,Normal_Weight,4.221759777909919
24935,Normal_Weight,6.270264014182853
24936,Normal_Weight,2.529797983329803
24937,Normal_Weight,6.102984287038341
24938,Normal_Weight,1.2943232210205946
24939,Normal_Weight,3.100040440501613
24940,Normal_Weight,5.873404283343086
24941,Normal_Weight,3.991698920018813
24942,Normal_Weight,0.7081090237446456
24943,Normal_Weight,2.176912114102615
24944,Normal_Weight,1.3780662802895396
24945,Normal_Weight,1.4702144785930304
24946,Normal_Weight,2.8081731462420008
24947,Normal_Weight,4.100761183612783
24948,Normal_Weight,3.1409328513927504
24949,Normal_Weight,5.315988330403395
24950,Normal_Weight,2.804489346367213
24951,Normal_Weight,2.946896978075786
24952,Normal_Weight,0.5346957645662326
24953,Normal_Weight,3.9830972938334233
24954,Normal_Weight,2.5368983007141948
24955,Normal_Weight,6.184977270971275
24956,Normal_Weight,5.632692968618384
24957,Normal_Weight,2.8674024006310543
24958,Normal_Weight,5.312329424665603
24959,Normal_Weight,0.34275755991441653
24960,Normal_Weight,0.1182714575300933
24961,Normal_Weight,3.0032869769807142
24962,Normal_Weight,3.278162766628781
24963,Normal_Weight,2.4287221537899186
24964,Normal_Weight,2.541154747503889
24965,Normal_Weight,2.685294908205441
24966,Normal_Weight,3.8269722865790263
24967,Normal_Weight,0.8675374632885415
24968,Normal_Weight,1.5912613495512735
24969,Normal_Weight,5.8406276286015295
24970,Normal_Weight,4.031101942228779
24971,Normal_Weight,2.9969275078465487
24972,Normal_Weight,5.020063759117081
24973,Normal_Weight,3.2205693818551024
24974,Normal_Weight,3.3162967742797673
24975,Normal_Weight,4.126167446732487
24976,Normal_Weight,2.377424983668723
24977,Normal_Weight,5.115179273642297
24978,Normal_Weight,0.13853727663088186
24979,Normal_Weight,1.3747105037157143
24980,Normal_Weight,2.899353539274356
24981,Normal_Weight,6.3674231772592655
24982,Normal_Weight,2.7108264440177456
24983,Normal_Weight,3.320528903887872
24984,Normal_Weight,4.009062848499073
24985,Normal_Weight,4.028241749111727
24986,Normal_Weight,3.1353043434999712
24987,Normal_Weight,0.43885917925750656
24988,Normal_Weight,0.22568310086177507
24989,Normal_Weight,0.14046264265752204
24990,Normal_Weight,0.3322403990018361
24991,Normal_Weight,3.87580173030876
24992,Normal_Weight,4.023416798380138
24993,Normal_Weight,3.1748124232073245
24994,Normal_Weight,2.919265661483931
24995,Normal_Weight,3.9722649049612344
24996,Normal_Weight,4.4105027826066525
24997,Normal_Weight,0.005341875195276324
24998,Normal_Weight,4.010981026588814
24999,Normal_Weight,3.0579332684838234
25000,Normal_Weight,6.069079574866528
25001,Normal_Weight,3.1592745508161557
25002,Normal_Weight,4.708362864103249
25003,Normal_Weight,6.04631848480083
25004,Normal_Weight,3.1071581854302295
25005,Normal_Weight,3.402244284664541
25006,Normal_Weight,0.028535260343976604
25007,Normal_Weight,4.057527268544406
25008,Normal_Weight,1.2846781093192026
25009,Normal_Weight,2.5471279286023076
25010,Normal_Weight,-0.053155778425296285
25011,Normal_Weight,1.9953235994849483
25012,Normal_Weight,4.011258537962667
25013,Normal_Weight,6.2785443130722856
25014,Normal_Weight,0.051585923706612344
25015,Normal_Weight,3.2648332581133213
25016,Normal_Weight,4.053014168497866
25017,Normal_Weight,6.032546943729364
25018,Normal_Weight,0.5541051720324922
25019,Normal_Weight,4.009062848499073
25020,Normal_Weight,5.700263020477809
25021,Normal_Weight,1.650035382053204
25022,Normal_Weight,5.614601561535242
25023,Normal_Weight,3.892661805616569
25024,Normal_Weight,2.3816072572083793
25025,Normal_Weight,4.006202655382015
25026,Normal_Weight,6.1180377986994365
25027,Normal_Weight,3.6794073544047956
25028,Normal_Weight,2.690591973831762
25029,Normal_Weight,1.3155113060098362
25030,Normal_Weight,0.7882603336967469
25031,Normal_Weight,4.1809127723055495
25032,Normal_Weight,2.5409854251604576
25033,Normal_Weight,5.12271583585397
25034,Normal_Weight,4.696937351720822
25035,Normal_Weight,4.07839893204991
25036,Normal_Weight,4.028241749111727
25037,Normal_Weight,3.2102993564243123
25038,Normal_Weight,3.4979588571793934
25039,Normal_Weight,3.930297738311914
25040,Normal_Weight,1.0348658033015639
25041,Normal_Weight,2.271689269788031
25042,Normal_Weight,3.0145792840998014
25043,Normal_Weight,2.4173872090783113
25044,Normal_Weight,5.476739720537394
25045,Normal_Weight,3.5731001286787176
25046,Normal_Weight,3.2191742827781753
25047,Normal_Weight,0.23714610817677184
25048,Normal_Weight,3.2732312040848353
25049,Normal_Weight,1.7800156697059413
25050,Normal_Weight,0.17842562071268514
25051,Normal_Weight,5.401450041913966
25052,Normal_Weight,3.2768895470094352
25053,Normal_Weight,0.6011226818057328
25054,Normal_Weight,0.5976422430055692
25055,Normal_Weight,2.3141491238479768
25056,Normal_Weight,4.011427918111401
25057,Normal_Weight,2.546696619034724
25058,Normal_Weight,4.033422759127767
25059,Normal_Weight,3.1937692980701127
25060,Normal_Weight,2.189692625766239
25061,Normal_Weight,1.414623961390712
25062,Normal_Weight,4.021567628829381
25063,Normal_Weight,5.724529158202032
25064,Normal_Weight,3.03757272187584
25065,Normal_Weight,4.007874006240233
25066,Normal_Weight,3.2545114633943166
25067,Normal_Weight,2.718089609308324
25068,Normal_Weight,4.009062848499073
25069,Normal_Weight,3.9845654267245645
25070,Normal_Weight,5.750341883464761
25071,Normal_Weight,5.3031530156560995
25072,Normal_Weight,5.063970685700342
25073,Normal_Weight,4.432952568662199
25074,Normal_Weight,4.021981772356822
25075,Normal_Weight,5.292651713979735
25076,Normal_Weight,4.028697908807603
25077,Normal_Weight,4.103853023935503
25078,Normal_Weight,3.4537258222819127
25079,Normal_Weight,0.258915134811403
25080,Normal_Weight,2.8783886070301308
25081,Normal_Weight,3.9802872667220415
25082,Normal_Weight,4.030975074768159
25083,Normal_Weight,3.082799350731115
25084,Normal_Weight,3.4244055261665944
25085,Normal_Weight,4.214359945559584
25086,Normal_Weight,4.028241749111727
25087,Normal_Weight,5.179640155832899
25088,Normal_Weight,0.2882246107015105
25089,Normal_Weight,3.3244047639612315
25090,Normal_Weight,3.2465726899329366
25091,Normal_Weight,2.474626118663144
25092,Normal_Weight,4.0756425399741625
25093,Normal_Weight,2.697394001187117
25094,Normal_Weight,0.67497707073472
25095,Normal_Weight,4.493756694005191
25096,Normal_Weight,3.357140123219448
25097,Normal_Weight,4.0248419654738745
25098,Normal_Weight,1.8860219677621037
25099,Normal_Weight,3.5340537958631915
25100,Normal_Weight,1.976401316413585
25101,Normal_Weight,4.760358228191087
25102,Normal_Weight,2.231873009051709
25103,Normal_Weight,4.031267639071487
25104,Normal_Weight,1.6392619153579968
25105,Normal_Weight,1.2760022414778358
25106,Normal_Weight,0.9572498274703541
25107,Normal_Weight,4.071293198344049
25108,Normal_Weight,-0.08813749465140285
25109,Normal_Weight,4.115946056013013
25110,Normal_Weight,2.9533053892344747
25111,Normal_Weight,2.3564833403391017
25112,Normal_Weight,3.1679199218461207
25113,Normal_Weight,3.1878457237896294
25114,Normal_Weight,1.1801659891097211
25115,Normal_Weight,2.018614934700727
25116,Normal_Weight,6.0253937827839685
25117,Normal_Weight,3.609371064607641
25118,Normal_Weight,2.556665998194175
25119,Normal_Weight,4.85951176868093
25120,Normal_Weight,2.453330008384731
25121,Normal_Weight,6.4849274389449585
25122,Normal_Weight,0.40397191739425636
25123,Normal_Weight,4.07839893204991
25124,Normal_Weight,3.9893463116935823
25125,Normal_Weight,5.186670769668991
25126,Normal_Weight,2.9277128222855464
25127,Normal_Weight,1.2880265401541733
25128,Normal_Weight,4.009062848499073
25129,Normal_Weight,3.1230958696841626
25130,Normal_Weight,1.016806535161734
25131,Normal_Weight,4.006202655382015
25132,Normal_Weight,0.4166831926904739
25133,Normal_Weight,2.397473114586608
25134,Normal_Weight,6.144349087680109
25135,Normal_Weight,2.1884821402297487
25136,Normal_Weight,0.018309464590785533
25137,Normal_Weight,3.4320539339282505
25138,Normal_Weight,3.65348214741164
25139,Normal_Weight,3.0499260229963365
25140,Normal_Weight,5.9670907548717
25141,Normal_Weight,2.73127659866068
25142,Normal_Weight,5.7795842628305225
25143,Normal_Weight,2.9187376208957168
25144,Normal_Weight,3.4548912554847817
25145,Normal_Weight,5.638136372733035
25146,Normal_Weight,0.11426677295172874
25147,Normal_Weight,4.211752823193306
25148,Normal_Weight,0.5376356379089422
25149,Normal_Weight,1.220565110517869
25150,Normal_Weight,5.838816189047924
25151,Normal_Weight,3.981747093794845
25152,Normal_Weight,2.497345526968934
25153,Normal_Weight,4.081552507516853
25154,Normal_Weight,1.731723966903173
25155,Normal_Weight,4.006493118235189
25156,Normal_Weight,2.917451822375359
25157,Normal_Weight,5.0925506042193245
25158,Normal_Weight,4.053110869876703
25159,Normal_Weight,2.814982742905056
25160,Normal_Weight,0.3572730741159833
25161,Normal_Weight,5.7709496432329574
25162,Normal_Weight,3.197686373094644
25163,Normal_Weight,3.2134233459777723
25164,Normal_Weight,2.072750295348466
25165,Normal_Weight,0.6439803504591859
25166,Normal_Weight,1.5436319962901688
25167,Normal_Weight,2.097269956060796
25168,Normal_Weight,5.305982836720243
25169,Normal_Weight,2.768087509494974
25170,Normal_Weight,4.438885089002064
25171,Normal_Weight,4.669324427650444
25172,Normal_Weight,0.2836699458510391
25173,Normal_Weight,-0.09375463815259023
25174,Normal_Weight,4.4934830211850345
25175,Normal_Weight,4.272982159883414
25176,Normal_Weight,0.2624821935093437
25177,Normal_Weight,5.86017945802305
25178,Normal_Weight,5.476082055723939
25179,Normal_Weight,3.661453245344568
25180,Normal_Weight,4.009062848499073
25181,Normal_Weight,4.015259040857095
25182,Normal_Weight,3.239412067297403
25183,Normal_Weight,2.282629018575188
25184,Normal_Weight,2.983825932287709
25185,Normal_Weight,0.7669479354307162
25186,Normal_Weight,4.504518347665729
25187,Normal_Weight,0.009686293904928997
25188,Normal_Weight,4.031101942228779
25189,Normal_Weight,4.091194687681481
25190,Normal_Weight,1.24018799528736
25191,Normal_Weight,1.560419715697527
25192,Normal_Weight,4.748663170368248
25193,Normal_Weight,3.9389785524601337
25194,Normal_Weight,4.107369578692367
25195,Normal_Weight,4.075850312504677
25196,Normal_Weight,3.23637772302175
25197,Normal_Weight,6.396133101957045
25198,Normal_Weight,0.11710966774473976
25199,Normal_Weight,0.5592538642893086
25200,Normal_Weight,2.5744838484688684
25201,Normal_Weight,2.717371615817422
25202,Normal_Weight,3.2922025772119663
25203,Normal_Weight,3.3414565026873806
25204,Normal_Weight,2.854142316718406
25205,Normal_Weight,0.2893533270259638
25206,Normal_Weight,3.035028562639286
25207,Normal_Weight,3.4231795407901404
25208,Normal_Weight,4.308048539797579
25209,Normal_Weight,3.9783054499696595
25210,Normal_Weight,3.96658454763737
25211,Normal_Weight,2.654573971505199
25212,Normal_Weight,4.140901946307362
25213,Normal_Weight,4.007115663566506
25214,Normal_Weight,0.4623726362893638
25215,Normal_Weight,3.368805612249466
25216,Normal_Weight,4.006202655382015
25217,Normal_Weight,2.5676896176666895
25218,Normal_Weight,2.3000644554043954
25219,Normal_Weight,4.844912586989285
25220,Normal_Weight,2.573919105924391
25221,Normal_Weight,4.150544369511854
25222,Normal_Weight,3.090001268318125
25223,Normal_Weight,0.22402662037884724
25224,Normal_Weight,0.5500395981491496
25225,Normal_Weight,5.665982436342489
25226,Normal_Weight,3.4456089333763886
25227,Normal_Weight,3.572540020659042
25228,Normal_Weight,0.0027243856806982584
25229,Normal_Weight,4.599742689645138
25230,Normal_Weight,4.093577126096706
25231,Normal_Weight,0.06476353624288066
25232,Normal_Weight,2.6355793235916036
25233,Normal_Weight,1.6757136998773807
25234,Normal_Weight,6.239967743392964
25235,Normal_Weight,1.2314257596816183
25236,Normal_Weight,4.006202655382015
25237,Normal_Weight,3.0343099342943707
25238,Normal_Weight,1.6728717420286665
25239,Normal_Weight,5.091261218742952
25240,Normal_Weight,0.7841311640699161
25241,Normal_Weight,0.24032921306744803
25242,Normal_Weight,5.4136330982760565
25243,Normal_Weight,3.266621907070124
25244,Normal_Weight,0.09331162528193711
25245,Normal_Weight,3.2736408693620116
25246,Normal_Weight,0.8524318445201983
25247,Normal_Weight,4.021981772356822
25248,Normal_Weight,0.08192542720070957
25249,Normal_Weight,0.9283081255708732
25250,Normal_Weight,1.7183745654635734
25251,Normal_Weight,5.664021548966187
25252,Normal_Weight,4.8688777691115765
25253,Normal_Weight,3.825733174422112
25254,Normal_Weight,0.5692752956482365
25255,Normal_Weight,2.9101968298995198
25256,Normal_Weight,3.420564135084555
25257,Normal_Weight,0.2932191355028296
25258,Normal_Weight,4.030975074768159
25259,Normal_Weight,5.624075463794102
25260,Normal_Weight,0.0048629918419958885
25261,Normal_Weight,2.606514431362681
25262,Normal_Weight,2.651761034292519
25263,Normal_Weight,5.507987171439998
25264,Normal_Weight,3.3497808904524145
25265,Normal_Weight,0.20906745258569437
25266,Normal_Weight,3.458721183969725
25267,Normal_Weight,0.6974769832373796
25268,Normal_Weight,3.204380545062466
25269,Normal_Weight,5.17232243661269
25270,Normal_Weight,3.086876543750335
25271,Normal_Weight,4.003403479546791
25272,Normal_Weight,0.2596228740920391
25273,Normal_Weight,0.9008158943052088
25274,Normal_Weight,2.6918559316774853
25275,Normal_Weight,5.554261253481466
25276,Normal_Weight,2.5907328265657683
25277,Normal_Weight,2.7534709399416415
25278,Normal_Weight,4.07839893204991
25279,Normal_Weight,3.3545437615108633
25280,Normal_Weight,4.042139864490769
25281,Normal_Weight,3.9963712347952685
25282,Normal_Weight,6.531537316486387
25283,Normal_Weight,4.247920907897265
25284,Normal_Weight,3.3786500504944486
25285,Normal_Weight,4.93884289947782
25286,Normal_Weight,3.964483579022985
25287,Normal_Weight,2.761577467414839
25288,Normal_Weight,3.2378241957742966
25289,Normal_Weight,4.040334379433662
25290,Normal_Weight,1.752750380721132
25291,Normal_Weight,3.1076402991351966
25292,Normal_Weight,3.2022363156090163
25293,Normal_Weight,0.7238907957814779
25294,Normal_Weight,5.2866022105523856
25295,Normal_Weight,5.2477036019841865
25296,Normal_Weight,4.006202655382015
25297,Normal_Weight,5.719744112863088
25298,Normal_Weight,4.053014168497866
25299,Normal_Weight,3.4009801867165845
25300,Normal_Weight,4.397790517299661
25301,Normal_Weight,3.16130366291689
25302,Normal_Weight,2.967211259949183
25303,Normal_Weight,4.343650368617988
25304,Normal_Weight,0.053812932942608624
25305,Normal_Weight,5.141903542131651
25306,Normal_Weight,3.6236755583463753
25307,Normal_Weight,4.03682554188602
25308,Normal_Weight,3.078747457845898
25309,Normal_Weight,5.294840455184703
25310,Normal_Weight,3.1734976972508795
25311,Normal_Weight,4.669517283574908
25312,Normal_Weight,3.095387889263247
25313,Normal_Weight,4.287774505482278
25314,Normal_Weight,0.5969744683023698
25315,Normal_Weight,3.961491604453273
25316,Normal_Weight,0.5666400274828481
25317,Normal_Weight,3.428441758071289
25318,Normal_Weight,3.1523099417896496
25319,Normal_Weight,2.472459554360486
25320,Normal_Weight,1.5098424764983829
25321,Normal_Weight,2.5956024864174663
25322,Normal_Weight,0.8740657353624858
25323,Normal_Weight,0.6402570680350789
25324,Normal_Weight,2.83497599963451
25325,Normal_Weight,4.040805796426475
25326,Normal_Weight,2.9485647444042096
25327,Normal_Weight,0.3687864293310714
25328,Normal_Weight,3.2278016933031055
25329,Normal_Weight,3.131112092313702
25330,Normal_Weight,4.035615042275319
25331,Normal_Weight,2.775761595086867
25332,Normal_Weight,1.131907250413771
25333,Normal_Weight,2.06628578642945
25334,Normal_Weight,2.9317688287411103
25335,Normal_Weight,1.210601885011871
25336,Normal_Weight,4.0051254286683875
25337,Normal_Weight,4.006202655382015
25338,Normal_Weight,3.0506356421708962
25339,Normal_Weight,1.6433841822793827
25340,Normal_Weight,0.08252381114337756
25341,Normal_Weight,5.571917829827939
25342,Normal_Weight,4.038093017660576
25343,Normal_Weight,4.0811056159942645
25344,Normal_Weight,3.9986728064852883
25345,Normal_Weight,4.0105226755718775
25346,Normal_Weight,4.006202655382015
25347,Normal_Weight,0.8995928633758868
25348,Normal_Weight,4.903649094507047
25349,Normal_Weight,0.16276161782266155
25350,Normal_Weight,5.918931515220443
25351,Normal_Weight,1.1530814299938386
25352,Normal_Weight,5.047482898349126
25353,Normal_Weight,3.4767871130827888
25354,Normal_Weight,1.2733121297096042
25355,Normal_Weight,5.708875784225912
25356,Normal_Weight,5.302918966957891
25357,Normal_Weight,4.031101942228779
25358,Normal_Weight,4.164951660230202
25359,Normal_Weight,5.504682082879796
25360,Normal_Weight,0.20656157155955351
25361,Normal_Weight,1.8732335172039858
25362,Normal_Weight,3.9656054021380642
25363,Normal_Weight,0.5741837496337027
25364,Normal_Weight,4.031101942228779
25365,Normal_Weight,4.132034936095454
25366,Normal_Weight,4.041582942087778
25367,Normal_Weight,5.949911032064377
25368,Normal_Weight,5.084112011117729
25369,Normal_Weight,3.0415726602709263
25370,Normal_Weight,6.004788793700537
25371,Normal_Weight,0.15594688578372748
25372,Normal_Weight,6.008938424028883
25373,Normal_Weight,5.778101386486672
25374,Normal_Weight,0.15618990739632457
25375,Normal_Weight,3.9625263329948535
25376,Normal_Weight,2.7770441843728024
25377,Normal_Weight,4.966600849081791
25378,Normal_Weight,1.4707875012710903
25379,Normal_Weight,5.142445394531507
25380,Normal_Weight,0.06299821581219615
25381,Normal_Weight,0.20899676475632378
25382,Normal_Weight,6.7677537852099645
25383,Normal_Weight,0.02503655942808027
25384,Normal_Weight,3.873362151827398
25385,Normal_Weight,0.46527669005620326
25386,Normal_Weight,4.464470722978175
25387,Normal_Weight,0.2563554093758918
25388,Normal_Weight,6.3025448808081865
25389,Normal_Weight,0.11023348997212877
25390,Normal_Weight,0.35536616067545446
25391,Normal_Weight,5.289875708656947
25392,Normal_Weight,3.9928374155570303
25393,Normal_Weight,1.2515056570724732
25394,Normal_Weight,4.009062848499073
25395,Normal_Weight,4.124504053157702
25396,Normal_Weight,1.4874027819541644
25397,Normal_Weight,2.829789181597979
25398,Normal_Weight,1.779288067232835
25399,Normal_Weight,4.36899700270818
25400,Normal_Weight,1.7229838378311797
25401,Normal_Weight,5.670627995731154
25402,Normal_Weight,4.070902748402488
25403,Normal_Weight,5.4298391517085385
25404,Normal_Weight,0.4513612197582394
25405,Normal_Weight,0.9577299379747781
25406,Normal_Weight,5.5521633980121745
25407,Normal_Weight,0.507866747387358
25408,Normal_Weight,3.2488979739649766
25409,Normal_Weight,4.162987394396885
25410,Normal_Weight,0.1595638799866825
25411,Normal_Weight,5.482685213979636
25412,Normal_Weight,2.635973684551308
25413,Normal_Weight,5.517808203751578
25414,Normal_Weight,3.16815986414249
25415,Normal_Weight,4.026301792546678
25416,Normal_Weight,2.92136135859906
25417,Normal_Weight,1.675231349525651
25418,Normal_Weight,0.2463816160330383
25419,Normal_Weight,3.136517646373956
25420,Normal_Weight,3.2471230014916506
25421,Normal_Weight,3.0807439609552225
25422,Normal_Weight,3.406166077467198
25423,Normal_Weight,0.32439324923066293
25424,Normal_Weight,1.3732599511055565
25425,Normal_Weight,1.4176395157917872
25426,Normal_Weight,3.969522291928744
25427,Normal_Weight,1.0673704395826153
25428,Normal_Weight,4.028241749111727
25429,Normal_Weight,3.9674586507214364
25430,Normal_Weight,3.1070191408751513
25431,Normal_Weight,4.424247014664073
25432,Normal_Weight,0.0707213940296766
25433,Normal_Weight,4.031101942228779
25434,Normal_Weight,2.65509035838475
25435,Normal_Weight,5.18432083588714
25436,Normal_Weight,4.031101942228779
25437,Normal_Weight,1.08528146802092
25438,Normal_Weight,5.9092113114247455
25439,Normal_Weight,-0.07888722460042519
25440,Normal_Weight,2.3206284934737544
25441,Normal_Weight,4.006202655382015
25442,Normal_Weight,0.594825266952788
25443,Normal_Weight,4.428931720200986
25444,Normal_Weight,3.7691217706189004
25445,Normal_Weight,2.6586029447833797
25446,Normal_Weight,5.0763563228618604
25447,Normal_Weight,0.29496753950520865
25448,Normal_Weight,2.5749994588501384
25449,Normal_Weight,3.3783145436779023
25450,Normal_Weight,4.066836937639734
25451,Normal_Weight,0.7997480201853477
25452,Normal_Weight,4.0729811286132716
25453,Normal_Weight,3.225362582804854
25454,Normal_Weight,3.0972812519302613
25455,Normal_Weight,1.3552735212433342
25456,Normal_Weight,3.669011480957508
25457,Normal_Weight,0.06187901451069816
25458,Normal_Weight,2.022298023408452
25459,Normal_Weight,0.46796687417806604
25460,Normal_Weight,5.838011005338966
25461,Normal_Weight,0.5292357361060013
25462,Normal_Weight,3.4700275252243817
25463,Normal_Weight,3.8359549825778383
25464,Normal_Weight,4.352608183062573
25465,Normal_Weight,2.6748871150625786
25466,Normal_Weight,0.21749522963827317
25467,Normal_Weight,0.31882560717236935
25468,Normal_Weight,0.9478963072460558
25469,Normal_Weight,3.397298725647579
25470,Normal_Weight,1.2208609248225453
25471,Normal_Weight,3.9860234772199545
25472,Normal_Weight,1.451183368196854
25473,Normal_Weight,2.332091199174838
25474,Normal_Weight,6.329688818901096
25475,Normal_Weight,2.576746412525936
25476,Normal_Weight,3.807995971833927
25477,Normal_Weight,0.21906385928112776
25478,Normal_Weight,4.0248419654738745
25479,Normal_Weight,0.959075211808586
25480,Normal_Weight,4.028405344504274
25481,Normal_Weight,4.955943569939466
25482,Normal_Weight,2.4221095908233545
25483,Normal_Weight,3.023582264983778
25484,Normal_Weight,0.7624554592636188
25485,Normal_Weight,2.2253738351721264
25486,Normal_Weight,4.601615072760852
25487,Normal_Weight,4.006202655382015
25488,Normal_Weight,0.4061790483153648
25489,Normal_Weight,5.8286857329762505
25490,Normal_Weight,4.056539402964434
25491,Normal_Weight,3.3537404516126625
25492,Normal_Weight,3.3758073829562316
25493,Normal_Weight,4.0248419654738745
25494,Normal_Weight,3.1493094922244533
25495,Normal_Weight,3.081506973352558
25496,Normal_Weight,0.3362608634164851
25497,Normal_Weight,3.036327041993133
25498,Normal_Weight,2.6779447708761768
25499,Normal_Weight,0.6770365839510951
25500,Normal_Weight,2.844344097550689
25501,Normal_Weight,4.147390794044911
25502,Normal_Weight,2.952789601257572
25503,Normal_Weight,0.7245036853077721
25504,Normal_Weight,2.070855245218867
25505,Normal_Weight,0.09141869761828617
25506,Normal_Weight,2.9435104269387553
25507,Normal_Weight,2.810480397648165
25508,Normal_Weight,3.321785742959516
25509,Normal_Weight,2.047943553828781
25510,Normal_Weight,3.066868831178204
25511,Normal_Weight,4.191199460239317
25512,Normal_Weight,2.3634667185706
25513,Normal_Weight,2.3017593799022436
25514,Normal_Weight,4.0248419654738745
25515,Normal_Weight,6.533221274010274
25516,Normal_Weight,1.4835239578319368
25517,Normal_Weight,4.042967021241599
25518,Normal_Weight,3.7618232181967657
25519,Normal_Weight,4.330470729893488
25520,Normal_Weight,4.030123488358362
25521,Normal_Weight,3.3641181136403784
25522,Normal_Weight,1.3861304349857562
25523,Normal_Weight,-0.18901230002379887
25524,Normal_Weight,5.1725423484222
25525,Normal_Weight,2.2796064768341044
25526,Normal_Weight,4.876275926388314
25527,Normal_Weight,4.006202655382015
25528,Normal_Weight,3.32475636179821
25529,Normal_Weight,3.7253653212027444
25530,Normal_Weight,3.185955440304788
25531,Normal_Weight,3.1631670578621627
25532,Normal_Weight,2.463391173755032
25533,Normal_Weight,2.9465973891119814
25534,Normal_Weight,5.858313407989461
25535,Normal_Weight,4.006202655382015
25536,Normal_Weight,0.8647154066388938
25537,Normal_Weight,2.829611398383321
25538,Normal_Weight,1.166086129819131
25539,Normal_Weight,1.2650862370679754
25540,Normal_Weight,4.1524077588165005
25541,Normal_Weight,4.047445536835463
25542,Normal_Weight,3.9674586507214364
25543,Normal_Weight,2.4209780001410874
25544,Normal_Weight,4.917879518462802
25545,Normal_Weight,4.1586077302937845
25546,Normal_Weight,2.939396581688902
25547,Normal_Weight,2.1084396204603726
25548,Normal_Weight,3.125244830642478
25549,Normal_Weight,4.009062848499073
25550,Normal_Weight,5.890642356365863
25551,Normal_Weight,2.7451585631396775
25552,Normal_Weight,5.817025835367929
25553,Normal_Weight,1.6941469660528756
25554,Normal_Weight,5.265384668081862
25555,Normal_Weight,4.063781928403623
25556,Normal_Weight,1.2351352981995993
25557,Normal_Weight,3.063602945109569
25558,Normal_Weight,0.42777298862809293
25559,Normal_Weight,3.3107732368094642
25560,Normal_Weight,2.7576678673620334
25561,Normal_Weight,4.008769260298177
25562,Normal_Weight,0.44821018034662136
25563,Normal_Weight,4.031101942228779
25564,Normal_Weight,1.3756458986559814
25565,Normal_Weight,2.5693492339967015
25566,Normal_Weight,3.1704764286074347
25567,Normal_Weight,5.141140132162762
25568,Normal_Weight,0.33683510579722226
25569,Normal_Weight,2.6549573000423146
25570,Normal_Weight,5.286627407654365
25571,Normal_Weight,4.345423645706986
25572,Normal_Weight,4.009062848499073
25573,Normal_Weight,4.01433156275229
25574,Normal_Weight,0.9078014356444543
25575,Normal_Weight,5.247058392008681
25576,Normal_Weight,5.815724188248813
25577,Normal_Weight,1.080953233549004
25578,Normal_Weight,4.565205305327317
25579,Normal_Weight,3.447376164434366
25580,Normal_Weight,3.3397945717936164
25581,Normal_Weight,2.774101747353441
25582,Normal_Weight,0.9150536148337826
25583,Normal_Weight,1.2151508024486435
25584,Normal_Weight,2.299912713042501
25585,Normal_Weight,4.8396804727254885
25586,Normal_Weight,3.3701899596060048
25587,Normal_Weight,6.002569603237969
25588,Normal_Weight,3.4246035121917253
25589,Normal_Weight,0.7957620697972603
25590,Normal_Weight,3.3054930591645473
25591,Normal_Weight,4.045905946025059
25592,Normal_Weight,2.53333425483028
25593,Normal_Weight,4.935973224274968
25594,Normal_Weight,5.90284094521911
25595,Normal_Weight,2.8748573271569486
25596,Normal_Weight,4.399693132649294
25597,Normal_Weight,4.774736897669847
25598,Normal_Weight,3.302359491293651
25599,Normal_Weight,5.7318108943637505
25600,Normal_Weight,3.084289371918921
25601,Normal_Weight,4.157905358483658
25602,Normal_Weight,3.200316484205453
25603,Normal_Weight,3.9540473646208865
25604,Normal_Weight,4.0270652284965385
25605,Normal_Weight,2.6880798303297713
25606,Normal_Weight,3.009610086924235
25607,Normal_Weight,4.077191992694421
25608,Normal_Weight,4.282749779778426
25609,Normal_Weight,3.9220344694868845
25610,Normal_Weight,1.0584926240807297
25611,Normal_Weight,2.706793696576871
25612,Normal_Weight,0.28103554853913937
25613,Normal_Weight,4.081552507516853
25614,Normal_Weight,2.7112104646784605
25615,Normal_Weight,5.023285074091086
25616,Normal_Weight,2.6959439703067933
25617,Normal_Weight,-0.08368197996077094
25618,Normal_Weight,0.6881351262916267
25619,Normal_Weight,5.4696327534880265
25620,Normal_Weight,5.2300210383462415
25621,Normal_Weight,6.449708803458204
25622,Normal_Weight,4.0248419654738745
25623,Normal_Weight,4.242188976966367
25624,Normal_Weight,2.5194182083201073
25625,Normal_Weight,2.1005049398123967
25626,Normal_Weight,5.147016118859655
25627,Normal_Weight,3.9783054499696595
25628,Normal_Weight,5.285975346778979
25629,Normal_Weight,5.1917884410054675
25630,Normal_Weight,4.461062272418642
25631,Normal_Weight,3.2237094476979395
25632,Normal_Weight,3.008323777871927
25633,Normal_Weight,5.746954308430869
25634,Normal_Weight,0.46861178603214265
25635,Normal_Weight,3.082412363335885
25636,Normal_Weight,4.030975074768159
25637,Normal_Weight,4.149014014376618
25638,Normal_Weight,4.654054626676634
25639,Normal_Weight,2.936214745151016
25640,Normal_Weight,4.287870527463566
25641,Normal_Weight,3.3219406284541626
25642,Normal_Weight,0.8798085278577612
25643,Normal_Weight,0.1381988020887646
25644,Normal_Weight,4.512808615834908
25645,Normal_Weight,3.219570202450615
25646,Normal_Weight,2.8603755840585587
25647,Normal_Weight,6.3910406724217355
25648,Normal_Weight,6.4290224654376
25649,Normal_Weight,0.15433487796260426
25650,Normal_Weight,2.6997250324004285
25651,Normal_Weight,5.989289286448988
25652,Normal_Weight,3.9629181377139737
25653,Normal_Weight,0.9819010829180186
25654,Normal_Weight,4.046754191742962
25655,Normal_Weight,6.634327872554472
25656,Normal_Weight,4.199076002641846
25657,Normal_Weight,2.267524346785918
25658,Normal_Weight,4.493466431959617
25659,Normal_Weight,3.0187313047831967
25660,Normal_Weight,4.026301792546678
25661,Normal_Weight,0.2826029761860885
25662,Normal_Weight,2.3396731457809343
25663,Normal_Weight,0.5088313242062216
25664,Normal_Weight,4.053014168497866
25665,Normal_Weight,2.7770762288375854
25666,Normal_Weight,3.0218521904133318
25667,Normal_Weight,3.8707974586580733
25668,Normal_Weight,4.741659744817144
25669,Normal_Weight,1.0192495181995074
25670,Normal_Weight,0.7423738830211402
25671,Normal_Weight,0.48270918574305693
25672,Normal_Weight,3.9976548846126874
25673,Normal_Weight,2.984722563876542
25674,Normal_Weight,3.841167624371884
25675,Normal_Weight,4.330924942106725
25676,Normal_Weight,4.053014168497866
25677,Normal_Weight,1.1843773334963394
25678,Normal_Weight,1.2933327315135754
25679,Normal_Weight,3.9755813603586727
25680,Normal_Weight,2.916093861147941
25681,Normal_Weight,6.980724089275621
25682,Normal_Weight,0.7702147807048224
25683,Normal_Weight,2.568374065763941
25684,Normal_Weight,4.5923639143213615
25685,Normal_Weight,4.1046388512675565
25686,Normal_Weight,4.658641584332957
25687,Normal_Weight,1.5156247721486489
25688,Normal_Weight,5.370386262463556
25689,Normal_Weight,2.1072932924459793
25690,Normal_Weight,3.201416570977054
25691,Normal_Weight,2.5878554372637974
25692,Normal_Weight,2.2921949516060613
25693,Normal_Weight,3.2662825269758335
25694,Normal_Weight,0.4396610190737161
25695,Normal_Weight,5.432758812137611
25696,Normal_Weight,5.584842491493014
25697,Normal_Weight,0.37758376783809305
25698,Normal_Weight,3.1421546578482884
25699,Normal_Weight,0.9678075551977262
25700,Normal_Weight,0.297423014333878
25701,Normal_Weight,0.298372406009825
25702,Normal_Weight,4.009062848499073
25703,Normal_Weight,4.091358490681964
25704,Normal_Weight,0.34482179479123437
25705,Normal_Weight,3.3995217526702803
25706,Normal_Weight,2.03426244150318
25707,Normal_Weight,3.9783054499696595
25708,Normal_Weight,3.3830046071961695
25709,Normal_Weight,1.1185282326748895
25710,Normal_Weight,4.076708816008229
25711,Normal_Weight,2.0769522453635685
25712,Normal_Weight,0.23878806429016677
25713,Normal_Weight,3.242472556872373
25714,Normal_Weight,3.2073877686762393
25715,Normal_Weight,2.7712478259827753
25716,Normal_Weight,3.150510424115877
25717,Normal_Weight,0.43213658642029895
25718,Normal_Weight,5.665746375615263
25719,Normal_Weight,0.44792198726054766
25720,Normal_Weight,3.967217260538041
25721,Normal_Weight,3.6118508600221966
25722,Normal_Weight,1.0329928503135244
25723,Normal_Weight,4.215113663379693
25724,Normal_Weight,4.64433813373113
25725,Normal_Weight,3.3217294841360965
25726,Normal_Weight,4.268754771482068
25727,Normal_Weight,4.036044704241437
25728,Normal_Weight,5.142923755412291
25729,Normal_Weight,4.007039959026677
25730,Normal_Weight,3.405435346316053
25731,Normal_Weight,4.492619302531811
25732,Normal_Weight,5.338602461702358
25733,Normal_Weight,5.040065879253572
25734,Normal_Weight,3.9532984963937294
25735,Normal_Weight,3.6439471433675776
25736,Normal_Weight,3.1435603975078394
25737,Normal_Weight,3.1558469752408524
25738,Normal_Weight,3.825462246628171
25739,Normal_Weight,3.13119710263055
25740,Normal_Weight,3.1063935746804257
25741,Normal_Weight,1.3278513876782707
25742,Normal_Weight,0.48221136422022076
25743,Normal_Weight,3.9753630316328947
25744,Normal_Weight,3.3654143538841574
25745,Normal_Weight,-0.0014813063563299648
25746,Normal_Weight,4.157708588002042
25747,Normal_Weight,0.3973000332366255
25748,Normal_Weight,2.6473035440638415
25749,Normal_Weight,5.167964340409996
25750,Normal_Weight,4.828291575222227
25751,Normal_Weight,4.081552507516853
25752,Normal_Weight,3.226731335149177
25753,Normal_Weight,5.408317843488257
25754,Normal_Weight,4.232493885141283
25755,Normal_Weight,3.9948524954857563
25756,Normal_Weight,-0.06845495402081883
25757,Normal_Weight,0.9926337617298001
25758,Normal_Weight,3.210464238533349
25759,Normal_Weight,0.09379868960460183
25760,Normal_Weight,0.6360222067608327
25761,Normal_Weight,3.9460768552867203
25762,Normal_Weight,4.011410947242158
25763,Normal_Weight,3.339121737716724
25764,Normal_Weight,5.907507176362247
25765,Normal_Weight,3.904478121546301
25766,Normal_Weight,3.4290206902383864
25767,Normal_Weight,2.5815305564966913
25768,Normal_Weight,4.066201852301218
25769,Normal_Weight,1.3699370111699722
25770,Normal_Weight,5.250325718149647
25771,Normal_Weight,4.042139864490769
25772,Normal_Weight,3.1271527077939205
25773,Normal_Weight,4.150097477989266
25774,Normal_Weight,3.0072805881284936
25775,Normal_Weight,4.478406106862105
25776,Normal_Weight,3.083050955882097
25777,Normal_Weight,3.1177875723031194
25778,Normal_Weight,0.43152923903893614
25779,Normal_Weight,4.131016971029854
25780,Normal_Weight,3.8654428371324983
25781,Normal_Weight,5.923540180384847
25782,Normal_Weight,2.770660255369613
25783,Normal_Weight,4.054350253278669
25784,Normal_Weight,3.9845654267245645
25785,Normal_Weight,3.1259284206829334
25786,Normal_Weight,2.266456072882943
25787,Normal_Weight,3.008758409755814
25788,Normal_Weight,4.003632925118131
25789,Normal_Weight,4.298459585108962
25790,Normal_Weight,0.01590368319986907
25791,Normal_Weight,3.0193539503416194
25792,Normal_Weight,6.02557580970541
25793,Normal_Weight,1.941574364101788
25794,Normal_Weight,2.695283071731878
25795,Normal_Weight,3.3164359660689446
25796,Normal_Weight,3.328549486705091
25797,Normal_Weight,4.784578337592149
25798,Normal_Weight,0.8831946454851936
25799,Normal_Weight,4.70914811477524
25800,Normal_Weight,5.345980923332894
25801,Normal_Weight,4.032407899353284
25802,Normal_Weight,3.1260923151610354
25803,Normal_Weight,5.4148663545076765
25804,Normal_Weight,6.052989820228656
25805,Normal_Weight,1.843893318890796
25806,Normal_Weight,1.668974441687694
25807,Normal_Weight,3.0426224915243085
25808,Normal_Weight,3.112765302981394
25809,Normal_Weight,3.2886710521626403
25810,Normal_Weight,4.025837079863733
25811,Normal_Weight,6.902740051434559
25812,Normal_Weight,2.5344231714229384
25813,Normal_Weight,5.758379209630505
25814,Normal_Weight,3.3411959092000734
25815,Normal_Weight,0.2064546662746445
25816,Normal_Weight,5.8016280602605725
25817,Normal_Weight,2.555584233484475
25818,Normal_Weight,0.22438981675487313
25819,Normal_Weight,0.87764421622948
25820,Normal_Weight,3.343902516660865
25821,Normal_Weight,0.37506857575388813
25822,Normal_Weight,0.06493270975133608
25823,Normal_Weight,4.310794577135059
25824,Normal_Weight,0.411453077070797
25825,Normal_Weight,4.001709302046484
25826,Normal_Weight,4.004015525477308
25827,Normal_Weight,2.018500634883974
25828,Normal_Weight,3.519686481010752
25829,Normal_Weight,3.1325829472441615
25830,Normal_Weight,3.139644063391337
25831,Normal_Weight,2.7947113846687444
25832,Normal_Weight,4.0184905708928085
25833,Normal_Weight,4.0248419654738745
25834,Normal_Weight,3.1501086031045475
25835,Normal_Weight,3.277575413676005
25836,Normal_Weight,2.995652200733117
25837,Normal_Weight,0.309504158676472
25838,Normal_Weight,4.006202655382015
25839,Normal_Weight,5.435544407315769
25840,Normal_Weight,4.257474445401713
25841,Normal_Weight,5.676030674607984
25842,Normal_Weight,5.384289847502558
25843,Normal_Weight,2.0453566614362657
25844,Normal_Weight,3.9692040185778144
25845,Normal_Weight,5.470265727948957
25846,Normal_Weight,0.3639424860238056
25847,Normal_Weight,3.6777954588037227
25848,Normal_Weight,2.3536240622343003
25849,Normal_Weight,0.12628885837651188
25850,Normal_Weight,0.67523590891018
25851,Normal_Weight,3.898329840171802
25852,Normal_Weight,5.1187910195545685
25853,Normal_Weight,2.096155624879277
25854,Normal_Weight,1.6704344054643385
25855,Normal_Weight,2.5515734253437645
25856,Normal_Weight,3.4828809228955575
25857,Normal_Weight,3.1285765331395976
25858,Normal_Weight,6.239730317034717
25859,Normal_Weight,-0.020930923953724565
25860,Normal_Weight,4.168479733628694
25861,Normal_Weight,5.806892772694015
25862,Normal_Weight,4.066935503870566
25863,Normal_Weight,0.2541884347603426
25864,Normal_Weight,3.4027075192846765
25865,Normal_Weight,3.2936740140138356
25866,Normal_Weight,4.0811056159942645
25867,Normal_Weight,2.3851095976479875
25868,Normal_Weight,3.243819583055367
25869,Normal_Weight,3.1417815271013194
25870,Normal_Weight,4.046754191742962
25871,Normal_Weight,0.08728284425997208
25872,Normal_Weight,0.5599123645799867
25873,Normal_Weight,2.6714748061407474
25874,Normal_Weight,4.009062848499073
25875,Normal_Weight,5.486690950449862
25876,Normal_Weight,0.3753109598978045
25877,Normal_Weight,0.1917959718897601
25878,Normal_Weight,1.153870938364823
25879,Normal_Weight,3.196653375421065
25880,Normal_Weight,4.009062848499073
25881,Normal_Weight,0.37023431492280806
25882,Normal_Weight,4.1970176926809835
25883,Normal_Weight,1.3419934668217286
25884,Normal_Weight,2.675595920080519
25885,Normal_Weight,4.00827434264446
25886,Normal_Weight,4.003170283761561
25887,Normal_Weight,3.225237624224293
25888,Normal_Weight,5.117264013394863
25889,Normal_Weight,4.333596068471494
25890,Normal_Weight,3.1406991692246637
25891,Normal_Weight,4.647379918223067
25892,Normal_Weight,2.5620733250928267
25893,Normal_Weight,0.4851042696388381
25894,Normal_Weight,4.50783811718621
25895,Normal_Weight,3.9002041229504645
25896,Normal_Weight,3.21010843230531
25897,Normal_Weight,4.134812785037237
25898,Normal_Weight,2.5366094899321494
25899,Normal_Weight,1.9315113878093775
25900,Normal_Weight,6.248336564247195
25901,Normal_Weight,3.960765586350643
25902,Normal_Weight,1.9460287581490616
25903,Normal_Weight,4.057527268544406
25904,Normal_Weight,3.3105542579271674
25905,Normal_Weight,4.031101942228779
25906,Normal_Weight,0.43096847472077454
25907,Normal_Weight,0.4809854685265348
25908,Normal_Weight,4.248148166094323
25909,Normal_Weight,1.949728770664445
25910,Normal_Weight,3.108007250198935
25911,Normal_Weight,4.496510275908946
25912,Normal_Weight,4.074934067738904
25913,Normal_Weight,3.2921965540673828
25914,Normal_Weight,4.142580022541884
25915,Normal_Weight,3.087069730448129
25916,Normal_Weight,5.454334350698179
25917,Normal_Weight,3.0456259728317305
25918,Normal_Weight,2.636966661024527
25919,Normal_Weight,4.457128473504257
25920,Normal_Weight,4.081552507516853
25921,Normal_Weight,2.6788398678442933
25922,Normal_Weight,3.473981139063735
25923,Normal_Weight,3.1614327125579478
25924,Normal_Weight,5.05721671323567
25925,Normal_Weight,0.05728835709462542
25926,Normal_Weight,2.657874083436277
25927,Normal_Weight,4.07839893204991
25928,Normal_Weight,3.301535506670187
25929,Normal_Weight,2.6486290681435922
25930,Normal_Weight,4.0105226755718775
25931,Normal_Weight,5.012484517347197
25932,Normal_Weight,0.5319602409828224
25933,Normal_Weight,0.3304905746037493
25934,Normal_Weight,3.0407979145183437
25935,Normal_Weight,5.271373888123799
25936,Normal_Weight,4.07839893204991
25937,Normal_Weight,3.3150178010830302
25938,Normal_Weight,2.2632144034004527
25939,Normal_Weight,0.5246239354609662
25940,Normal_Weight,4.026301792546678
25941,Normal_Weight,5.891029859310327
25942,Normal_Weight,0.14319105933980483
25943,Normal_Weight,0.8365926319579337
25944,Normal_Weight,3.698252309509066
25945,Normal_Weight,2.5067670055625637
25946,Normal_Weight,0.15795655254150273
25947,Normal_Weight,4.0243940179258795
25948,Normal_Weight,0.9932913092547598
25949,Normal_Weight,3.094378700916328
25950,Normal_Weight,2.2078627697152577
25951,Normal_Weight,2.4517442610286637
25952,Normal_Weight,4.051425731205434
25953,Normal_Weight,2.1416278933150323
25954,Normal_Weight,4.679091259581582
25955,Normal_Weight,1.7304434932124335
25956,Normal_Weight,4.009062848499073
25957,Normal_Weight,4.697053639910719
25958,Normal_Weight,3.1244407810257497
25959,Normal_Weight,6.401126565185945
25960,Normal_Weight,0.3795773109427571
25961,Normal_Weight,1.9366742692462624
25962,Normal_Weight,2.164634824055496
25963,Normal_Weight,0.5518414112121549
25964,Normal_Weight,4.046754191742962
25965,Normal_Weight,5.352046008953719
25966,Normal_Weight,4.368505169402429
25967,Normal_Weight,4.907751719628294
25968,Normal_Weight,3.1391102249972973
25969,Normal_Weight,0.20391942077290467
25970,Normal_Weight,2.667664865065151
25971,Normal_Weight,3.1058068950764257
25972,Normal_Weight,1.678078542410589
25973,Normal_Weight,3.0755442169797034
25974,Normal_Weight,3.355147397071627
25975,Normal_Weight,1.6310419597745198
25976,Normal_Weight,2.9516302320919556
25977,Normal_Weight,3.978841890798618
25978,Normal_Weight,3.1382994732542713
25979,Normal_Weight,6.281442605298459
25980,Normal_Weight,0.3131517107806039
25981,Normal_Weight,4.035587659261343
25982,Normal_Weight,3.439172883820338
25983,Normal_Weight,0.6506602466128253
25984,Normal_Weight,2.2353918551981398
25985,Normal_Weight,4.093602123235326
25986,Normal_Weight,4.035615042275319
25987,Normal_Weight,3.994947389351503
25988,Normal_Weight,4.674900728530168
25989,Normal_Weight,1.9545399478553995
25990,Normal_Weight,3.9505886472878418
25991,Normal_Weight,4.005182348280154
25992,Normal_Weight,2.09470373456472
25993,Normal_Weight,3.154801577939144
25994,Normal_Weight,5.035681187020063
25995,Normal_Weight,0.22330456616858702
25996,Normal_Weight,3.9754989542156904
25997,Normal_Weight,3.278562933641043
25998,Normal_Weight,3.511233550342069
25999,Normal_Weight,2.3304166154798187
26000,Normal_Weight,4.542963028968833
26001,Normal_Weight,2.81462605130973
26002,Normal_Weight,3.0589882960428003
26003,Normal_Weight,6.036453510504663
26004,Normal_Weight,3.034400756574115
26005,Normal_Weight,4.028241749111727
26006,Normal_Weight,0.2746530360349687
26007,Normal_Weight,2.3912365658086925
26008,Normal_Weight,4.213465010930933
26009,Normal_Weight,4.009062848499073
26010,Normal_Weight,1.2148667454597608
26011,Normal_Weight,4.0648283523786874
26012,Normal_Weight,4.009062848499073
26013,Normal_Weight,2.4792916775255978
26014,Normal_Weight,3.999828833162243
26015,Normal_Weight,5.310200339022965
26016,Normal_Weight,3.294974806582915
26017,Normal_Weight,3.0156274621018118
26018,Normal_Weight,3.299750239281844
26019,Normal_Weight,3.132421233581023
26020,Normal_Weight,0.11134213583513282
26021,Normal_Weight,2.510598412194708
26022,Normal_Weight,5.809008284211858
26023,Normal_Weight,5.153651022342907
26024,Normal_Weight,6.251323219852012
26025,Normal_Weight,3.445723282827248
26026,Normal_Weight,2.629914898896654
26027,Normal_Weight,1.8483095710197701
26028,Normal_Weight,5.589335548998697
26029,Normal_Weight,4.097062311404371
26030,Normal_Weight,0.405005047797647
26031,Normal_Weight,4.592971279752858
26032,Normal_Weight,0.1349643124030949
26033,Normal_Weight,1.3065529050461202
26034,Normal_Weight,1.9620473956432354
26035,Normal_Weight,5.095159464239989
26036,Normal_Weight,6.388283194826857
26037,Normal_Weight,3.0261996992192453
26038,Normal_Weight,4.009080894923368
26039,Normal_Weight,0.6202602825058567
26040,Normal_Weight,3.9905190310817638
26041,Normal_Weight,2.7540445765083814
26042,Normal_Weight,4.8327568529625315
26043,Normal_Weight,3.32370204562202
26044,Normal_Weight,3.9909290971153224
26045,Normal_Weight,0.598146244894031
26046,Normal_Weight,0.6403947888572121
26047,Normal_Weight,3.2024351621963976
26048,Normal_Weight,0.9875412982555435
26049,Normal_Weight,3.4878353142761442
26050,Normal_Weight,3.2357188396772756
26051,Normal_Weight,3.232483032044354
26052,Normal_Weight,3.072803138382761
26053,Normal_Weight,5.682563017718447
26054,Normal_Weight,6.380313619839957
26055,Normal_Weight,3.025976017902411
26056,Normal_Weight,0.2257471319549169
26057,Normal_Weight,0.19644627050262006
26058,Normal_Weight,0.17529008491478248
26059,Normal_Weight,4.968469885024922
26060,Normal_Weight,3.506836139011669
26061,Normal_Weight,4.842370407848181
26062,Normal_Weight,6.0465318711956275
26063,Normal_Weight,2.627870643175882
26064,Normal_Weight,0.7986520858641154
26065,Normal_Weight,1.618164407635731
26066,Normal_Weight,4.780585523916813
26067,Normal_Weight,2.921366651726683
26068,Normal_Weight,4.157568105381465
26069,Normal_Weight,0.01078038259050149
26070,Normal_Weight,3.9498631103501545
26071,Normal_Weight,3.236497085580948
26072,Normal_Weight,1.8158917471020095
26073,Normal_Weight,3.2892029521270767
26074,Normal_Weight,3.2689958727193407
26075,Normal_Weight,5.608388330722086
26076,Normal_Weight,0.6580190265867922
26077,Normal_Weight,2.8962212040998474
26078,Normal_Weight,4.042139864490769
26079,Normal_Weight,4.009062848499073
26080,Normal_Weight,4.054507283118728
26081,Normal_Weight,2.738998076545971
26082,Normal_Weight,0.44947299830739557
26083,Normal_Weight,0.32282167795631606
26084,Normal_Weight,5.770327528989614
26085,Normal_Weight,1.853319489023337
26086,Normal_Weight,0.7137666461308959
26087,Normal_Weight,3.9676736634425764
26088,Normal_Weight,5.6370042989741735
26089,Normal_Weight,3.3873394818456743
26090,Normal_Weight,3.0107467840877695
26091,Normal_Weight,0.44394608459875773
26092,Normal_Weight,2.9945376598971722
26093,Normal_Weight,1.1266813790321766
26094,Normal_Weight,3.3146774865092965
26095,Normal_Weight,3.165740193456745
26096,Normal_Weight,1.0940723636600802
26097,Normal_Weight,3.0071137668065875
26098,Normal_Weight,2.656182914336675
26099,Normal_Weight,3.2009271042354204
26100,Normal_Weight,0.21526634211459703
26101,Normal_Weight,3.248901476107746
26102,Normal_Weight,3.190952166472702
26103,Normal_Weight,4.084569421895419
26104,Normal_Weight,2.2539953737407243
26105,Normal_Weight,2.705063426217717
26106,Normal_Weight,3.8438432925275547
26107,Normal_Weight,6.104074103644509
26108,Normal_Weight,4.955592848881959
26109,Normal_Weight,4.202778390514204
26110,Normal_Weight,5.436951493286681
26111,Normal_Weight,4.034127832188539
26112,Normal_Weight,0.6137536752165881
26113,Normal_Weight,4.081552507516853
26114,Normal_Weight,3.186896564033561
26115,Normal_Weight,0.0017528269043661174
26116,Normal_Weight,4.209693837877418
26117,Normal_Weight,2.792248969551207
26118,Normal_Weight,2.823997156326259
26119,Normal_Weight,4.006202655382015
26120,Normal_Weight,0.11810391704314288
26121,Normal_Weight,3.996451477163097
26122,Normal_Weight,6.15179963492281
26123,Normal_Weight,3.013613615915799
26124,Normal_Weight,0.20719966423291078
26125,Normal_Weight,3.99747738306419
26126,Normal_Weight,3.015902489312121
26127,Normal_Weight,4.214860700251034
26128,Normal_Weight,1.5105737863496431
26129,Normal_Weight,6.1622889312095674
26130,Normal_Weight,2.6496023452110307
26131,Normal_Weight,1.7883270198521968
26132,Normal_Weight,3.9340839933753484
26133,Normal_Weight,3.2553443104050204
26134,Normal_Weight,2.6745087610924467
26135,Normal_Weight,3.4523738613601775
26136,Normal_Weight,4.164411195906972
26137,Normal_Weight,0.9767454758092686
26138,Normal_Weight,5.963449650713564
26139,Normal_Weight,4.213465010930933
26140,Normal_Weight,5.242329960716482
26141,Normal_Weight,1.3041856105518685
26142,Normal_Weight,5.383279854776917
26143,Normal_Weight,2.649055593997174
26144,Normal_Weight,2.496372978759988
26145,Normal_Weight,4.053260988460464
26146,Normal_Weight,6.149734033720402
26147,Normal_Weight,4.335532569919192
26148,Normal_Weight,5.249599338300101
26149,Normal_Weight,1.7192416368457988
26150,Normal_Weight,4.031101942228779
26151,Normal_Weight,4.43680725197274
26152,Normal_Weight,4.150544369511854
26153,Normal_Weight,3.2009214298101134
26154,Normal_Weight,3.6919041204446295
26155,Normal_Weight,2.9758772295683515
26156,Normal_Weight,5.455382940125415
26157,Normal_Weight,2.5328620160522446
26158,Normal_Weight,5.17390144023525
26159,Normal_Weight,3.131773398551942
26160,Normal_Weight,0.11073460921358705
26161,Normal_Weight,2.795068089057055
26162,Normal_Weight,5.613789882449764
26163,Normal_Weight,3.384998741336005
26164,Normal_Weight,3.790807081459072
26165,Normal_Weight,4.936390981081763
26166,Normal_Weight,3.7841707137878613
26167,Normal_Weight,4.150544369511854
26168,Normal_Weight,2.937239150307557
26169,Normal_Weight,3.3003918681667224
26170,Normal_Weight,3.3784790146250057
26171,Normal_Weight,0.00029852172489486467
26172,Normal_Weight,0.4076413749331184
26173,Normal_Weight,3.2706058492277834
26174,Normal_Weight,0.9497667583773849
26175,Normal_Weight,0.04731525264676955
26176,Normal_Weight,0.8813529543235724
26177,Normal_Weight,2.723375184686167
26178,Normal_Weight,1.0306428542833885
26179,Normal_Weight,4.5182719690761175
26180,Normal_Weight,5.143218527471466
26181,Normal_Weight,0.6343403399060086
26182,Normal_Weight,5.557952018721993
26183,Normal_Weight,3.113017985544756
26184,Normal_Weight,0.8372545936500811
26185,Normal_Weight,4.845911162531068
26186,Normal_Weight,5.165337626515338
26187,Normal_Weight,4.021981772356822
26188,Normal_Weight,0.016094763562909568
26189,Normal_Weight,3.0303856229292223
26190,Normal_Weight,2.4659257032363033
26191,Normal_Weight,0.405658672238644
26192,Normal_Weight,3.168784108256771
26193,Normal_Weight,5.120510869983889
26194,Normal_Weight,5.815396225513177
26195,Normal_Weight,5.6021411521803275
26196,Normal_Weight,3.8991532598254532
26197,Normal_Weight,0.15730960081359802
26198,Normal_Weight,0.12008504566599827
26199,Normal_Weight,0.2065941192903065
26200,Normal_Weight,0.29877677194381974
26201,Normal_Weight,2.7469096197366656
26202,Normal_Weight,1.0258657956794286
26203,Normal_Weight,3.214062429055701
26204,Normal_Weight,2.2699888519747415
26205,Normal_Weight,2.739496021509936
26206,Normal_Weight,5.356604310651551
26207,Normal_Weight,4.063229759001976
26208,Normal_Weight,5.622030484390555
26209,Normal_Weight,2.1357360947346336
26210,Normal_Weight,4.0498463861914535
26211,Normal_Weight,5.553151593796453
26212,Normal_Weight,3.512369306347182
26213,Normal_Weight,4.009062848499073
26214,Normal_Weight,0.40389922991112304
26215,Normal_Weight,2.9599230454882446
26216,Normal_Weight,3.2602148732488563
26217,Normal_Weight,3.241600684370843
26218,Normal_Weight,3.0195497310599526
26219,Normal_Weight,5.3016316015721285
26220,Normal_Weight,4.011427918111401
26221,Normal_Weight,4.062520210634178
26222,Normal_Weight,4.018234038373196
26223,Normal_Weight,1.960687801888474
26224,Normal_Weight,3.19932505545847
26225,Normal_Weight,3.9219127985810083
26226,Normal_Weight,2.654785029269021
26227,Normal_Weight,4.00947510497665
26228,Normal_Weight,4.810245228170612
26229,Normal_Weight,4.82363279385965
26230,Normal_Weight,-0.14818038642805917
26231,Normal_Weight,3.4139401906708833
26232,Normal_Weight,0.4815324450125002
26233,Normal_Weight,1.3783232963632919
26234,Normal_Weight,3.2244386878371625
26235,Normal_Weight,4.258683135520757
26236,Normal_Weight,3.320846696329144
26237,Normal_Weight,4.63694151595753
26238,Normal_Weight,4.009062848499073
26239,Normal_Weight,-0.004904259042638328
26240,Normal_Weight,2.931937043684797
26241,Normal_Weight,2.6185914358264957
26242,Normal_Weight,4.046754191742962
26243,Normal_Weight,2.991287155028778
26244,Normal_Weight,0.7226570351225489
26245,Normal_Weight,0.42409707471964064
26246,Normal_Weight,2.8484627685714417
26247,Normal_Weight,4.778420769096973
26248,Normal_Weight,4.026995188071779
26249,Normal_Weight,3.1065612648929113
26250,Normal_Weight,0.9762532082602128
26251,Normal_Weight,0.41540619626645336
26252,Normal_Weight,0.18583668334775444
26253,Normal_Weight,2.2014502693619713
26254,Normal_Weight,4.057527268544406
26255,Normal_Weight,2.9041417479032132
26256,Normal_Weight,1.7354086274518252
26257,Normal_Weight,4.067965185670948
26258,Normal_Weight,1.4203083228615876
26259,Normal_Weight,1.0416532708531026
26260,Normal_Weight,2.457429256480207
26261,Normal_Weight,6.306235627039851
26262,Normal_Weight,6.026825117688059
26263,Normal_Weight,3.1371167447994894
26264,Normal_Weight,3.7672317021589077
26265,Normal_Weight,2.9351923051916993
26266,Normal_Weight,4.213583308244457
26267,Normal_Weight,3.249642290325253
26268,Normal_Weight,4.052012262892109
26269,Normal_Weight,4.080059754654206
26270,Normal_Weight,4.080022152381617
26271,Normal_Weight,4.785378700608911
26272,Normal_Weight,4.2130599279560945
26273,Normal_Weight,0.6184051573196948
26274,Normal_Weight,2.977547752712528
26275,Normal_Weight,0.9172705905120007
26276,Normal_Weight,3.1398730376855335
26277,Normal_Weight,1.1488070053196262
26278,Normal_Weight,4.039107492448397
26279,Normal_Weight,2.629638830782858
26280,Normal_Weight,3.964483579022985
26281,Normal_Weight,4.567690263106736
26282,Normal_Weight,4.671349421169049
26283,Normal_Weight,3.0168419555372954
26284,Normal_Weight,3.0106401463987655
26285,Normal_Weight,0.24623819267047317
26286,Normal_Weight,0.0909347685567865
26287,Normal_Weight,0.11918222990086225
26288,Normal_Weight,3.041445331759951
26289,Normal_Weight,3.2102440831041563
26290,Normal_Weight,2.018907352246087
26291,Normal_Weight,4.006202655382015
26292,Normal_Weight,3.233787810436025
26293,Normal_Weight,3.4173541837377073
26294,Normal_Weight,3.0516680959698004
26295,Normal_Weight,0.3837104688117125
26296,Normal_Weight,2.309498025314013
26297,Normal_Weight,5.236321662728513
26298,Normal_Weight,3.9469437154039686
26299,Normal_Weight,0.15219923449520564
26300,Normal_Weight,4.07839893204991
26301,Normal_Weight,2.8579211428316516
26302,Normal_Weight,5.558361632027771
26303,Normal_Weight,0.1484284670086732
26304,Normal_Weight,3.9503957163184134
26305,Normal_Weight,0.6736672864953006
26306,Normal_Weight,5.083179018118223
26307,Normal_Weight,5.921299291389519
26308,Normal_Weight,0.8108170431766869
26309,Normal_Weight,1.6023725099028088
26310,Normal_Weight,3.128820284604356
26311,Normal_Weight,4.03603838797225
26312,Normal_Weight,5.107831588466915
26313,Normal_Weight,4.257749666574367
26314,Normal_Weight,3.328246861297015
26315,Normal_Weight,3.206036755034825
26316,Normal_Weight,1.8963204625269994
26317,Normal_Weight,0.8200603035452348
26318,Normal_Weight,3.1178310508206573
26319,Normal_Weight,5.411016140119239
26320,Normal_Weight,4.021897107227519
26321,Normal_Weight,5.091653191666242
26322,Normal_Weight,0.2860302991338454
26323,Normal_Weight,3.174313008736842
26324,Normal_Weight,4.038216893600979
26325,Normal_Weight,0.31706745012540083
26326,Normal_Weight,4.845900851454484
26327,Normal_Weight,0.2619529911316059
26328,Normal_Weight,0.09841944378655747
26329,Normal_Weight,2.6110757680722543
26330,Normal_Weight,0.38020936161571817
26331,Normal_Weight,4.409363440671755
26332,Normal_Weight,4.034127832188539
26333,Normal_Weight,0.5490665722075623
26334,Normal_Weight,4.072103708351185
26335,Normal_Weight,5.386847949522012
26336,Normal_Weight,5.446143565752607
26337,Normal_Weight,2.6178822909546984
26338,Normal_Weight,5.070712174310629
26339,Normal_Weight,3.0833453228518315
26340,Normal_Weight,3.908927799136178
26341,Normal_Weight,4.490261850199423
26342,Normal_Weight,0.4010609302400933
26343,Normal_Weight,4.009062848499073
26344,Normal_Weight,1.7078957040424074
26345,Normal_Weight,4.021981772356822
26346,Normal_Weight,1.6114339952881185
26347,Normal_Weight,3.0085209149438445
26348,Normal_Weight,3.0803295974036073
26349,Normal_Weight,6.141400297013136
26350,Normal_Weight,4.149626346490445
26351,Normal_Weight,0.34528258440529996
26352,Normal_Weight,1.5716419971637168
26353,Normal_Weight,2.702042137206827
26354,Normal_Weight,0.2687251217412423
26355,Normal_Weight,3.2814270148915616
26356,Normal_Weight,3.265202902850895
26357,Normal_Weight,4.0248419654738745
26358,Normal_Weight,5.580469971496044
26359,Normal_Weight,3.2448113266336702
26360,Normal_Weight,4.028241749111727
26361,Normal_Weight,5.008734837924427
26362,Normal_Weight,3.1769058528073244
26363,Normal_Weight,3.384508168001022
26364,Normal_Weight,3.4393990666351306
26365,Normal_Weight,5.726951184127316
26366,Normal_Weight,3.1093321652426735
26367,Normal_Weight,4.020952708731384
26368,Normal_Weight,2.730084294070652
26369,Normal_Weight,4.0204771985565495
26370,Normal_Weight,3.9698578580900716
26371,Normal_Weight,6.174183866410718
26372,Normal_Weight,4.003632925118131
26373,Normal_Weight,2.427398385681084
26374,Normal_Weight,5.636883059247712
26375,Normal_Weight,2.525120891904403
26376,Normal_Weight,0.5266091859411752
26377,Normal_Weight,5.046184503187556
26378,Normal_Weight,0.7541648163754804
26379,Normal_Weight,6.705870831281488
26380,Normal_Weight,3.151021197252569
26381,Normal_Weight,4.023526022839642
26382,Normal_Weight,5.070526439304653
26383,Normal_Weight,4.028241749111727
26384,Normal_Weight,2.7194565762954905
26385,Normal_Weight,5.920603951745102
26386,Normal_Weight,3.599021082520804
26387,Normal_Weight,4.158861623871751
26388,Normal_Weight,5.551594366995099
26389,Normal_Weight,0.10979216891049887
26390,Normal_Weight,4.427014057557356
26391,Normal_Weight,4.819866556805087
26392,Normal_Weight,3.967150283154216
26393,Normal_Weight,3.0387099111091063
26394,Normal_Weight,2.5474560713469034
26395,Normal_Weight,3.612752215688578
26396,Normal_Weight,4.818592712985748
26397,Normal_Weight,2.8652203457357097
26398,Normal_Weight,4.185578895532834
26399,Normal_Weight,3.9723453787487473
26400,Normal_Weight,3.9443739851400847
26401,Normal_Weight,4.370296619077581
26402,Normal_Weight,2.5035226151012675
26403,Normal_Weight,0.24974154140120086
26404,Normal_Weight,4.07839893204991
26405,Normal_Weight,2.3684514807651307
26406,Normal_Weight,1.6692521876724793
26407,Normal_Weight,2.627627439636303
26408,Normal_Weight,4.133963300617728
26409,Normal_Weight,2.263060917602025
26410,Normal_Weight,3.198909165245646
26411,Normal_Weight,3.898329840171802
26412,Normal_Weight,3.4254813579119996
26413,Normal_Weight,5.9124472534206856
26414,Normal_Weight,2.0244358779833034
26415,Normal_Weight,3.4311312047069658
26416,Normal_Weight,3.436731221786432
26417,Normal_Weight,2.203603197376766
26418,Normal_Weight,6.568745888061795
26419,Normal_Weight,0.3264456031537387
26420,Normal_Weight,1.4459451556007175
26421,Normal_Weight,2.6591928413490296
26422,Normal_Weight,4.0248419654738745
26423,Normal_Weight,5.806866731039909
26424,Normal_Weight,6.136038288313879
26425,Normal_Weight,5.740803613671618
26426,Normal_Weight,2.937090625474614
26427,Normal_Weight,4.0190739487634355
26428,Normal_Weight,5.0051171202662985
26429,Normal_Weight,1.285289867675349
26430,Normal_Weight,2.8753340202263766
26431,Normal_Weight,2.578597846883471
26432,Normal_Weight,0.1597546529828382
26433,Normal_Weight,2.774359735239707
26434,Normal_Weight,3.951322937422958
26435,Normal_Weight,3.123924279414939
26436,Normal_Weight,3.129123196147303
26437,Normal_Weight,3.67069945998203
26438,Normal_Weight,3.2157030580387276
26439,Normal_Weight,4.9825939675943465
26440,Normal_Weight,3.290869428673408
26441,Normal_Weight,2.2667641578230078
26442,Normal_Weight,0.46912825245651557
26443,Normal_Weight,1.7535050500535583
26444,Normal_Weight,3.2779639814675083
26445,Normal_Weight,0.6944306350173214
26446,Normal_Weight,6.248295611871701
26447,Normal_Weight,4.683008703029621
26448,Normal_Weight,3.6260517401165417
26449,Normal_Weight,1.290492837349494
26450,Normal_Weight,4.5151409124433854
26451,Normal_Weight,0.24938769252042844
26452,Normal_Weight,2.774742930139301
26453,Normal_Weight,1.2533520873905213
26454,Normal_Weight,2.424662971641341
26455,Normal_Weight,5.832137714733202
26456,Normal_Weight,4.169410556105196
26457,Normal_Weight,4.641395570837985
26458,Normal_Weight,2.8481695215241234
26459,Normal_Weight,3.93579704603456
26460,Normal_Weight,3.9549583799506682
26461,Normal_Weight,5.935440393112686
26462,Normal_Weight,5.3872132609126
26463,Normal_Weight,4.153495944229425
26464,Normal_Weight,6.56338421729319
26465,Normal_Weight,3.2976376507524456
26466,Normal_Weight,4.009062848499073
26467,Normal_Weight,3.408221870452357
26468,Normal_Weight,4.032561769301583
26469,Normal_Weight,2.7470558947751136
26470,Normal_Weight,3.1807063129900524
26471,Normal_Weight,0.10538747220364321
26472,Normal_Weight,4.006202655382015
26473,Normal_Weight,5.663386276912365
26474,Normal_Weight,3.5390933124963366
26475,Normal_Weight,3.0855642011345945
26476,Normal_Weight,2.395417580705446
26477,Normal_Weight,5.034480106596669
26478,Normal_Weight,2.7112895585730126
26479,Normal_Weight,0.47528455485050225
26480,Normal_Weight,2.5786385696033824
26481,Normal_Weight,4.55500803297843
26482,Normal_Weight,0.25122661634497834
26483,Normal_Weight,4.320782974652273
26484,Normal_Weight,2.6510766416578537
26485,Normal_Weight,0.23003115853036424
26486,Normal_Weight,4.046754191742962
26487,Normal_Weight,3.3691678382300294
26488,Normal_Weight,4.173035889227931
26489,Normal_Weight,-0.07384035776844347
26490,Normal_Weight,4.07839893204991
26491,Normal_Weight,1.001488351427261
26492,Normal_Weight,-0.0031372841345705888
26493,Normal_Weight,0.7411488380100572
26494,Normal_Weight,1.7335912344866993
26495,Normal_Weight,4.02882597514075
26496,Normal_Weight,5.0481681000393
26497,Normal_Weight,2.655508356056712
26498,Normal_Weight,4.736246560923026
26499,Normal_Weight,3.033488750330088
26500,Normal_Weight,3.06826588391245
26501,Normal_Weight,4.740735498638155
26502,Normal_Weight,4.030975074768159
26503,Normal_Weight,3.1443581716053974
26504,Normal_Weight,3.2501953098289293
26505,Normal_Weight,4.034260225108666
26506,Normal_Weight,5.56336438239361
26507,Normal_Weight,4.368668939766869
26508,Normal_Weight,4.081552507516853
26509,Normal_Weight,3.013011319924525
26510,Normal_Weight,4.347193704340127
26511,Normal_Weight,4.931848926420234
26512,Normal_Weight,2.2009510285566423
26513,Normal_Weight,5.861901205395128
26514,Normal_Weight,5.568010495448399
26515,Normal_Weight,3.096787214522845
26516,Normal_Weight,3.440240616325848
26517,Normal_Weight,2.962477731612997
26518,Normal_Weight,2.88801613260544
26519,Normal_Weight,0.5949945466768756
26520,Normal_Weight,0.22792182344359657
26521,Normal_Weight,2.1326770102676154
26522,Normal_Weight,3.1877189815938274
26523,Normal_Weight,4.0416110497467335
26524,Normal_Weight,5.4609646976802635
26525,Normal_Weight,6.17571984119595
26526,Normal_Weight,-0.06570412729015776
26527,Normal_Weight,4.679048407262187
26528,Normal_Weight,0.8300169146648037
26529,Normal_Weight,5.388695392275306
26530,Normal_Weight,4.89360651820347
26531,Normal_Weight,4.963951368697189
26532,Normal_Weight,3.1599127595980185
26533,Normal_Weight,5.853385256534024
26534,Normal_Weight,1.7929895710660786
26535,Normal_Weight,1.7493578662614404
26536,Normal_Weight,4.07590202135155
26537,Normal_Weight,5.70287729282457
26538,Normal_Weight,5.918922405312937
26539,Normal_Weight,4.009080894923368
26540,Normal_Weight,4.052012262892109
26541,Normal_Weight,0.8055614829616353
26542,Normal_Weight,5.373222512250693
26543,Normal_Weight,1.0565556544053534
26544,Normal_Weight,4.888750467324482
26545,Normal_Weight,2.8450930620948354
26546,Normal_Weight,3.3771967841227486
26547,Normal_Weight,5.274995326747609
26548,Normal_Weight,4.031101942228779
26549,Normal_Weight,3.1300406252619752
26550,Normal_Weight,2.9845285524821525
26551,Normal_Weight,3.314187740992065
26552,Normal_Weight,3.942638648998332
26553,Normal_Weight,3.8737941004477725
26554,Normal_Weight,4.186563791093809
26555,Normal_Weight,4.066935503870566
26556,Normal_Weight,4.852285529298639
26557,Normal_Weight,0.3104011847788582
26558,Normal_Weight,6.2038978284800805
26559,Normal_Weight,4.066935503870566
26560,Normal_Weight,4.408220664020127
26561,Normal_Weight,4.006493118235189
26562,Normal_Weight,2.7188576778167746
26563,Normal_Weight,2.535276525458918
26564,Normal_Weight,1.0171798539815136
26565,Normal_Weight,4.718225702694182
26566,Normal_Weight,4.640715858250875
26567,Normal_Weight,4.009062848499073
26568,Normal_Weight,0.32688006233712263
26569,Normal_Weight,1.8795928189053033
26570,Normal_Weight,3.3382110169965302
26571,Normal_Weight,5.624672419604866
26572,Normal_Weight,5.7065932690671355
26573,Normal_Weight,0.3357567982708105
26574,Normal_Weight,3.9255398911245947
26575,Normal_Weight,1.5819975428116557
26576,Normal_Weight,0.33915549406954865
26577,Normal_Weight,4.006202655382015
26578,Normal_Weight,3.696023592222525
26579,Normal_Weight,2.3189846866535273
26580,Normal_Weight,5.206288756002675
26581,Normal_Weight,1.2135352428069726
26582,Normal_Weight,3.2594354922341378
26583,Normal_Weight,4.1020972683935835
26584,Normal_Weight,4.009062848499073
26585,Normal_Weight,4.87606859677979
26586,Normal_Weight,4.150591345619892
26587,Normal_Weight,3.6647376968071077
26588,Normal_Weight,1.0662177061791893
26589,Normal_Weight,3.140185132717968
26590,Normal_Weight,4.042139864490769
26591,Normal_Weight,4.797501133798046
26592,Normal_Weight,2.635970385328421
26593,Normal_Weight,3.5872635536130275
26594,Normal_Weight,3.109315940161945
26595,Normal_Weight,5.846147220174749
26596,Normal_Weight,4.030532593652675
26597,Normal_Weight,3.5268238286954428
26598,Normal_Weight,4.021479118021545
26599,Normal_Weight,4.030640572077329
26600,Normal_Weight,0.04040759735117625
26601,Normal_Weight,3.9544811138602194
26602,Normal_Weight,3.9412248703476407
26603,Normal_Weight,4.799621180257337
26604,Normal_Weight,-0.21702243418852532
26605,Normal_Weight,4.905920414739878
26606,Normal_Weight,0.37512518893513475
26607,Normal_Weight,5.523036549518683
26608,Normal_Weight,4.150544369511854
26609,Normal_Weight,3.266180428542223
26610,Normal_Weight,1.2948961127141156
26611,Normal_Weight,3.7474820200922805
26612,Normal_Weight,1.0529225818951682
26613,Normal_Weight,3.9938817468992136
26614,Normal_Weight,4.023328375473592
26615,Normal_Weight,5.749804724123813
26616,Normal_Weight,4.621765884269823
26617,Normal_Weight,0.5295989397157739
26618,Normal_Weight,3.012519516552417
26619,Normal_Weight,1.674909413659533
26620,Normal_Weight,0.045821144116462154
26621,Normal_Weight,4.026301792546678
26622,Normal_Weight,3.9691030548779898
26623,Normal_Weight,0.7964294873869069
26624,Normal_Weight,4.009062848499073
26625,Normal_Weight,3.8853799145120815
26626,Normal_Weight,5.511939465443674
26627,Normal_Weight,4.031101942228779
26628,Normal_Weight,4.021567628829381
26629,Normal_Weight,-0.011204347697933366
26630,Normal_Weight,3.201293774987277
26631,Normal_Weight,3.964483579022985
26632,Normal_Weight,0.7700757731381818
26633,Normal_Weight,4.053014168497866
26634,Normal_Weight,3.015058014884779
26635,Normal_Weight,0.15194460564559756
26636,Normal_Weight,0.06203456074169037
26637,Normal_Weight,3.8386262743628357
26638,Normal_Weight,3.15188759193054
26639,Normal_Weight,4.0248419654738745
26640,Normal_Weight,3.507008782057095
26641,Normal_Weight,0.16338614508504115
26642,Normal_Weight,3.06196410096392
26643,Normal_Weight,2.2278965857150195
26644,Normal_Weight,0.04760183866879069
26645,Normal_Weight,3.177081808132972
26646,Normal_Weight,6.053937865836019
26647,Normal_Weight,2.4628916657797704
26648,Normal_Weight,4.009062848499073
26649,Normal_Weight,4.143406409296612
26650,Normal_Weight,2.50014990598622
26651,Normal_Weight,4.0248419654738745
26652,Normal_Weight,3.881293499061051
26653,Normal_Weight,6.142517936945258
26654,Normal_Weight,4.307717440810819
26655,Normal_Weight,0.0631910091531848
26656,Normal_Weight,3.086370469376757
26657,Normal_Weight,6.193649581789924
26658,Normal_Weight,1.9056318593789598
26659,Normal_Weight,0.41667198933651417
26660,Normal_Weight,3.1191398341629477
26661,Normal_Weight,2.8561333427697813
26662,Normal_Weight,4.026052465084576
26663,Normal_Weight,2.0199611264834454
26664,Normal_Weight,3.266086419195185
26665,Normal_Weight,3.982773335194681
26666,Normal_Weight,3.2102993564243123
26667,Normal_Weight,4.0243940179258795
26668,Normal_Weight,5.513961213446598
26669,Normal_Weight,2.620428562503883
26670,Normal_Weight,6.225656103687639
26671,Normal_Weight,0.30871862176926396
26672,Normal_Weight,0.9156328868497504
26673,Normal_Weight,5.895127341729372
26674,Normal_Weight,4.0248419654738745
26675,Normal_Weight,4.0945012068578786
26676,Normal_Weight,5.14832252166737
26677,Normal_Weight,2.6610192978152076
26678,Normal_Weight,3.9552901972091457
26679,Normal_Weight,5.8286857329762505
26680,Normal_Weight,3.2955445033696478
26681,Normal_Weight,0.0455346621189461
26682,Normal_Weight,3.9435815244172963
26683,Normal_Weight,3.2171080988296343
26684,Normal_Weight,4.006202655382015
26685,Normal_Weight,4.715535356614728
26686,Normal_Weight,3.136515633245224
26687,Normal_Weight,0.851886716019708
26688,Normal_Weight,0.5321639621411582
26689,Normal_Weight,0.3322481543662681
26690,Normal_Weight,4.029992039037698
26691,Normal_Weight,2.5012402453154543
26692,Normal_Weight,5.352782773717482
26693,Normal_Weight,2.5836002911075697
26694,Normal_Weight,1.3465841434321792
26695,Normal_Weight,4.006202655382015
26696,Normal_Weight,1.867103978136887
26697,Normal_Weight,2.885566918995501
26698,Normal_Weight,3.21691824364338
26699,Normal_Weight,5.207128616271703
26700,Normal_Weight,2.980739876756659
26701,Normal_Weight,2.783873378031985
26702,Normal_Weight,3.9783054499696595
26703,Normal_Weight,3.9543895803554725
26704,Normal_Weight,0.6249956840021872
26705,Normal_Weight,3.6822879034057694
26706,Normal_Weight,4.226521954846574
26707,Normal_Weight,4.458454152504059
26708,Normal_Weight,3.403828935229914
26709,Normal_Weight,3.8162357237499815
26710,Normal_Weight,0.3408683099599601
26711,Normal_Weight,0.07623500546412677
26712,Normal_Weight,1.3344297411906518
26713,Normal_Weight,1.2900592418563108
26714,Normal_Weight,4.020613136049452
26715,Normal_Weight,4.047300982023456
26716,Normal_Weight,2.535476823866606
26717,Normal_Weight,2.111686968866665
26718,Normal_Weight,4.006202655382015
26719,Normal_Weight,3.8391667877543707
26720,Normal_Weight,3.090122066970309
26721,Normal_Weight,2.7930568023746307
26722,Normal_Weight,5.686818839612881
26723,Normal_Weight,3.6485617068284744
26724,Normal_Weight,2.2246615587324827
26725,Normal_Weight,6.350412012847969
26726,Normal_Weight,4.011427918111401
26727,Normal_Weight,4.1507736600073475
26728,Normal_Weight,3.7652418418586207
26729,Normal_Weight,6.129415275191767
26730,Normal_Weight,5.25074867271554
26731,Normal_Weight,4.4919974176876085
26732,Normal_Weight,3.269457806377265
26733,Normal_Weight,5.511598090105394
26734,Normal_Weight,0.276489727357328
26735,Normal_Weight,4.005182348280154
26736,Normal_Weight,0.37783893645631816
26737,Normal_Weight,0.6529306059272877
26738,Normal_Weight,2.7468926643540734
26739,Normal_Weight,3.337046149507041
26740,Normal_Weight,3.295553016349684
26741,Normal_Weight,3.3463080797580047
26742,Normal_Weight,2.516140265906905
26743,Normal_Weight,3.2598100921501807
26744,Normal_Weight,4.157905358483658
26745,Normal_Weight,5.1803610935536115
26746,Normal_Weight,4.633618145639078
26747,Normal_Weight,0.2923913576444852
26748,Normal_Weight,0.15733491423473064
26749,Normal_Weight,2.113409231912328
26750,Normal_Weight,4.059621041488146
26751,Normal_Weight,3.2090873717452197
26752,Normal_Weight,2.7286851275462527
26753,Normal_Weight,3.7744904239742714
26754,Normal_Weight,3.3489911526972804
26755,Normal_Weight,0.09313044899247197
26756,Normal_Weight,4.053014168497866
26757,Normal_Weight,0.5119956836825533
26758,Normal_Weight,6.391816090064491
26759,Normal_Weight,4.006202655382015
26760,Normal_Weight,0.019092142606417388
26761,Normal_Weight,2.687462093198651
26762,Normal_Weight,2.2022152351034494
26763,Normal_Weight,3.3942221671925172
26764,Normal_Weight,3.834322829520997
26765,Normal_Weight,0.3581268710046358
26766,Normal_Weight,3.3406883461776893
26767,Normal_Weight,3.11782875737098
26768,Normal_Weight,5.184872981190592
26769,Normal_Weight,4.8662203333369245
26770,Normal_Weight,4.088104877263642
26771,Normal_Weight,5.113505061349001
26772,Normal_Weight,5.2757858025233135
26773,Normal_Weight,0.6684567857385625
26774,Normal_Weight,2.9517203037398834
26775,Normal_Weight,6.302662328063443
26776,Normal_Weight,3.0207101833881023
26777,Normal_Weight,3.382163259205203
26778,Normal_Weight,5.057866881652382
26779,Normal_Weight,4.009062848499073
26780,Normal_Weight,3.551301768929922
26781,Normal_Weight,2.797340023475456
26782,Normal_Weight,4.031101942228779
26783,Normal_Weight,5.779488441666691
26784,Normal_Weight,4.462584588106976
26785,Normal_Weight,4.085949105839142
26786,Normal_Weight,5.540844915875103
26787,Normal_Weight,3.154479734447133
26788,Normal_Weight,3.1681535368563982
26789,Normal_Weight,3.9881012459567904
26790,Normal_Weight,0.45276661521854294
26791,Normal_Weight,6.62640622034023
26792,Normal_Weight,5.532635595105384
26793,Normal_Weight,5.242923141858
26794,Normal_Weight,1.7172656526233399
26795,Normal_Weight,0.4663730827030999
26796,Normal_Weight,5.705145644367883
26797,Normal_Weight,4.026052465084576
26798,Normal_Weight,3.053251227170653
26799,Normal_Weight,1.47671825346691
26800,Normal_Weight,5.079652250131847
26801,Normal_Weight,0.016472884161509684
26802,Normal_Weight,3.6879151535738353
26803,Normal_Weight,4.352032706914741
26804,Normal_Weight,0.5145661726535926
26805,Normal_Weight,4.460856659542553
26806,Normal_Weight,3.1022188411249485
26807,Normal_Weight,3.299750239281844
26808,Normal_Weight,0.046758178645851606
26809,Normal_Weight,1.4162882435094113
26810,Normal_Weight,1.231362125882674
26811,Normal_Weight,4.053014168497866
26812,Normal_Weight,0.8841895097102773
26813,Normal_Weight,5.755609844188287
26814,Normal_Weight,4.656196598811074
26815,Normal_Weight,2.517656196151546
26816,Normal_Weight,2.7942556622734247
26817,Normal_Weight,2.475789607786005
26818,Normal_Weight,1.0515124704649579
26819,Normal_Weight,2.5948723892343986
26820,Normal_Weight,2.9686446026903472
26821,Normal_Weight,1.255906311866406
26822,Normal_Weight,3.0892917593020557
26823,Normal_Weight,2.7213205103485283
26824,Normal_Weight,2.2972244406962097
26825,Normal_Weight,4.046754191742962
26826,Normal_Weight,5.950994168297521
26827,Normal_Weight,4.357627939985957
26828,Normal_Weight,4.826720217441474
26829,Normal_Weight,0.48949861555550267
26830,Normal_Weight,5.319771894914384
26831,Normal_Weight,6.396134955374193
26832,Normal_Weight,4.141946112119707
26833,Normal_Weight,3.311931601256777
26834,Normal_Weight,2.177804142035562
26835,Normal_Weight,3.3106782010686158
26836,Normal_Weight,2.4728942624958297
26837,Normal_Weight,2.6274528455366015
26838,Normal_Weight,5.021342295101305
26839,Normal_Weight,4.031101942228779
26840,Normal_Weight,4.108040741858592
26841,Normal_Weight,0.5124351738226761
26842,Normal_Weight,5.905514155138275
26843,Normal_Weight,0.4119171991913881
26844,Normal_Weight,1.6312246077412647
26845,Normal_Weight,3.179960662647837
26846,Normal_Weight,3.9989131824706696
26847,Normal_Weight,2.7127034328030244
26848,Normal_Weight,4.061613115251652
26849,Normal_Weight,4.011427918111401
26850,Normal_Weight,0.7044491917685233
26851,Normal_Weight,3.1602038266379426
26852,Normal_Weight,0.334019617300118
26853,Normal_Weight,3.765143260054758
26854,Normal_Weight,5.006035212169205
26855,Normal_Weight,2.8409217956983706
26856,Normal_Weight,0.46626892466128067
26857,Normal_Weight,2.3542666871382565
26858,Normal_Weight,3.095439631455868
26859,Normal_Weight,1.1479612465995332
26860,Normal_Weight,0.23282403135329793
26861,Normal_Weight,2.424040272883289
26862,Normal_Weight,4.8849723653356945
26863,Normal_Weight,0.3886201631504038
26864,Normal_Weight,4.012778409815861
26865,Normal_Weight,-0.03753003216066628
26866,Normal_Weight,3.109589525767659
26867,Normal_Weight,2.7502337411683295
26868,Normal_Weight,3.253746559434387
26869,Normal_Weight,4.853259020451982
26870,Normal_Weight,4.059189340149975
26871,Normal_Weight,2.732030179415528
26872,Normal_Weight,3.788275254259031
26873,Normal_Weight,1.010112959478539
26874,Normal_Weight,4.028491944033478
26875,Normal_Weight,4.086173256059143
26876,Normal_Weight,4.028241749111727
26877,Normal_Weight,4.647228545601092
26878,Normal_Weight,4.053161154123401
26879,Normal_Weight,5.239190760073619
26880,Normal_Weight,1.6068398069556207
26881,Normal_Weight,3.3068723103136275
26882,Normal_Weight,3.4015847300526154
26883,Normal_Weight,1.0300413808310678
26884,Normal_Weight,-0.1307472320884972
26885,Normal_Weight,6.021123907375005
26886,Normal_Weight,1.3278270463725108
26887,Normal_Weight,0.3635144018130968
26888,Normal_Weight,5.811942736869641
26889,Normal_Weight,1.915813560889275
26890,Normal_Weight,6.293303631910463
26891,Normal_Weight,3.3595638718667997
26892,Normal_Weight,3.266258726666951
26893,Normal_Weight,0.2795954629035292
26894,Normal_Weight,0.2510868548954577
26895,Normal_Weight,4.021981772356822
26896,Normal_Weight,0.440532915702993
26897,Normal_Weight,2.79584757044459
26898,Normal_Weight,3.03935601164187
26899,Normal_Weight,0.31750827317110514
26900,Normal_Weight,0.9361575514551708
26901,Normal_Weight,2.6796555572661376
26902,Normal_Weight,0.10052746732384235
26903,Normal_Weight,0.035838805708364514
26904,Normal_Weight,0.3595240272669596
26905,Normal_Weight,0.8910939202926758
26906,Normal_Weight,6.743184778956188
26907,Normal_Weight,4.844694411865673
26908,Normal_Weight,1.0581457781444896
26909,Normal_Weight,0.03056131151514158
26910,Normal_Weight,4.198717511199029
26911,Normal_Weight,3.2514975845099268
26912,Normal_Weight,3.718744571362744
26913,Normal_Weight,3.0494283479061486
26914,Normal_Weight,2.6279886292179975
26915,Normal_Weight,1.901474037469616
26916,Normal_Weight,0.006729935269393732
26917,Normal_Weight,5.6102306443387375
26918,Normal_Weight,4.630140090799795
26919,Normal_Weight,6.170493834645822
26920,Normal_Weight,4.840053487470631
26921,Normal_Weight,4.00120296176763
26922,Normal_Weight,5.514565286998224
26923,Normal_Weight,5.5051033805127645
26924,Normal_Weight,5.317189910376695
26925,Normal_Weight,4.031101942228779
26926,Normal_Weight,3.9133943162644855
26927,Normal_Weight,4.066935503870566
26928,Normal_Weight,2.6239042284474805
26929,Normal_Weight,0.2374720479329917
26930,Normal_Weight,0.9896679152854285
26931,Normal_Weight,0.6360659823456348
26932,Normal_Weight,0.245937218090523
26933,Normal_Weight,3.5636531801272597
26934,Normal_Weight,2.5717670445368
26935,Normal_Weight,3.381221569156007
26936,Normal_Weight,5.8145955156075875
26937,Normal_Weight,1.0564394695807835
26938,Normal_Weight,0.5613701343947813
26939,Normal_Weight,6.118452656518487
26940,Normal_Weight,2.815534051045437
26941,Normal_Weight,3.0560696321629797
26942,Normal_Weight,3.6076503455125977
26943,Normal_Weight,3.173178553975792
26944,Normal_Weight,5.015044849933884
26945,Normal_Weight,6.479633655834982
26946,Normal_Weight,4.208954362568151
26947,Normal_Weight,2.910999644419978
26948,Normal_Weight,3.9161427915776925
26949,Normal_Weight,0.517570762309206
26950,Normal_Weight,4.027421830160527
26951,Normal_Weight,3.867778665577114
26952,Normal_Weight,6.3903114842202795
26953,Normal_Weight,3.9165833483319656
26954,Normal_Weight,2.42279323314153
26955,Normal_Weight,0.3785526103312513
26956,Normal_Weight,2.194529505234003
26957,Normal_Weight,0.16886916955078374
26958,Normal_Weight,4.00827434264446
26959,Normal_Weight,4.066935503870566
26960,Normal_Weight,0.23740680980155984
26961,Normal_Weight,0.07496164050221381
26962,Normal_Weight,2.7485858986983644
26963,Normal_Weight,0.17583078726892223
26964,Normal_Weight,2.725431034043556
26965,Normal_Weight,2.061448288929168
26966,Normal_Weight,3.9223031347833666
26967,Normal_Weight,6.559160077416224
26968,Normal_Weight,1.066289359406977
26969,Normal_Weight,4.811415165448338
26970,Normal_Weight,2.3035444582202724
26971,Normal_Weight,1.8345783519378396
26972,Normal_Weight,0.27210397779209455
26973,Normal_Weight,3.9944907246771075
26974,Normal_Weight,2.474081190069818
26975,Normal_Weight,4.47050195602514
26976,Normal_Weight,3.1939365986465815
26977,Normal_Weight,5.394630047685443
26978,Normal_Weight,3.29896955715567
26979,Normal_Weight,3.5075682962793735
26980,Normal_Weight,0.4079056971872854
26981,Normal_Weight,4.202289995439949
26982,Normal_Weight,2.8582777313645815
26983,Normal_Weight,3.4262306488807206
26984,Normal_Weight,3.014335373734505
26985,Normal_Weight,5.26875536873039
26986,Normal_Weight,0.08869674220535378
26987,Normal_Weight,4.006202655382015
26988,Normal_Weight,4.142635194956443
26989,Normal_Weight,4.83866402582785
26990,Normal_Weight,1.5964330245232956
26991,Normal_Weight,5.128176162571783
26992,Normal_Weight,3.8422952985037937
26993,Normal_Weight,0.08533882272919095
26994,Normal_Weight,0.07762371336721703
26995,Normal_Weight,4.030975074768159
26996,Normal_Weight,4.734589093472271
26997,Normal_Weight,1.1104421443844135
26998,Normal_Weight,3.9759058879133606
26999,Normal_Weight,0.7880273496268018
27000,Normal_Weight,4.6859009345967895
27001,Normal_Weight,3.0672207440524826
27002,Normal_Weight,4.162984689317787
27003,Normal_Weight,1.3981784230078218
27004,Normal_Weight,2.326302304991082
27005,Normal_Weight,3.6647671263183423
27006,Normal_Weight,5.101615806522583
27007,Normal_Weight,5.20603559477126
27008,Normal_Weight,2.615941237036294
27009,Normal_Weight,3.2505088247284335
27010,Normal_Weight,3.0853347418448256
27011,Normal_Weight,5.454588627957091
27012,Normal_Weight,0.7971681853060274
27013,Normal_Weight,4.166340055753295
27014,Normal_Weight,2.6071197277058795
27015,Normal_Weight,1.532427315466044
27016,Normal_Weight,3.6030137265597006
27017,Normal_Weight,4.074784670052389
27018,Normal_Weight,4.01433156275229
27019,Normal_Weight,5.5355983111534295
27020,Normal_Weight,1.9652463683883619
27021,Normal_Weight,3.127425362383512
27022,Normal_Weight,2.8299963697808046
27023,Normal_Weight,0.03136894698153019
27024,Normal_Weight,5.45592330070071
27025,Normal_Weight,5.687833649866944
27026,Normal_Weight,4.084569421895419
27027,Normal_Weight,2.4520064199409033
27028,Normal_Weight,2.675676235943677
27029,Normal_Weight,0.15671595327396817
27030,Normal_Weight,5.118794630641109
27031,Normal_Weight,2.4048452596637864
27032,Normal_Weight,4.009062848499073
27033,Normal_Weight,3.431751429909168
27034,Normal_Weight,2.3447513331931646
27035,Normal_Weight,5.3826115935212115
27036,Normal_Weight,2.028377642636057
27037,Normal_Weight,1.539718578486353
27038,Normal_Weight,0.04688810139838039
27039,Normal_Weight,0.22250618811613868
27040,Normal_Weight,0.5813508702970279
27041,Normal_Weight,1.6496113585526215
27042,Normal_Weight,4.009062848499073
27043,Normal_Weight,0.25999579940292117
27044,Normal_Weight,3.140200249946216
27045,Normal_Weight,3.9927010923137165
27046,Normal_Weight,4.023328375473592
27047,Normal_Weight,5.388704457915919
27048,Normal_Weight,5.022860159337917
27049,Normal_Weight,2.28247804067217
27050,Normal_Weight,-0.04168161385243665
27051,Normal_Weight,5.056404382479852
27052,Normal_Weight,2.4146423810178503
27053,Normal_Weight,2.6949635546121344
27054,Normal_Weight,4.102598227043177
27055,Normal_Weight,1.3679376330392414
27056,Normal_Weight,1.8780126474591214
27057,Normal_Weight,1.274305460157664
27058,Normal_Weight,4.560098422942768
27059,Normal_Weight,0.7621516042334474
27060,Normal_Weight,5.130699268326662
27061,Normal_Weight,4.066175831272153
27062,Normal_Weight,2.251346552317275
27063,Normal_Weight,4.823025264921665
27064,Normal_Weight,5.314721016853913
27065,Normal_Weight,4.194910542042347
27066,Normal_Weight,0.12489616158253322
27067,Normal_Weight,5.092195393726929
27068,Normal_Weight,4.0105226755718775
27069,Normal_Weight,0.6944329691294365
27070,Normal_Weight,4.788943479510819
27071,Normal_Weight,0.9418315343604202
27072,Normal_Weight,3.147577506748654
27073,Normal_Weight,2.7205156517531237
27074,Normal_Weight,6.570650217873838
27075,Normal_Weight,3.932993450149748
27076,Normal_Weight,3.2663567927305284
27077,Normal_Weight,4.031101942228779
27078,Normal_Weight,2.4701903473957807
27079,Normal_Weight,3.3218478755428746
27080,Normal_Weight,5.892394148626457
27081,Normal_Weight,1.6793005008587563
27082,Normal_Weight,3.395239787005448
27083,Normal_Weight,1.9700880573642998
27084,Normal_Weight,2.171465498060853
27085,Normal_Weight,0.471832611382846
27086,Normal_Weight,2.9115950734178218
27087,Normal_Weight,5.483875854027
27088,Normal_Weight,3.002440194145946
27089,Normal_Weight,3.487192148327475
27090,Normal_Weight,1.4679508894962798
27091,Normal_Weight,0.9213657775851893
27092,Normal_Weight,4.066935503870566
27093,Normal_Weight,2.875276054063657
27094,Normal_Weight,2.231766204943089
27095,Normal_Weight,2.3837980697655086
27096,Normal_Weight,2.445325142004151
27097,Normal_Weight,4.026052465084576
27098,Normal_Weight,0.276105107449173
27099,Normal_Weight,3.7329918292883053
27100,Normal_Weight,5.336061056673535
27101,Normal_Weight,2.794064710488267
27102,Normal_Weight,2.658279890437693
27103,Normal_Weight,4.009062848499073
27104,Normal_Weight,4.09649253634919
27105,Normal_Weight,1.2936652347331237
27106,Normal_Weight,2.9911718098064006
27107,Normal_Weight,5.149220860938134
27108,Normal_Weight,2.75924302622902
27109,Normal_Weight,0.9470287565254533
27110,Normal_Weight,0.3888072926080944
27111,Normal_Weight,6.175459487228381
27112,Normal_Weight,2.237497592758272
27113,Normal_Weight,1.595825508014705
27114,Normal_Weight,3.954438623004098
27115,Normal_Weight,4.799714887678198
27116,Normal_Weight,3.1515618535050183
27117,Normal_Weight,2.3469487474318855
27118,Normal_Weight,1.1073517548517973
27119,Normal_Weight,2.8241948569433313
27120,Normal_Weight,3.2777868746135987
27121,Normal_Weight,4.314763757148479
27122,Normal_Weight,6.1195110895373395
27123,Normal_Weight,3.3395083589901953
27124,Normal_Weight,5.964767047646015
27125,Normal_Weight,5.717160021012872
27126,Normal_Weight,4.573185422933256
27127,Normal_Weight,0.455412072861165
27128,Normal_Weight,0.23189348853448186
27129,Normal_Weight,3.877800384236684
27130,Normal_Weight,2.786158777457006
27131,Normal_Weight,2.366756525338514
27132,Normal_Weight,4.030975074768159
27133,Normal_Weight,6.101555941200307
27134,Normal_Weight,5.666061958061077
27135,Normal_Weight,1.5659857361039204
27136,Normal_Weight,0.38339274814036794
27137,Normal_Weight,1.8664153971539452
27138,Normal_Weight,2.8936619329559434
27139,Normal_Weight,4.1425081769533065
27140,Normal_Weight,1.6386772338435944
27141,Normal_Weight,2.6818806137575995
27142,Normal_Weight,3.467208648841675
27143,Normal_Weight,-0.12871848320353474
27144,Normal_Weight,4.609879570643962
27145,Normal_Weight,4.079421365559479
27146,Normal_Weight,5.933993317024025
27147,Normal_Weight,3.1714015517667904
27148,Normal_Weight,0.09604701403416062
27149,Normal_Weight,2.018550539682516
27150,Normal_Weight,3.136154766324942
27151,Normal_Weight,3.983922530384664
27152,Normal_Weight,4.902613326234799
27153,Normal_Weight,-0.02294493223727372
27154,Normal_Weight,2.374052048758188
27155,Normal_Weight,3.2246428086732224
27156,Normal_Weight,4.824400143010127
27157,Normal_Weight,3.6205004128271154
27158,Normal_Weight,3.2720913529123994
27159,Normal_Weight,1.3668616150787012
27160,Normal_Weight,4.0264876149765865
27161,Normal_Weight,5.59188593988008
27162,Normal_Weight,2.9307435943967373
27163,Normal_Weight,5.2196450082371495
27164,Normal_Weight,2.317969307760521
27165,Normal_Weight,0.43336741273589685
27166,Normal_Weight,4.374651050266351
27167,Normal_Weight,2.0056244722654557
27168,Normal_Weight,3.960960891685842
27169,Normal_Weight,2.7844629382313304
27170,Normal_Weight,5.358061454780482
27171,Normal_Weight,4.085519752048775
27172,Normal_Weight,4.987102380185784
27173,Normal_Weight,0.06621933403358309
27174,Normal_Weight,1.9542092746783641
27175,Normal_Weight,3.705487353934775
27176,Normal_Weight,4.6665473686540935
27177,Normal_Weight,0.47119343539711955
27178,Normal_Weight,6.003190202179561
27179,Normal_Weight,5.637249169085993
27180,Normal_Weight,1.4182981953512852
27181,Normal_Weight,5.254591245122718
27182,Normal_Weight,3.2266016573574308
27183,Normal_Weight,3.2387813490188444
27184,Normal_Weight,5.21959846594936
27185,Normal_Weight,3.5244872820149147
27186,Normal_Weight,2.690386328318373
27187,Normal_Weight,2.8220682258781893
27188,Normal_Weight,0.04015519853548725
27189,Normal_Weight,0.15198075657162255
27190,Normal_Weight,3.5369665366291594
27191,Normal_Weight,0.1939910462058694
27192,Normal_Weight,4.0248419654738745
27193,Normal_Weight,2.225992737254272
27194,Normal_Weight,4.021981772356822
27195,Normal_Weight,4.529293228362157
27196,Normal_Weight,4.867779191009072
27197,Normal_Weight,5.608391626801706
27198,Normal_Weight,4.006493118235189
27199,Normal_Weight,5.613713505889425
27200,Normal_Weight,3.2559879608740423
27201,Normal_Weight,3.869887500552297
27202,Normal_Weight,4.0304734785687115
27203,Normal_Weight,0.39086806166647037
27204,Normal_Weight,4.031101942228779
27205,Normal_Weight,4.001048090230841
27206,Normal_Weight,2.192736501865957
27207,Normal_Weight,1.5919805134517278
27208,Normal_Weight,0.31210422604017213
27209,Normal_Weight,2.8307019517425385
27210,Normal_Weight,0.45412175469988936
27211,Normal_Weight,3.898329840171802
27212,Normal_Weight,2.508560959421507
27213,Normal_Weight,0.3701144028367324
27214,Normal_Weight,0.039708090263123955
27215,Normal_Weight,-0.1552497925273613
27216,Normal_Weight,3.205399300535514
27217,Normal_Weight,0.811237546551329
27218,Normal_Weight,4.088728262464021
27219,Normal_Weight,4.023555554386216
27220,Normal_Weight,3.3507942870179157
27221,Normal_Weight,5.820873765493447
27222,Normal_Weight,3.317566325984823
27223,Normal_Weight,3.4393437141556116
27224,Normal_Weight,5.175397637377499
27225,Normal_Weight,5.612284577734269
27226,Normal_Weight,0.20578594807079706
27227,Normal_Weight,0.10974287792228517
27228,Normal_Weight,3.320440861060077
27229,Normal_Weight,3.503535240501689
27230,Normal_Weight,0.8410229206051818
27231,Normal_Weight,4.604751101493504
27232,Normal_Weight,3.9260400809693436
27233,Normal_Weight,3.2500792658627633
27234,Normal_Weight,1.5083249699040515
27235,Normal_Weight,0.3987359242010733
27236,Normal_Weight,4.048731801465649
27237,Normal_Weight,2.5196560746662042
27238,Normal_Weight,4.031101942228779
27239,Normal_Weight,2.557224708456943
27240,Normal_Weight,5.234981310847537
27241,Normal_Weight,4.010981026588814
27242,Normal_Weight,3.0101205971363654
27243,Normal_Weight,4.120366575038033
27244,Normal_Weight,5.01026906275029
27245,Normal_Weight,3.133109888722842
27246,Normal_Weight,0.016094763562909568
27247,Normal_Weight,2.528451074458836
27248,Normal_Weight,3.386832734013097
27249,Normal_Weight,0.7764482367902086
27250,Normal_Weight,3.4631924603612316
27251,Normal_Weight,4.031101942228779
27252,Normal_Weight,5.973055488603391
27253,Normal_Weight,0.921232945684822
27254,Normal_Weight,4.009062848499073
27255,Normal_Weight,3.4313982069523448
27256,Normal_Weight,-0.012653563673050941
27257,Normal_Weight,3.9405797872784007
27258,Normal_Weight,3.260814653910331
27259,Normal_Weight,3.160294526587226
27260,Normal_Weight,4.489305054478429
27261,Normal_Weight,1.260233502988503
27262,Normal_Weight,4.081552507516853
27263,Normal_Weight,0.1199941660663069
27264,Normal_Weight,2.8719793025565217
27265,Normal_Weight,4.046754191742962
27266,Normal_Weight,2.8152606031934506
27267,Normal_Weight,4.641991246896375
27268,Normal_Weight,3.1613179818840744
27269,Normal_Weight,0.5243362512550968
27270,Normal_Weight,5.247213360747085
27271,Normal_Weight,3.4419824903622547
27272,Normal_Weight,0.13783843902165419
27273,Normal_Weight,0.44232488226836597
27274,Normal_Weight,1.9828846719747564
27275,Normal_Weight,2.5602054455313503
27276,Normal_Weight,6.414056657831433
27277,Normal_Weight,5.124661464757241
27278,Normal_Weight,3.0369455437477035
27279,Normal_Weight,3.117692061883011
27280,Normal_Weight,4.152092404173102
27281,Normal_Weight,3.5354625171762506
27282,Normal_Weight,4.516154950092672
27283,Normal_Weight,5.782647613687153
27284,Normal_Weight,0.4512754708429593
27285,Normal_Weight,4.369988752218787
27286,Normal_Weight,1.4588530292613384
27287,Normal_Weight,3.468768344574548
27288,Normal_Weight,4.648142191759006
27289,Normal_Weight,4.990349747022426
27290,Normal_Weight,3.92041183006626
27291,Normal_Weight,1.528916647940237
27292,Normal_Weight,3.3405764882284994
27293,Normal_Weight,4.009080894923368
27294,Normal_Weight,0.7184519142974451
27295,Normal_Weight,4.752193780173807
27296,Normal_Weight,5.337611116440484
27297,Normal_Weight,4.335612646876905
27298,Normal_Weight,3.9927101285489233
27299,Normal_Weight,3.0213746083236193
27300,Normal_Weight,0.05293451574220931
27301,Normal_Weight,1.9437639550029906
27302,Normal_Weight,3.204929503117016
27303,Normal_Weight,6.299558585931559
27304,Normal_Weight,3.3545573727360267
27305,Normal_Weight,3.043421899617119
27306,Normal_Weight,4.046754191742962
27307,Normal_Weight,0.3804684469204977
27308,Normal_Weight,4.239742458823769
27309,Normal_Weight,1.4691589456768483
27310,Normal_Weight,4.125935702418545
27311,Normal_Weight,2.9981714716209726
27312,Normal_Weight,3.0889757810289074
27313,Normal_Weight,0.49309943706660064
27314,Normal_Weight,2.255257105390979
27315,Normal_Weight,1.431423707631782
27316,Normal_Weight,4.106307147282139
27317,Normal_Weight,3.1691233218484847
27318,Normal_Weight,4.02227223520999
27319,Normal_Weight,5.921109502589661
27320,Normal_Weight,4.003632925118131
27321,Normal_Weight,4.220333855006712
27322,Normal_Weight,4.459192036159004
27323,Normal_Weight,4.053014168497866
27324,Normal_Weight,3.0456812102266286
27325,Normal_Weight,2.7354736238802912
27326,Normal_Weight,0.027965745130212213
27327,Normal_Weight,-0.22301881216966385
27328,Normal_Weight,4.045652668024027
27329,Normal_Weight,6.269071083516455
27330,Normal_Weight,1.1072145971448322
27331,Normal_Weight,3.9692040185778144
27332,Normal_Weight,6.250414478020645
27333,Normal_Weight,2.7675523313658807
27334,Normal_Weight,1.0080374446379756
27335,Normal_Weight,3.970925189287945
27336,Normal_Weight,4.710220863793208
27337,Normal_Weight,1.574568658761094
27338,Normal_Weight,2.421508116523987
27339,Normal_Weight,1.800881024758414
27340,Normal_Weight,0.12112067190184646
27341,Normal_Weight,3.677005414261871
27342,Normal_Weight,1.9081536066077454
27343,Normal_Weight,2.763988923540838
27344,Normal_Weight,4.0751164706214755
27345,Normal_Weight,5.8503705992305735
27346,Normal_Weight,5.478719042682095
27347,Normal_Weight,1.381356848966038
27348,Normal_Weight,3.2607140818831724
27349,Normal_Weight,0.3606259504517818
27350,Normal_Weight,5.591275723964779
27351,Normal_Weight,5.509873002049167
27352,Normal_Weight,0.4093363991212962
27353,Normal_Weight,0.45393762193039794
27354,Normal_Weight,2.606088106742772
27355,Normal_Weight,5.9205747551732495
27356,Normal_Weight,3.0254827554712516
27357,Normal_Weight,1.3178866468627832
27358,Normal_Weight,0.4707471203081965
27359,Normal_Weight,3.1875961653313136
27360,Normal_Weight,3.052330173041628
27361,Normal_Weight,5.476714514318144
27362,Normal_Weight,5.980500331555119
27363,Normal_Weight,4.0731092872891415
27364,Normal_Weight,2.585252064128246
27365,Normal_Weight,4.7830108916363585
27366,Normal_Weight,5.54629303234398
27367,Normal_Weight,7.061726600365601
27368,Normal_Weight,3.8713473276251005
27369,Normal_Weight,4.009062848499073
27370,Normal_Weight,3.1624768596218154
27371,Normal_Weight,3.3036537634188985
27372,Normal_Weight,1.194911516461486
27373,Normal_Weight,2.517843331196442
27374,Normal_Weight,3.9202732111903136
27375,Normal_Weight,3.111979807532551
27376,Normal_Weight,1.3197022160256857
27377,Normal_Weight,0.05092156163672852
27378,Normal_Weight,2.964850804584126
27379,Normal_Weight,2.9157423781403957
27380,Normal_Weight,3.478483348791217
27381,Normal_Weight,2.999466126387456
27382,Normal_Weight,0.2404478504981254
27383,Normal_Weight,5.0625469018348905
27384,Normal_Weight,5.235908795014564
27385,Normal_Weight,3.1562200000105136
27386,Normal_Weight,4.081552507516853
27387,Normal_Weight,4.453818417454685
27388,Normal_Weight,0.11597180105039388
27389,Normal_Weight,2.96971863581716
27390,Normal_Weight,2.765656186254051
27391,Normal_Weight,6.166094451343851
27392,Normal_Weight,4.766768401340838
27393,Normal_Weight,6.100865466001296
27394,Normal_Weight,5.014169073886964
27395,Normal_Weight,4.899912548204485
27396,Normal_Weight,0.2758810670522147
27397,Normal_Weight,5.858187008829255
27398,Normal_Weight,0.24963513760684253
27399,Normal_Weight,4.928632879696278
27400,Normal_Weight,4.379052458948348
27401,Normal_Weight,2.0805507566445556
27402,Normal_Weight,2.9417336054514913
27403,Normal_Weight,5.3086280445625915
27404,Normal_Weight,4.6442214727868345
27405,Normal_Weight,3.1592558592264752
27406,Normal_Weight,3.21020160091278
27407,Normal_Weight,5.730864986056902
27408,Normal_Weight,6.319143749099445
27409,Normal_Weight,0.9403777703551367
27410,Normal_Weight,3.3591942571216684
27411,Normal_Weight,3.144662842273695
27412,Normal_Weight,2.567931519914512
27413,Normal_Weight,6.038512228868297
27414,Normal_Weight,3.600035276930202
27415,Normal_Weight,0.9090886759952835
27416,Normal_Weight,2.648569153024801
27417,Normal_Weight,5.463730564414416
27418,Normal_Weight,5.036276416534382
27419,Normal_Weight,3.0223197586086035
27420,Normal_Weight,5.838961775543061
27421,Normal_Weight,4.011427918111401
27422,Normal_Weight,2.5762770015674374
27423,Normal_Weight,5.051033478891597
27424,Normal_Weight,0.9016864685897935
27425,Normal_Weight,5.122462802415766
27426,Normal_Weight,1.0936648936041398
27427,Normal_Weight,5.286346947947074
27428,Normal_Weight,2.6387581371613793
27429,Normal_Weight,2.6755553287034997
27430,Normal_Weight,5.458200273571494
27431,Normal_Weight,3.092361462983463
27432,Normal_Weight,1.5569085650755932
27433,Normal_Weight,1.0959221509073638
27434,Normal_Weight,2.153214435450028
27435,Normal_Weight,4.417019764581784
27436,Normal_Weight,4.079714058735435
27437,Normal_Weight,3.018139371984911
27438,Normal_Weight,2.9411966405408125
27439,Normal_Weight,3.401090837340865
27440,Normal_Weight,2.3878440921083097
27441,Normal_Weight,6.5251228749615455
27442,Normal_Weight,-0.4742131823541747
27443,Normal_Weight,1.9334418129772024
27444,Normal_Weight,1.0247797129079501
27445,Normal_Weight,2.574844916998337
27446,Normal_Weight,0.4328909782669793
27447,Normal_Weight,2.4843874289639083
27448,Normal_Weight,3.269991615352255
27449,Normal_Weight,2.251726101360935
27450,Normal_Weight,3.1872434938705037
27451,Normal_Weight,2.482832548987965
27452,Normal_Weight,2.302600123920477
27453,Normal_Weight,2.3040506954563376
27454,Normal_Weight,3.5783168129002703
27455,Normal_Weight,5.446194694733818
27456,Normal_Weight,2.945309555446789
27457,Normal_Weight,2.4240659442703647
27458,Normal_Weight,3.185845629924817
27459,Normal_Weight,1.1394467728361524
27460,Normal_Weight,1.92110150077935
27461,Normal_Weight,3.161886188636546
27462,Normal_Weight,4.051267783647468
27463,Normal_Weight,0.3525683846197956
27464,Normal_Weight,3.9577104423867913
27465,Normal_Weight,4.065039400370112
27466,Normal_Weight,0.6651727258183409
27467,Normal_Weight,3.9644443435307677
27468,Normal_Weight,4.085223498514054
27469,Normal_Weight,3.9918509858676394
27470,Normal_Weight,1.3956269291870587
27471,Normal_Weight,2.9951858524679924
27472,Normal_Weight,4.832673076666113
27473,Normal_Weight,2.5480677173175397
27474,Normal_Weight,3.8258982176194376
27475,Normal_Weight,3.007378388542314
27476,Normal_Weight,4.051908632799917
27477,Normal_Weight,-0.1034630742646254
27478,Normal_Weight,1.2335763790640262
27479,Normal_Weight,5.076412973757125
27480,Normal_Weight,1.3045150117178312
27481,Normal_Weight,5.566724048749919
27482,Normal_Weight,4.51457660451787
27483,Normal_Weight,1.506067136740066
27484,Normal_Weight,1.1351885443714238
27485,Normal_Weight,3.0805998067873532
27486,Normal_Weight,2.601180801578316
27487,Normal_Weight,0.9487495243743904
27488,Normal_Weight,3.296097080515191
27489,Normal_Weight,0.006014965155728874
27490,Normal_Weight,4.969014356965143
27491,Normal_Weight,4.16398931386188
27492,Normal_Weight,0.40465670814507226
27493,Normal_Weight,6.052710150569385
27494,Normal_Weight,5.36646811023008
27495,Normal_Weight,5.783817547875738
27496,Normal_Weight,4.855580956113939
27497,Normal_Weight,4.217432255462855
27498,Normal_Weight,3.3090002608951483
27499,Normal_Weight,5.108296530721358
27500,Normal_Weight,5.917809120282275
27501,Normal_Weight,5.19046290756722
27502,Normal_Weight,3.1778025022808976
27503,Normal_Weight,4.066648743823806
27504,Normal_Weight,4.445203265417744
27505,Normal_Weight,3.404545374976286
27506,Normal_Weight,3.3907269694497475
27507,Normal_Weight,5.8305617459760475
27508,Normal_Weight,2.5573272679531236
27509,Normal_Weight,0.4045674824000514
27510,Normal_Weight,4.087801613762762
27511,Normal_Weight,3.1597992664004306
27512,Normal_Weight,3.644079012771909
27513,Normal_Weight,3.2710892417015733
27514,Normal_Weight,3.9767876382214604
27515,Normal_Weight,4.1146499248448825
27516,Normal_Weight,4.136487196997786
27517,Normal_Weight,3.649433600999951
27518,Normal_Weight,0.7754262370146361
27519,Normal_Weight,4.081552507516853
27520,Normal_Weight,3.5865532908979185
27521,Normal_Weight,0.627085003754033
27522,Normal_Weight,5.885390964461389
27523,Normal_Weight,2.993276778263493
27524,Normal_Weight,1.0765469133040497
27525,Normal_Weight,4.053014168497866
27526,Normal_Weight,3.0130001599359097
27527,Normal_Weight,4.030923210432101
27528,Normal_Weight,3.9687571270552264
27529,Normal_Weight,1.234857849547299
27530,Normal_Weight,3.9625263329948535
27531,Normal_Weight,3.201842463111159
27532,Normal_Weight,4.623699324311828
27533,Normal_Weight,0.09141571252249517
27534,Normal_Weight,4.55253282022163
27535,Normal_Weight,2.2119037913706574
27536,Normal_Weight,4.031101942228779
27537,Normal_Weight,3.4244370674859095
27538,Normal_Weight,2.8506846124052325
27539,Normal_Weight,4.151273129484223
27540,Normal_Weight,5.026758397270444
27541,Normal_Weight,2.9797768146020807
27542,Normal_Weight,0.3078166349967388
27543,Normal_Weight,1.3946472497375966
27544,Normal_Weight,5.3619973672532195
27545,Normal_Weight,3.288810804066717
27546,Normal_Weight,4.208275990181362
27547,Normal_Weight,3.25279993620742
27548,Normal_Weight,4.544650109178321
27549,Normal_Weight,1.5915017260752027
27550,Normal_Weight,3.1728616521098223
27551,Normal_Weight,2.9453358229006334
27552,Normal_Weight,3.205904743912864
27553,Normal_Weight,4.079055596818493
27554,Normal_Weight,4.043162824675019
27555,Normal_Weight,0.9207040603541748
27556,Normal_Weight,5.289944992701715
27557,Normal_Weight,3.898329840171802
27558,Normal_Weight,2.8060267991203593
27559,Normal_Weight,3.4557687962503607
27560,Normal_Weight,4.1430777663997596
27561,Normal_Weight,0.7460676861448833
27562,Normal_Weight,3.1325917997958896
27563,Normal_Weight,4.774732426278659
27564,Normal_Weight,1.0193892087158223
27565,Normal_Weight,3.0749023632149695
27566,Normal_Weight,3.9059856160208435
27567,Normal_Weight,3.1900924013756695
27568,Normal_Weight,1.182216193192046
27569,Normal_Weight,3.1155505925012004
27570,Normal_Weight,3.0029640557857995
27571,Normal_Weight,4.058285109029484
27572,Normal_Weight,3.7215795652009573
27573,Normal_Weight,3.0065872793335764
27574,Normal_Weight,2.6081760013006576
27575,Normal_Weight,3.9163387334224704
27576,Normal_Weight,3.3109758398046463
27577,Normal_Weight,4.755512637531313
27578,Normal_Weight,5.3182720172449045
27579,Normal_Weight,3.9601482990000547
27580,Normal_Weight,5.243280899701619
27581,Normal_Weight,5.107598323106122
27582,Normal_Weight,5.775914224414851
27583,Normal_Weight,4.201421957168576
27584,Normal_Weight,3.3175224524672453
27585,Normal_Weight,6.389102550252655
27586,Normal_Weight,5.85302594177058
27587,Normal_Weight,6.121511481054631
27588,Normal_Weight,4.075581093363267
27589,Normal_Weight,0.276214845333957
27590,Normal_Weight,4.007039959026677
27591,Normal_Weight,0.6391707583658135
27592,Normal_Weight,5.833963020767285
27593,Normal_Weight,0.4140956898504967
27594,Normal_Weight,3.2316410609495563
27595,Normal_Weight,3.49359539032967
27596,Normal_Weight,1.401885403053573
27597,Normal_Weight,4.050918360938892
27598,Normal_Weight,2.6356409908630662
27599,Normal_Weight,1.1176788161014475
27600,Normal_Weight,5.670210008781541
27601,Normal_Weight,1.9665439692889386
27602,Normal_Weight,4.457218813601964
27603,Normal_Weight,2.787524483968392
27604,Normal_Weight,3.9512265116317145
27605,Normal_Weight,3.6864507531685065
27606,Normal_Weight,4.053014168497866
27607,Normal_Weight,4.0248419654738745
27608,Normal_Weight,5.771450098461893
27609,Normal_Weight,6.032166050461354
27610,Normal_Weight,0.09866636867768015
27611,Normal_Weight,3.995269335067517
27612,Normal_Weight,4.273712073009577
27613,Normal_Weight,5.210811132849192
27614,Normal_Weight,3.1709113541359164
27615,Normal_Weight,3.2059991976856153
27616,Normal_Weight,4.221111002667796
27617,Normal_Weight,2.854169978100825
27618,Normal_Weight,3.790309161063408
27619,Normal_Weight,4.648805026172308
27620,Normal_Weight,4.006202655382015
27621,Normal_Weight,4.576659728498247
27622,Normal_Weight,3.2437775724991433
27623,Normal_Weight,3.966166130093304
27624,Normal_Weight,4.0693461369721025
27625,Normal_Weight,2.962272445398508
27626,Normal_Weight,4.351589375228963
27627,Normal_Weight,2.067263312880075
27628,Normal_Weight,4.031101942228779
27629,Normal_Weight,3.238031947226849
27630,Normal_Weight,2.0951058033630847
27631,Normal_Weight,2.8307939296272124
27632,Normal_Weight,4.173355374299185
27633,Normal_Weight,3.7182790611265415
27634,Normal_Weight,3.2852505934445158
27635,Normal_Weight,4.63017330559785
27636,Normal_Weight,2.4166879161081303
27637,Normal_Weight,4.238731668747897
27638,Normal_Weight,0.31710159275203864
27639,Normal_Weight,0.11745500971712185
27640,Normal_Weight,3.956929664529533
27641,Normal_Weight,5.981126838786833
27642,Normal_Weight,6.387877647221835
27643,Normal_Weight,5.339147335773458
27644,Normal_Weight,0.1213490397690151
27645,Normal_Weight,0.534765745323243
27646,Normal_Weight,5.498210431106538
27647,Normal_Weight,3.168050052840727
27648,Normal_Weight,2.172657255809275
27649,Normal_Weight,0.2574532657576714
27650,Normal_Weight,0.28774432644124454
27651,Normal_Weight,2.209545963220576
27652,Normal_Weight,0.20772730078199553
27653,Normal_Weight,3.895760109907918
27654,Normal_Weight,4.009062848499073
27655,Normal_Weight,2.465491919907537
27656,Normal_Weight,4.068940295520823
27657,Normal_Weight,4.121512936875722
27658,Normal_Weight,0.1452934889519939
27659,Normal_Weight,5.98453850732566
27660,Normal_Weight,2.9977709162592947
27661,Normal_Weight,3.584784031531819
27662,Normal_Weight,5.775956491963761
27663,Normal_Weight,4.020227638221682
27664,Normal_Weight,3.9845654267245645
27665,Normal_Weight,1.022117401896811
27666,Normal_Weight,3.2680937795519096
27667,Normal_Weight,5.771613235760334
27668,Normal_Weight,0.4391030206451965
27669,Normal_Weight,3.977427073604985
27670,Normal_Weight,1.3669802668925077
27671,Normal_Weight,5.823822912725694
27672,Normal_Weight,0.14080019171809952
27673,Normal_Weight,3.393158076292449
27674,Normal_Weight,5.590540958634954
27675,Normal_Weight,5.284263527752909
27676,Normal_Weight,4.502412293337449
27677,Normal_Weight,1.1259832274419053
27678,Normal_Weight,2.766406677377477
27679,Normal_Weight,4.074131280768581
27680,Normal_Weight,2.7513905644989074
27681,Normal_Weight,2.770623752921127
27682,Normal_Weight,3.575695258783627
27683,Normal_Weight,0.0538817016543594
27684,Normal_Weight,5.499856758594438
27685,Normal_Weight,4.066935503870566
27686,Normal_Weight,4.141439438384198
27687,Normal_Weight,3.2364303109877826
27688,Normal_Weight,2.3385976457844113
27689,Normal_Weight,3.808246708662597
27690,Normal_Weight,3.069486662232829
27691,Normal_Weight,2.4179168785884353
27692,Normal_Weight,1.2767272313518352
27693,Normal_Weight,0.23851920334492932
27694,Normal_Weight,3.8651964432693395
27695,Normal_Weight,5.441473618485203
27696,Normal_Weight,2.6027064476015753
27697,Normal_Weight,5.828289049992337
27698,Normal_Weight,5.109138567945795
27699,Normal_Weight,4.031558101924655
27700,Normal_Weight,1.273115764498584
27701,Normal_Weight,4.16372547626023
27702,Normal_Weight,4.030991596822131
27703,Normal_Weight,0.16904607487817636
27704,Normal_Weight,5.1814716647631345
27705,Normal_Weight,4.159831113850844
27706,Normal_Weight,3.966122066446755
27707,Normal_Weight,3.10709627393336
27708,Normal_Weight,4.009062848499073
27709,Normal_Weight,2.5726851842176117
27710,Normal_Weight,4.017215490234174
27711,Normal_Weight,0.6087794348936608
27712,Normal_Weight,4.870125742645709
27713,Normal_Weight,3.9355608163503994
27714,Normal_Weight,5.930491131736176
27715,Normal_Weight,0.6965450485945373
27716,Normal_Weight,3.795943191743481
27717,Normal_Weight,0.2745016502958362
27718,Normal_Weight,5.6971348476644375
27719,Normal_Weight,2.6382705431740097
27720,Normal_Weight,4.21031143546399
27721,Normal_Weight,0.783303142710421
27722,Normal_Weight,4.314868325136573
27723,Normal_Weight,2.5580258837291816
27724,Normal_Weight,5.398681523409362
27725,Normal_Weight,3.1631609340632787
27726,Normal_Weight,4.028879267209184
27727,Normal_Weight,0.9850881977789494
27728,Normal_Weight,2.8394517560375525
27729,Normal_Weight,2.9067760801086084
27730,Normal_Weight,3.2892626045839495
27731,Normal_Weight,3.3523607051463844
27732,Normal_Weight,5.058518440985489
27733,Normal_Weight,0.5682535806997263
27734,Normal_Weight,3.3366076992712594
27735,Normal_Weight,3.778013588387307
27736,Normal_Weight,4.011005678813613
27737,Normal_Weight,3.978180540381506
27738,Normal_Weight,3.024759144878644
27739,Normal_Weight,5.96769058923352
27740,Normal_Weight,4.07590202135155
27741,Normal_Weight,4.009062848499073
27742,Normal_Weight,2.8061017339652037
27743,Normal_Weight,1.3385908962251234
27744,Normal_Weight,4.028241749111727
27745,Normal_Weight,4.048966846370417
27746,Normal_Weight,3.898329840171802
27747,Normal_Weight,3.862080003459135
27748,Normal_Weight,3.134826768505712
27749,Normal_Weight,4.046754191742962
27750,Normal_Weight,3.0095040658615346
27751,Normal_Weight,3.1946376475391722
27752,Normal_Weight,3.139151585429777
27753,Normal_Weight,5.327524089119877
27754,Normal_Weight,4.009062848499073
27755,Normal_Weight,0.4429064579435803
27756,Normal_Weight,3.146596982519713
27757,Normal_Weight,3.3668578740275232
27758,Normal_Weight,5.190618801082963
27759,Normal_Weight,4.006202655382015
27760,Normal_Weight,4.021981772356822
27761,Normal_Weight,2.0102629009796935
27762,Normal_Weight,5.0493816600216155
27763,Normal_Weight,4.763726879422752
27764,Normal_Weight,3.140425651732575
27765,Normal_Weight,0.9607706350615929
27766,Normal_Weight,3.186768004375617
27767,Normal_Weight,0.29577149728366625
27768,Normal_Weight,2.7479861236664695
27769,Normal_Weight,3.9692040185778144
27770,Normal_Weight,0.9402345192412513
27771,Normal_Weight,2.788754900496751
27772,Normal_Weight,4.039968217688521
27773,Normal_Weight,5.08267142995452
27774,Normal_Weight,4.046754191742962
27775,Normal_Weight,6.215510469392353
27776,Normal_Weight,1.3773913105877214
27777,Normal_Weight,2.486189128015522
27778,Normal_Weight,0.1293765319707493
27779,Normal_Weight,5.911895509924737
27780,Normal_Weight,3.462677386732717
27781,Normal_Weight,0.8414429410821896
27782,Normal_Weight,4.115303881177875
27783,Normal_Weight,3.283871775367477
27784,Normal_Weight,4.009062848499073
27785,Normal_Weight,4.845126623407201
27786,Normal_Weight,0.31604862012489765
27787,Normal_Weight,5.597647100724778
27788,Normal_Weight,0.21545871089074853
27789,Normal_Weight,3.2429217555513032
27790,Normal_Weight,2.895728850034057
27791,Normal_Weight,2.842588423055444
27792,Normal_Weight,2.40911201658592
27793,Normal_Weight,3.0433709446840536
27794,Normal_Weight,2.988838473122591
27795,Normal_Weight,5.5662150030657225
27796,Normal_Weight,4.006202655382015
27797,Normal_Weight,4.963255523048025
27798,Normal_Weight,1.1068349472353312
27799,Normal_Weight,3.2480923900334226
27800,Normal_Weight,5.201715224395799
27801,Normal_Weight,4.784735393789999
27802,Normal_Weight,2.1022124479068
27803,Normal_Weight,0.1385203591780416
27804,Normal_Weight,2.968785938646984
27805,Normal_Weight,3.1293990976439177
27806,Normal_Weight,0.11940388648754192
27807,Normal_Weight,0.016510596273900297
27808,Normal_Weight,5.801348180108841
27809,Normal_Weight,4.699826086561834
27810,Normal_Weight,5.368548590946481
27811,Normal_Weight,4.021981772356822
27812,Normal_Weight,6.316063923694945
27813,Normal_Weight,4.383166908876429
27814,Normal_Weight,5.91716646975099
27815,Normal_Weight,4.139053409470511
27816,Normal_Weight,2.9071293035272725
27817,Normal_Weight,4.368117282938025
27818,Normal_Weight,2.565545174806636
27819,Normal_Weight,4.922113158705258
27820,Normal_Weight,5.409851120493458
27821,Normal_Weight,6.851103569056955
27822,Normal_Weight,2.7960352766595045
27823,Normal_Weight,5.211837167637347
27824,Normal_Weight,4.046754191742962
27825,Normal_Weight,2.5752243871787983
27826,Normal_Weight,1.51338150134493
27827,Normal_Weight,-0.025838281542205223
27828,Normal_Weight,4.006202655382015
27829,Normal_Weight,1.621729616776393
27830,Normal_Weight,0.23737535291432943
27831,Normal_Weight,2.638908123882624
27832,Normal_Weight,2.7024232662177328
27833,Normal_Weight,3.1097059134102136
27834,Normal_Weight,4.110024287156619
27835,Normal_Weight,4.819690329166305
27836,Normal_Weight,2.9779705062703496
27837,Normal_Weight,1.675249509771794
27838,Normal_Weight,2.2930297070814154
27839,Normal_Weight,0.9643758643579794
27840,Normal_Weight,3.997205842660711
27841,Normal_Weight,1.081783700494965
27842,Normal_Weight,4.027367434998967
27843,Normal_Weight,0.3728308381121382
27844,Normal_Weight,0.9940985461861653
27845,Normal_Weight,3.0842761838100876
27846,Normal_Weight,5.640123155271981
27847,Normal_Weight,3.1907675388729437
27848,Normal_Weight,3.0037767997856566
27849,Normal_Weight,5.472256178737514
27850,Normal_Weight,4.006202655382015
27851,Normal_Weight,0.3293005414857705
27852,Normal_Weight,0.24518716167869337
27853,Normal_Weight,4.2161388928209425
27854,Normal_Weight,0.8479477126840055
27855,Normal_Weight,4.066648743823806
27856,Normal_Weight,3.383999497439074
27857,Normal_Weight,4.028879267209184
27858,Normal_Weight,2.5912675142572117
27859,Normal_Weight,4.106623982912542
27860,Normal_Weight,4.778227458374
27861,Normal_Weight,4.0248419654738745
27862,Normal_Weight,1.5578757281697628
27863,Normal_Weight,5.9536543426288
27864,Normal_Weight,4.030975074768159
27865,Normal_Weight,2.993362625687344
27866,Normal_Weight,2.6689196026250817
27867,Normal_Weight,2.9013316229745714
27868,Normal_Weight,0.2304915441515287
27869,Normal_Weight,3.2183618292201785
27870,Normal_Weight,6.2427174101037926
27871,Normal_Weight,4.530214481016948
27872,Normal_Weight,3.9912821921762482
27873,Normal_Weight,2.955706226786085
27874,Normal_Weight,4.484902143532086
27875,Normal_Weight,0.6146260835891075
27876,Normal_Weight,3.563581022333735
27877,Normal_Weight,3.7838573787703504
27878,Normal_Weight,4.1484906340882555
27879,Normal_Weight,4.312323776826059
27880,Normal_Weight,4.384422237268588
27881,Normal_Weight,4.076892165409841
27882,Normal_Weight,4.027892155145347
27883,Normal_Weight,5.4909546262938775
27884,Normal_Weight,4.0198768522358534
27885,Normal_Weight,5.287412220713999
27886,Normal_Weight,3.0898657495564668
27887,Normal_Weight,3.50885274844043
27888,Normal_Weight,4.919479776674332
27889,Normal_Weight,5.0779664211600855
27890,Normal_Weight,3.898329840171802
27891,Normal_Weight,3.2389324430654294
27892,Normal_Weight,0.04010239952934817
27893,Normal_Weight,1.4096204961707721
27894,Normal_Weight,4.162984689317787
27895,Normal_Weight,3.3369089649323747
27896,Normal_Weight,3.347652534906901
27897,Normal_Weight,5.135780646312028
27898,Normal_Weight,3.0682485194484364
27899,Normal_Weight,5.088309601360754
27900,Normal_Weight,5.726494799578759
27901,Normal_Weight,4.081552507516853
27902,Normal_Weight,3.944617583036438
27903,Normal_Weight,6.622886426275062
27904,Normal_Weight,1.1128394975551281
27905,Normal_Weight,0.3475629109801697
27906,Normal_Weight,4.530875527983051
27907,Normal_Weight,5.534723184876603
27908,Normal_Weight,3.928413298898652
27909,Normal_Weight,0.18499739976599805
27910,Normal_Weight,3.1845092470987444
27911,Normal_Weight,0.4165874036208554
27912,Normal_Weight,4.216962336978584
27913,Normal_Weight,2.350132110632832
27914,Normal_Weight,2.697604255606537
27915,Normal_Weight,2.1708653986647817
27916,Normal_Weight,0.1725503164751901
27917,Normal_Weight,4.390868927128129
27918,Normal_Weight,2.566704821703722
27919,Normal_Weight,3.648233323717265
27920,Normal_Weight,2.5725398134208546
27921,Normal_Weight,3.1113027891725187
27922,Normal_Weight,0.4324235817994233
27923,Normal_Weight,4.447861363766586
27924,Normal_Weight,5.184283294341126
27925,Normal_Weight,0.4771567385323239
27926,Normal_Weight,5.455022064480375
27927,Normal_Weight,0.8836748096740669
27928,Normal_Weight,4.7198274138782725
27929,Normal_Weight,3.9625263329948535
27930,Normal_Weight,3.798118889647511
27931,Normal_Weight,4.003632925118131
27932,Normal_Weight,5.284850682163256
27933,Normal_Weight,4.009062848499073
27934,Normal_Weight,4.009062848499073
27935,Normal_Weight,1.931244326868403
27936,Normal_Weight,1.587836780464736
27937,Normal_Weight,4.048950235892043
27938,Normal_Weight,1.6967424871129497
27939,Normal_Weight,3.4038187777308746
27940,Normal_Weight,4.492019677270758
27941,Normal_Weight,1.575347735345789
27942,Normal_Weight,-0.1152321810659633
27943,Normal_Weight,2.7250721846460304
27944,Normal_Weight,2.8311787659118925
27945,Normal_Weight,4.009062848499073
27946,Normal_Weight,2.454861384048001
27947,Normal_Weight,2.999907167079811
27948,Normal_Weight,3.9941556709707258
27949,Normal_Weight,5.3739962555124645
27950,Normal_Weight,4.009062848499073
27951,Normal_Weight,0.29138478086110087
27952,Normal_Weight,4.021981772356822
27953,Normal_Weight,2.7013910654122975
27954,Normal_Weight,0.9387685061649063
27955,Normal_Weight,2.8056689448729384
27956,Normal_Weight,5.9500308821676295
27957,Normal_Weight,4.081552507516853
27958,Normal_Weight,3.3626641661375487
27959,Normal_Weight,0.3789499789823225
27960,Normal_Weight,3.9452683794626093
27961,Normal_Weight,3.0834682096192236
27962,Normal_Weight,3.0473813079034158
27963,Normal_Weight,1.1453721571708677
27964,Normal_Weight,3.341504356163461
27965,Normal_Weight,2.587951948407096
27966,Normal_Weight,5.089498072672995
27967,Normal_Weight,0.11283030008461392
27968,Normal_Weight,1.1910410496678916
27969,Normal_Weight,3.3196341254361172
27970,Normal_Weight,0.9362058970254772
27971,Normal_Weight,4.037150246420269
27972,Normal_Weight,4.447716071964777
27973,Normal_Weight,3.431748671065582
27974,Normal_Weight,4.019117735030601
27975,Normal_Weight,2.2158518547126227
27976,Normal_Weight,2.114155459229697
27977,Normal_Weight,0.6902521825972773
27978,Normal_Weight,6.052113224631653
27979,Normal_Weight,0.3460868027231667
27980,Normal_Weight,5.1320448061578485
27981,Normal_Weight,0.4230692817785193
27982,Normal_Weight,4.056877236678406
27983,Normal_Weight,1.4584955403769064
27984,Normal_Weight,4.031101942228779
27985,Normal_Weight,3.48883253367321
27986,Normal_Weight,4.057817138779774
27987,Normal_Weight,0.17938072913220043
27988,Normal_Weight,3.3776066232817743
27989,Normal_Weight,5.054691628483575
27990,Normal_Weight,4.645891780141086
27991,Normal_Weight,2.6817143583657943
27992,Normal_Weight,1.11990466125528
27993,Normal_Weight,4.02794744204939
27994,Normal_Weight,3.95167858325244
27995,Normal_Weight,5.054145410827803
27996,Normal_Weight,5.40024696939377
27997,Normal_Weight,5.49978138030827
27998,Normal_Weight,2.616958706417753
27999,Normal_Weight,4.003632925118131
28000,Normal_Weight,2.1763072301556927
28001,Normal_Weight,1.4439150385552384
28002,Normal_Weight,0.28087563224158896
28003,Normal_Weight,0.9767913269388494
28004,Normal_Weight,5.331776998169679
28005,Normal_Weight,2.7720320672760193
28006,Normal_Weight,4.031101942228779
28007,Normal_Weight,2.601968566098458
28008,Normal_Weight,4.021981772356822
28009,Normal_Weight,4.869120148817715
28010,Normal_Weight,4.522552984457797
28011,Normal_Weight,3.0359921869899367
28012,Normal_Weight,4.88298464094728
28013,Normal_Weight,5.217396330457715
28014,Normal_Weight,2.223909733565404
28015,Normal_Weight,3.5041760275888416
28016,Normal_Weight,1.3445371657100895
28017,Normal_Weight,3.973470454688016
28018,Normal_Weight,5.051774023998583
28019,Normal_Weight,3.2845899315851295
28020,Normal_Weight,0.4756920341860704
28021,Normal_Weight,4.006202655382015
28022,Normal_Weight,2.9585604155807492
28023,Normal_Weight,3.9862864459521528
28024,Normal_Weight,6.013871506253919
28025,Normal_Weight,4.719326893618704
28026,Normal_Weight,4.090601787962002
28027,Normal_Weight,0.7871489008612919
28028,Normal_Weight,2.566373367027276
28029,Normal_Weight,6.153224408975878
28030,Normal_Weight,2.5206180867408077
28031,Normal_Weight,2.48428174491291
28032,Normal_Weight,1.1426774653927447
28033,Normal_Weight,4.655551867896155
28034,Normal_Weight,0.5534667721471973
28035,Normal_Weight,4.2637930126692885
28036,Normal_Weight,2.563567707801375
28037,Normal_Weight,3.0875131082636513
28038,Normal_Weight,4.008375264933307
28039,Normal_Weight,4.14557467709812
28040,Normal_Weight,4.014147223200193
28041,Normal_Weight,3.255312988709515
28042,Normal_Weight,0.5635618262542267
28043,Normal_Weight,4.053433450309214
28044,Normal_Weight,5.200296549251739
28045,Normal_Weight,2.234207808844055
28046,Normal_Weight,4.2802326087518825
28047,Normal_Weight,4.0945012068578786
28048,Normal_Weight,0.29341264751392837
28049,Normal_Weight,4.704715918431492
28050,Normal_Weight,4.103210070478644
28051,Normal_Weight,2.3419953828570788
28052,Normal_Weight,0.1729771891595752
28053,Normal_Weight,4.162984689317787
28054,Normal_Weight,3.1664780991094723
28055,Normal_Weight,4.488535696209353
28056,Normal_Weight,3.884011008802333
28057,Normal_Weight,4.028241749111727
28058,Normal_Weight,0.20407742897311074
28059,Normal_Weight,3.423016549487059
28060,Normal_Weight,4.0248419654738745
28061,Normal_Weight,4.605144429234369
28062,Normal_Weight,0.159633029490596
28063,Normal_Weight,0.2904122360254468
28064,Normal_Weight,0.27576847526026016
28065,Normal_Weight,5.367643197465496
28066,Normal_Weight,4.031101942228779
28067,Normal_Weight,3.1420158725467777
28068,Normal_Weight,0.4286586900242687
28069,Normal_Weight,0.9477379360867824
28070,Normal_Weight,4.065073485097496
28071,Normal_Weight,3.405135949663039
28072,Normal_Weight,3.037818359877873
28073,Normal_Weight,7.394397394504841
28074,Normal_Weight,2.716823764190523
28075,Normal_Weight,3.293479808072098
28076,Normal_Weight,1.5834576155746054
28077,Normal_Weight,0.2550349187230536
28078,Normal_Weight,1.0886205348242022
28079,Normal_Weight,1.8808459639546329
28080,Normal_Weight,0.3786030976736294
28081,Normal_Weight,2.949083502054841
28082,Normal_Weight,2.7675452215892187
28083,Normal_Weight,6.255601678188931
28084,Normal_Weight,4.775685369078626
28085,Normal_Weight,3.637038337607756
28086,Normal_Weight,0.03423904612097608
28087,Normal_Weight,1.5740180823840477
28088,Normal_Weight,0.44533595722433533
28089,Normal_Weight,1.0390608376719406
28090,Normal_Weight,2.8482456245702137
28091,Normal_Weight,2.481846991879747
28092,Normal_Weight,5.224579495602143
28093,Normal_Weight,4.048009737187703
28094,Normal_Weight,0.6180642377910106
28095,Normal_Weight,4.420627240481182
28096,Normal_Weight,3.2525595640871354
28097,Normal_Weight,1.3807815299289659
28098,Normal_Weight,4.504432919963274
28099,Normal_Weight,1.668229535684873
28100,Normal_Weight,1.9375477702407518
28101,Normal_Weight,3.6549347594955592
28102,Normal_Weight,3.322816298540286
28103,Normal_Weight,3.7261050736054924
28104,Normal_Weight,2.2920414548134316
28105,Normal_Weight,2.3321726583927864
28106,Normal_Weight,5.569322129986905
28107,Normal_Weight,0.811600905485062
28108,Normal_Weight,4.037150246420269
28109,Normal_Weight,3.2946773163627334
28110,Normal_Weight,0.25930338039676387
28111,Normal_Weight,-0.007524897186504663
28112,Normal_Weight,2.627790395512377
28113,Normal_Weight,4.005431555040326
28114,Normal_Weight,2.404843944980296
28115,Normal_Weight,4.935808610204905
28116,Normal_Weight,0.34324439979261145
28117,Normal_Weight,0.2246055855436897
28118,Normal_Weight,3.0332566490758928
28119,Normal_Weight,4.008704263297804
28120,Normal_Weight,0.8249097679840617
28121,Normal_Weight,-0.053444629045759834
28122,Normal_Weight,4.119811082304776
28123,Normal_Weight,0.03667751008032526
28124,Normal_Weight,3.2446280064380524
28125,Normal_Weight,3.3309329321024177
28126,Normal_Weight,5.624945623913882
28127,Normal_Weight,0.13394142929419603
28128,Normal_Weight,4.009062848499073
28129,Normal_Weight,1.877691104274696
28130,Normal_Weight,3.413449745195069
28131,Normal_Weight,4.009062848499073
28132,Normal_Weight,4.950469176065981
28133,Normal_Weight,2.906569135354845
28134,Normal_Weight,0.12913912117935913
28135,Normal_Weight,2.204016650625503
28136,Normal_Weight,3.0029381954502226
28137,Normal_Weight,2.396660879161437
28138,Normal_Weight,4.0051254286683875
28139,Normal_Weight,1.9846215035147363
28140,Normal_Weight,2.6854333877267127
28141,Normal_Weight,2.954051703947443
28142,Normal_Weight,1.5308706373126642
28143,Normal_Weight,5.576133831991834
28144,Normal_Weight,1.2485832970923108
28145,Normal_Weight,4.0261894092195725
28146,Normal_Weight,-0.18412456602939098
28147,Normal_Weight,0.9681899105693234
28148,Normal_Weight,1.2448398143766644
28149,Normal_Weight,1.2632226581829518
28150,Normal_Weight,1.8456696477252583
28151,Normal_Weight,4.079498772093254
28152,Normal_Weight,4.387179514912521
28153,Normal_Weight,2.477504805584861
28154,Normal_Weight,5.886184661243905
28155,Normal_Weight,0.40957741752970867
28156,Normal_Weight,1.5826815774588898
28157,Normal_Weight,3.328078443156783
28158,Normal_Weight,4.007632478310166
28159,Normal_Weight,3.1843807731687725
28160,Normal_Weight,0.023621834136759726
28161,Normal_Weight,4.848045199736093
28162,Normal_Weight,2.3824161243072584
28163,Normal_Weight,6.269643326705947
28164,Normal_Weight,3.699796598921511
28165,Normal_Weight,4.718513326245718
28166,Normal_Weight,4.1783609351498106
28167,Normal_Weight,1.308267353550721
28168,Normal_Weight,5.007214559847022
28169,Normal_Weight,3.141853398893393
28170,Normal_Weight,6.595953234460079
28171,Normal_Weight,4.031101942228779
28172,Normal_Weight,4.073849395112333
28173,Normal_Weight,4.046754191742962
28174,Normal_Weight,3.9594900261129813
28175,Normal_Weight,1.294118329708534
28176,Normal_Weight,2.603042475461138
28177,Normal_Weight,0.16195437061512863
28178,Normal_Weight,5.454108016853831
28179,Normal_Weight,2.8099035099400402
28180,Normal_Weight,2.6502330641660716
28181,Normal_Weight,0.6617043707788298
28182,Normal_Weight,0.977387718682089
28183,Normal_Weight,0.6933543698944227
28184,Normal_Weight,4.264288137351651
28185,Normal_Weight,4.705014129208879
28186,Normal_Weight,4.037294993393178
28187,Normal_Weight,2.5428096310330885
28188,Normal_Weight,1.0504405063703002
28189,Normal_Weight,3.2712388654965046
28190,Normal_Weight,2.627378875422507
28191,Normal_Weight,0.5454481512093933
28192,Normal_Weight,2.931453377318745
28193,Normal_Weight,1.7592280208056095
28194,Normal_Weight,4.499196477208938
28195,Normal_Weight,3.58910209881908
28196,Normal_Weight,2.486748876673505
28197,Normal_Weight,1.8526793142116156
28198,Normal_Weight,3.216493800113219
28199,Normal_Weight,3.9722264400299574
28200,Normal_Weight,4.21281282415974
28201,Normal_Weight,2.2337443167569466
28202,Normal_Weight,2.7463846298603225
28203,Normal_Weight,2.0281162873487673
28204,Normal_Weight,4.998050931368193
28205,Normal_Weight,-0.07110287200733323
28206,Normal_Weight,3.9716119969407635
28207,Normal_Weight,0.0978499896133718
28208,Normal_Weight,2.9783858857500434
28209,Normal_Weight,3.3143447244353204
28210,Normal_Weight,0.3122106360119759
28211,Normal_Weight,0.22329143253910613
28212,Normal_Weight,4.039298930379309
28213,Normal_Weight,4.1125340127922145
28214,Normal_Weight,1.4090684969970861
28215,Normal_Weight,5.290478645321704
28216,Normal_Weight,1.3594257878328762
28217,Normal_Weight,1.2313584884203566
28218,Normal_Weight,3.8165294007212096
28219,Normal_Weight,5.160301928776108
28220,Normal_Weight,4.088088115717034
28221,Normal_Weight,1.8433639202096925
28222,Normal_Weight,5.863020905270747
28223,Normal_Weight,0.4542780996587175
28224,Normal_Weight,5.411003963810305
28225,Normal_Weight,0.9959558738492107
28226,Normal_Weight,3.9489074619763067
28227,Normal_Weight,4.651684533581477
28228,Normal_Weight,-0.04654010980225659
28229,Normal_Weight,5.614427664082335
28230,Normal_Weight,4.037027375208287
28231,Normal_Weight,3.3289446482392933
28232,Normal_Weight,4.418441748017409
28233,Normal_Weight,0.5094071065452555
28234,Normal_Weight,3.287365483405959
28235,Normal_Weight,0.8677014365285317
28236,Normal_Weight,3.254926333953019
28237,Normal_Weight,4.9010136833064015
28238,Normal_Weight,-0.005113583669246694
28239,Normal_Weight,3.9574616786316974
28240,Normal_Weight,6.2095986308709215
28241,Normal_Weight,6.1474378293960426
28242,Normal_Weight,1.8019553675327467
28243,Normal_Weight,4.141239530769221
28244,Normal_Weight,4.011427918111401
28245,Normal_Weight,0.9803022802504698
28246,Normal_Weight,5.8949774461650915
28247,Normal_Weight,5.168311536497088
28248,Normal_Weight,0.6992169527671206
28249,Normal_Weight,5.794808919277297
28250,Normal_Weight,3.355682068838427
28251,Normal_Weight,4.0637966713184435
28252,Normal_Weight,0.00424119909563206
28253,Normal_Weight,4.060729132055789
28254,Normal_Weight,4.026653311819294
28255,Normal_Weight,3.3609289021022937
28256,Normal_Weight,0.8454295975335555
28257,Normal_Weight,0.385263576493124
28258,Normal_Weight,0.1638839498914692
28259,Normal_Weight,3.2546634428708603
28260,Normal_Weight,0.5794788060458501
28261,Normal_Weight,2.3913376368568673
28262,Normal_Weight,3.1826414012906143
28263,Normal_Weight,5.497199207869145
28264,Normal_Weight,4.0856970880143235
28265,Normal_Weight,0.646965808846776
28266,Normal_Weight,0.8317023086408158
28267,Normal_Weight,3.9927010923137165
28268,Normal_Weight,4.966707525921584
28269,Normal_Weight,4.046754191742962
28270,Normal_Weight,2.033285957110359
28271,Normal_Weight,2.751405709066259
28272,Normal_Weight,4.146338294060094
28273,Normal_Weight,3.500146623366156
28274,Normal_Weight,1.5125797878604037
28275,Normal_Weight,4.463999425099024
28276,Normal_Weight,2.6447916165045195
28277,Normal_Weight,5.104699161583694
28278,Normal_Weight,0.12046562013737083
28279,Normal_Weight,4.041487901150196
28280,Normal_Weight,4.16409289546965
28281,Normal_Weight,1.4308658382860282
28282,Normal_Weight,-0.006703597089523474
28283,Normal_Weight,6.344435057061055
28284,Normal_Weight,3.442636894044438
28285,Normal_Weight,0.7401571845682613
28286,Normal_Weight,0.5899716136244009
28287,Normal_Weight,4.272162474751558
28288,Normal_Weight,4.078722089883074
28289,Normal_Weight,4.009062848499073
28290,Normal_Weight,6.074069969998674
28291,Normal_Weight,2.655082137174849
28292,Normal_Weight,3.3378364212253153
28293,Normal_Weight,3.2080447496233027
28294,Normal_Weight,4.686302380631927
28295,Normal_Weight,2.725276283160141
28296,Normal_Weight,3.723449195787801
28297,Normal_Weight,0.4535707180719189
28298,Normal_Weight,4.9770230873128956
28299,Normal_Weight,0.3217730097454669
28300,Normal_Weight,5.784151779038782
28301,Normal_Weight,5.163709373463539
28302,Normal_Weight,4.033958231529986
28303,Normal_Weight,1.9359360047865952
28304,Normal_Weight,4.023311610338641
28305,Normal_Weight,5.05346048566481
28306,Normal_Weight,5.786508258056571
28307,Normal_Weight,2.801554961020529
28308,Normal_Weight,4.636455782964925
28309,Normal_Weight,4.0248419654738745
28310,Normal_Weight,3.4455809969550804
28311,Normal_Weight,0.39664097859343467
28312,Normal_Weight,2.5741389660281855
28313,Normal_Weight,6.002402056132763
28314,Normal_Weight,4.004446723170142
28315,Normal_Weight,4.009062848499073
28316,Normal_Weight,2.9715139974575466
28317,Normal_Weight,0.3529967050190569
28318,Normal_Weight,2.1955946043889756
28319,Normal_Weight,0.1375335096614129
28320,Normal_Weight,2.983302323024047
28321,Normal_Weight,3.0957003070498987
28322,Normal_Weight,4.003632925118131
28323,Normal_Weight,3.2189408150840015
28324,Normal_Weight,1.3409529192359426
28325,Normal_Weight,3.769724390544494
28326,Normal_Weight,4.150544369511854
28327,Normal_Weight,6.4317333010743525
28328,Normal_Weight,0.22241998958066148
28329,Normal_Weight,0.16872220484975062
28330,Normal_Weight,1.2090916101203473
28331,Normal_Weight,3.0480472189298466
28332,Normal_Weight,2.973415705036759
28333,Normal_Weight,2.992851827752459
28334,Normal_Weight,0.38030528320063667
28335,Normal_Weight,3.498878176080518
28336,Normal_Weight,0.8945756585343069
28337,Normal_Weight,0.15451868256298362
28338,Normal_Weight,0.19314092213310255
28339,Normal_Weight,4.106735436473631
28340,Normal_Weight,3.0207776802265616
28341,Normal_Weight,5.283791623329329
28342,Normal_Weight,5.262936493633861
28343,Normal_Weight,0.3748418817077384
28344,Normal_Weight,4.066935503870566
28345,Normal_Weight,4.61814843047441
28346,Normal_Weight,0.6049954333207049
28347,Normal_Weight,3.246357249436551
28348,Normal_Weight,3.463742029670407
28349,Normal_Weight,3.540897828162016
28350,Normal_Weight,4.266235967446058
28351,Normal_Weight,4.167478792322417
28352,Normal_Weight,2.388298005895563
28353,Normal_Weight,4.237301705058494
28354,Normal_Weight,0.0407486955490093
28355,Normal_Weight,0.454545538939344
28356,Normal_Weight,0.31961914515547507
28357,Normal_Weight,3.081402831570148
28358,Normal_Weight,0.36392714112254937
28359,Normal_Weight,4.031267639071487
28360,Normal_Weight,0.3497576729325246
28361,Normal_Weight,0.3846608696904686
28362,Normal_Weight,3.4551249875584795
28363,Normal_Weight,5.052566457705583
28364,Normal_Weight,2.2233035950875677
28365,Normal_Weight,4.0576050454167225
28366,Normal_Weight,3.9783054499696595
28367,Normal_Weight,4.399885573526049
28368,Normal_Weight,0.6194880007242469
28369,Normal_Weight,5.633887654524534
28370,Normal_Weight,2.974382293609564
28371,Normal_Weight,4.009062848499073
28372,Normal_Weight,1.8165686866970898
28373,Normal_Weight,4.028241749111727
28374,Normal_Weight,2.601033671576325
28375,Normal_Weight,4.030975074768159
28376,Normal_Weight,4.031101942228779
28377,Normal_Weight,3.5909685964975564
28378,Normal_Weight,3.1666716280455565
28379,Normal_Weight,2.343293803384498
28380,Normal_Weight,3.0784498191098675
28381,Normal_Weight,5.948799444371616
28382,Normal_Weight,4.023328375473592
28383,Normal_Weight,3.0334746091258116
28384,Normal_Weight,4.031101942228779
28385,Normal_Weight,5.700194751484905
28386,Normal_Weight,0.05229584928243593
28387,Normal_Weight,0.5305435869000049
28388,Normal_Weight,4.269365144115754
28389,Normal_Weight,0.31974150394388406
28390,Normal_Weight,0.8896858525054125
28391,Normal_Weight,0.609137831838131
28392,Normal_Weight,4.614566359908249
28393,Normal_Weight,5.412064003069604
28394,Normal_Weight,4.86336160487634
28395,Normal_Weight,1.9601436239288967
28396,Normal_Weight,3.940186082517422
28397,Normal_Weight,3.152178814478971
28398,Normal_Weight,1.2146263094278995
28399,Normal_Weight,5.123124100886165
28400,Normal_Weight,3.245664038808408
28401,Normal_Weight,3.2120080763294028
28402,Normal_Weight,4.021981772356822
28403,Normal_Weight,0.7916827514486547
28404,Normal_Weight,3.973821669914366
28405,Normal_Weight,5.180696407277329
28406,Normal_Weight,3.920262122428674
28407,Normal_Weight,2.0080740049868404
28408,Normal_Weight,1.9058507614360172
28409,Normal_Weight,5.25319689402115
28410,Normal_Weight,4.066935503870566
28411,Normal_Weight,4.255309986857952
28412,Normal_Weight,3.2093082650985085
28413,Normal_Weight,0.3625108714380333
28414,Normal_Weight,5.819985358578742
28415,Normal_Weight,5.361282468414945
28416,Normal_Weight,4.751048758715473
28417,Normal_Weight,1.2292103059814945
28418,Normal_Weight,2.8351523675494397
28419,Normal_Weight,4.009062848499073
28420,Normal_Weight,2.5644003378056635
28421,Normal_Weight,0.34292227995652474
28422,Normal_Weight,5.079262366876201
28423,Normal_Weight,0.08754151741218619
28424,Normal_Weight,0.5544763477522897
28425,Normal_Weight,4.79706831453031
28426,Normal_Weight,3.210568533904421
28427,Normal_Weight,4.050444438233982
28428,Normal_Weight,3.1204492793073397
28429,Normal_Weight,3.349352716556121
28430,Normal_Weight,2.4802086017252587
28431,Normal_Weight,4.006202655382015
28432,Normal_Weight,2.945629312048624
28433,Normal_Weight,3.9570971206386893
28434,Normal_Weight,3.166772016731908
28435,Normal_Weight,2.5432305624378406
28436,Normal_Weight,3.056612265549376
28437,Normal_Weight,3.2938284147231185
28438,Normal_Weight,4.012230594137904
28439,Normal_Weight,2.7977058234304373
28440,Normal_Weight,3.9687571270552264
28441,Normal_Weight,3.8099152361909714
28442,Normal_Weight,1.7626809387505367
28443,Normal_Weight,4.015397205204579
28444,Normal_Weight,3.964483579022985
28445,Normal_Weight,1.0212027243532114
28446,Normal_Weight,0.19017491485225269
28447,Normal_Weight,2.418951532055898
28448,Normal_Weight,3.1382368349245526
28449,Normal_Weight,4.078722089883074
28450,Normal_Weight,4.150354023392902
28451,Normal_Weight,3.1911422822385562
28452,Normal_Weight,4.05069618700552
28453,Normal_Weight,3.9959480153872193
28454,Normal_Weight,3.282294436366462
28455,Normal_Weight,4.188919458895085
28456,Normal_Weight,2.620787142657914
28457,Normal_Weight,5.9216815306707975
28458,Normal_Weight,3.6480045757383524
28459,Normal_Weight,3.116306296205543
28460,Normal_Weight,4.003632925118131
28461,Normal_Weight,3.6483779877194142
28462,Normal_Weight,5.289145847635328
28463,Normal_Weight,4.517824812753414
28464,Normal_Weight,6.803841063728756
28465,Normal_Weight,5.280020721085127
28466,Normal_Weight,1.3919886586870742
28467,Normal_Weight,6.614282041311522
28468,Normal_Weight,0.1912945868084187
28469,Normal_Weight,2.971542650975346
28470,Normal_Weight,5.30958768824143
28471,Normal_Weight,4.000066035777767
28472,Normal_Weight,3.3941915386422643
28473,Normal_Weight,0.44248352413255015
28474,Normal_Weight,3.382710031859556
28475,Normal_Weight,2.1819305634404205
28476,Normal_Weight,3.035287590391057
28477,Normal_Weight,4.114560742044707
28478,Normal_Weight,3.287708729781883
28479,Normal_Weight,4.009062848499073
28480,Normal_Weight,0.4056287417660574
28481,Normal_Weight,5.560670220384254
28482,Normal_Weight,1.0347839938155
28483,Normal_Weight,3.2636170507317486
28484,Normal_Weight,3.101059080410327
28485,Normal_Weight,2.568949774057442
28486,Normal_Weight,0.2965833818542687
28487,Normal_Weight,1.759282659262696
28488,Normal_Weight,3.873577747043318
28489,Normal_Weight,3.1013511897017803
28490,Normal_Weight,3.739884200889779
28491,Normal_Weight,3.985961225818701
28492,Normal_Weight,2.4319695908939165
28493,Normal_Weight,0.40005478748781015
28494,Normal_Weight,0.48670553314924003
28495,Normal_Weight,3.0136419193844755
28496,Normal_Weight,1.8382984500670227
28497,Normal_Weight,2.941851723459317
28498,Normal_Weight,6.062145584603311
28499,Normal_Weight,3.168520890237342
28500,Normal_Weight,1.6587039705652082
28501,Normal_Weight,3.0528897148221437
28502,Normal_Weight,5.124158155471495
28503,Normal_Weight,3.869693088917409
28504,Normal_Weight,6.0398963654031155
28505,Normal_Weight,3.0392414225218682
28506,Normal_Weight,3.166946032436713
28507,Normal_Weight,4.926094143854972
28508,Normal_Weight,4.730998740395671
28509,Normal_Weight,4.173004264268089
28510,Normal_Weight,1.2605929546630419
28511,Normal_Weight,0.002906041813174673
28512,Normal_Weight,2.821933903320837
28513,Normal_Weight,2.397698777035673
28514,Normal_Weight,3.8137957051399116
28515,Normal_Weight,0.4899279314941551
28516,Normal_Weight,4.125768631786672
28517,Normal_Weight,2.1738942799973775
28518,Normal_Weight,0.17827733659468467
28519,Normal_Weight,4.230759441717085
28520,Normal_Weight,5.344633556348764
28521,Normal_Weight,0.06975551232311215
28522,Normal_Weight,3.2873885674955465
28523,Normal_Weight,4.157905358483658
28524,Normal_Weight,0.20068561225980236
28525,Normal_Weight,3.4311312047069658
28526,Normal_Weight,4.342641963847505
28527,Normal_Weight,4.85848130966461
28528,Normal_Weight,4.0136741270106215
28529,Normal_Weight,4.009062848499073
28530,Normal_Weight,3.9299646629236507
28531,Normal_Weight,6.111103008919724
28532,Normal_Weight,1.2457160895762467
28533,Normal_Weight,5.277270756691637
28534,Normal_Weight,4.009062848499073
28535,Normal_Weight,4.1954882331153796
28536,Normal_Weight,3.279527636028969
28537,Normal_Weight,3.591118707275282
28538,Normal_Weight,5.660581634000527
28539,Normal_Weight,3.643363669232297
28540,Normal_Weight,2.9420398007588666
28541,Normal_Weight,4.009062848499073
28542,Normal_Weight,4.482381311245364
28543,Normal_Weight,4.215113663379693
28544,Normal_Weight,5.582615084635264
28545,Normal_Weight,2.926080293028572
28546,Normal_Weight,3.0469296045564227
28547,Normal_Weight,4.028405344504274
28548,Normal_Weight,0.4988781862625725
28549,Normal_Weight,3.01987088972882
28550,Normal_Weight,3.1441443138918093
28551,Normal_Weight,4.093914306857507
28552,Normal_Weight,4.899212345847516
28553,Normal_Weight,3.830284634790651
28554,Normal_Weight,4.066201852301218
28555,Normal_Weight,0.7110232833701472
28556,Normal_Weight,4.215113663379693
28557,Normal_Weight,4.031267639071487
28558,Normal_Weight,1.1236306972451686
28559,Normal_Weight,4.0105226755718775
28560,Normal_Weight,0.1646054030838123
28561,Normal_Weight,3.9881134854154854
28562,Normal_Weight,0.9421851404772987
28563,Normal_Weight,0.4831105804794207
28564,Normal_Weight,1.4329875598009665
28565,Normal_Weight,0.49186803858746003
28566,Normal_Weight,4.062082940087662
28567,Normal_Weight,5.1173406927564855
28568,Normal_Weight,2.974247840668576
28569,Normal_Weight,0.22745224764173386
28570,Normal_Weight,6.4022174304012625
28571,Normal_Weight,6.324174576005171
28572,Normal_Weight,0.4321550409459777
28573,Normal_Weight,0.1653668081629129
28574,Normal_Weight,3.0861346088141293
28575,Normal_Weight,0.8716233821456355
28576,Normal_Weight,1.0162394076914532
28577,Normal_Weight,3.945268046426953
28578,Normal_Weight,3.3408597866111447
28579,Normal_Weight,2.256219395785451
28580,Normal_Weight,3.310771455283012
28581,Normal_Weight,3.069499495223353
28582,Normal_Weight,0.7461915875155986
28583,Normal_Weight,2.8530022340000776
28584,Normal_Weight,3.5632669000648276
28585,Normal_Weight,3.363116782178192
28586,Normal_Weight,5.335938434883325
28587,Normal_Weight,5.099038047584266
28588,Normal_Weight,4.438391053756999
28589,Normal_Weight,3.0996471798287732
28590,Normal_Weight,4.0506945651391275
28591,Normal_Weight,4.031101942228779
28592,Normal_Weight,0.9811976113542753
28593,Normal_Weight,5.047341612293949
28594,Normal_Weight,4.778124167790499
28595,Normal_Weight,1.4103506192029953
28596,Normal_Weight,1.3212516271129982
28597,Normal_Weight,3.3512859423867942
28598,Normal_Weight,2.5870812659378593
28599,Normal_Weight,5.09683806133027
28600,Normal_Weight,4.0404760226441185
28601,Normal_Weight,4.028241749111727
28602,Normal_Weight,0.23797217871065152
28603,Normal_Weight,3.3192292277769684
28604,Normal_Weight,0.7793950469142553
28605,Normal_Weight,0.8205519824117533
28606,Normal_Weight,1.1890508025313196
28607,Normal_Weight,2.7753899485264375
28608,Normal_Weight,3.376141554051643
28609,Normal_Weight,4.057213112524421
28610,Normal_Weight,2.3992943807230995
28611,Normal_Weight,0.7452853379443412
28612,Normal_Weight,3.944606012483551
28613,Normal_Weight,4.855979946276093
28614,Normal_Weight,2.9258041476512844
28615,Normal_Weight,2.6709275992379666
28616,Normal_Weight,3.4623638689827625
28617,Normal_Weight,2.933922893201319
28618,Normal_Weight,0.10391098209985622
28619,Normal_Weight,0.47940865068283617
28620,Normal_Weight,2.52813834160112
28621,Normal_Weight,4.090304419182791
28622,Normal_Weight,2.6707064009838657
28623,Normal_Weight,4.10612491182447
28624,Normal_Weight,4.162787975575265
28625,Normal_Weight,4.091603707426997
28626,Normal_Weight,2.7487609747473525
28627,Normal_Weight,4.062360333697717
28628,Normal_Weight,3.168308945877064
28629,Normal_Weight,6.31311087187244
28630,Normal_Weight,3.547125071155302
28631,Normal_Weight,3.2865851866463283
28632,Normal_Weight,3.3029513791740843
28633,Normal_Weight,3.2031726339892304
28634,Normal_Weight,4.006202655382015
28635,Normal_Weight,4.083144018574577
28636,Normal_Weight,3.591663775585957
28637,Normal_Weight,2.650952212855017
28638,Normal_Weight,-0.18686368366637968
28639,Normal_Weight,3.034637487584084
28640,Normal_Weight,6.538949037660725
28641,Normal_Weight,0.779315139611254
28642,Normal_Weight,0.9862024519979266
28643,Normal_Weight,0.37963515124325553
28644,Normal_Weight,1.2532363625635898
28645,Normal_Weight,4.009062848499073
28646,Normal_Weight,1.7788249326365466
28647,Normal_Weight,1.6050633266193206
28648,Normal_Weight,3.5776204243575838
28649,Normal_Weight,0.8250656213002673
28650,Normal_Weight,0.21993252200391522
28651,Normal_Weight,2.432216938444813
28652,Normal_Weight,3.0200243883734132
28653,Normal_Weight,3.390458729962997
28654,Normal_Weight,5.706406903947921
28655,Normal_Weight,1.0541752563868754
28656,Normal_Weight,3.3322260748426107
28657,Normal_Weight,1.4076948237192821
28658,Normal_Weight,2.408592933544807
28659,Normal_Weight,0.5092365560109314
28660,Normal_Weight,3.3421745955244204
28661,Normal_Weight,1.6077543409940518
28662,Normal_Weight,2.0652722366388887
28663,Normal_Weight,3.1970956296710615
28664,Normal_Weight,0.44475431026344453
28665,Normal_Weight,3.0020046294990586
28666,Normal_Weight,2.7514429960036697
28667,Normal_Weight,5.302009064748973
28668,Normal_Weight,4.29144436678779
28669,Normal_Weight,0.04258663271971157
28670,Normal_Weight,-0.07415486715231792
28671,Normal_Weight,0.997489469435993
28672,Normal_Weight,3.348596866406875
28673,Normal_Weight,2.176955854791452
28674,Normal_Weight,4.118163068432359
28675,Normal_Weight,0.09744799968462814
28676,Normal_Weight,3.0539921561190697
28677,Normal_Weight,4.725281960604643
28678,Normal_Weight,0.39996631913597136
28679,Normal_Weight,5.302656051699262
28680,Normal_Weight,0.6770985662429589
28681,Normal_Weight,4.063302155263284
28682,Normal_Weight,4.053014168497866
28683,Normal_Weight,5.278119869182878
28684,Normal_Weight,5.9768614294263385
28685,Normal_Weight,4.0105226755718775
28686,Normal_Weight,4.009062848499073
28687,Normal_Weight,2.76433769738513
28688,Normal_Weight,1.294614506920247
28689,Normal_Weight,4.933627012204766
28690,Normal_Weight,3.537458324874565
28691,Normal_Weight,4.934161536294868
28692,Normal_Weight,2.825160130513816
28693,Normal_Weight,4.026301792546678
28694,Normal_Weight,-0.21649083159757793
28695,Normal_Weight,4.027037654937471
28696,Normal_Weight,3.5003318502780805
28697,Normal_Weight,3.3850634163479265
28698,Normal_Weight,4.127821657957605
28699,Normal_Weight,2.677720016112817
28700,Normal_Weight,4.077691924776388
28701,Normal_Weight,2.9682888272232986
28702,Normal_Weight,4.066935503870566
28703,Normal_Weight,0.3821646928696822
28704,Normal_Weight,7.013958623607145
28705,Normal_Weight,2.9481514811530554
28706,Normal_Weight,0.5899546650569418
28707,Normal_Weight,3.9645868957215793
28708,Normal_Weight,3.1439548837538664
28709,Normal_Weight,4.083709191077852
28710,Normal_Weight,4.9814374789894345
28711,Normal_Weight,0.10642975376399982
28712,Normal_Weight,4.166383449134607
28713,Normal_Weight,3.133397048518612
28714,Normal_Weight,5.502451913485364
28715,Normal_Weight,3.3334413214253193
28716,Normal_Weight,3.3119086640371616
28717,Normal_Weight,4.046703553984104
28718,Normal_Weight,2.706247003656462
28719,Normal_Weight,5.117509077655337
28720,Normal_Weight,3.068003082119713
28721,Normal_Weight,4.0315072553854625
28722,Normal_Weight,0.969438827972107
28723,Normal_Weight,0.02872939750205546
28724,Normal_Weight,4.060309409821906
28725,Normal_Weight,5.75365865458453
28726,Normal_Weight,2.025410926192706
28727,Normal_Weight,5.081843840278437
28728,Normal_Weight,4.150544369511854
28729,Normal_Weight,1.888150781352106
28730,Normal_Weight,4.100761183612783
28731,Normal_Weight,2.627206806664153
28732,Normal_Weight,3.2640308978430763
28733,Normal_Weight,5.7348386884210445
28734,Normal_Weight,2.9367337685147135
28735,Normal_Weight,4.05469297184363
28736,Normal_Weight,4.043922502646712
28737,Normal_Weight,6.287316369915161
28738,Normal_Weight,0.05278047080354402
28739,Normal_Weight,3.145964945082063
28740,Normal_Weight,3.217837244801578
28741,Normal_Weight,3.422562392636577
28742,Normal_Weight,3.5355691406666985
28743,Normal_Weight,1.1905037458113965
28744,Normal_Weight,3.9754989542156904
28745,Normal_Weight,3.16408909393956
28746,Normal_Weight,3.0241836215977203
28747,Normal_Weight,5.26772929011891
28748,Normal_Weight,4.011258537962667
28749,Normal_Weight,5.4195154699222625
28750,Normal_Weight,1.6237110466247522
28751,Normal_Weight,2.6028528021645347
28752,Normal_Weight,2.21437259689234
28753,Normal_Weight,1.2756854636656774
28754,Normal_Weight,1.3415129194997901
28755,Normal_Weight,0.8114004883950541
28756,Normal_Weight,2.774985135226563
28757,Normal_Weight,6.429721458451117
28758,Normal_Weight,4.010659432490571
28759,Normal_Weight,4.990303004437639
28760,Normal_Weight,4.075263501444077
28761,Normal_Weight,1.624456340004155
28762,Normal_Weight,0.04539106920176483
28763,Normal_Weight,2.3647221745628757
28764,Normal_Weight,1.2968745732555724
28765,Normal_Weight,4.0248419654738745
28766,Normal_Weight,4.046754191742962
28767,Normal_Weight,4.54871192442394
28768,Normal_Weight,0.6050502374811808
28769,Normal_Weight,0.30688415484884457
28770,Normal_Weight,4.006202655382015
28771,Normal_Weight,4.137010577286149
28772,Normal_Weight,3.3451354231750874
28773,Normal_Weight,-0.05508080881168303
28774,Normal_Weight,1.7846659468657844
28775,Normal_Weight,2.6521683373272995
28776,Normal_Weight,6.056145052240376
28777,Normal_Weight,3.2533766770736814
28778,Normal_Weight,4.031101942228779
28779,Normal_Weight,3.3671795648960727
28780,Normal_Weight,4.009080894923368
28781,Normal_Weight,2.789925534004285
28782,Normal_Weight,4.822239491526134
28783,Normal_Weight,3.362362924314736
28784,Normal_Weight,4.0248419654738745
28785,Normal_Weight,3.005742441718268
28786,Normal_Weight,3.4218077357676653
28787,Normal_Weight,4.081552507516853
28788,Normal_Weight,2.5601526998776247
28789,Normal_Weight,3.1755767095715384
28790,Normal_Weight,4.009062848499073
28791,Normal_Weight,4.69567197867276
28792,Normal_Weight,3.3104480180236253
28793,Normal_Weight,2.8585806126583893
28794,Normal_Weight,3.315915584874646
28795,Normal_Weight,3.2117149273788472
28796,Normal_Weight,4.03558571863484
28797,Normal_Weight,0.26762152321315325
28798,Normal_Weight,2.172839845736677
28799,Normal_Weight,4.031267639071487
28800,Normal_Weight,3.8867781973257034
28801,Normal_Weight,5.749337127215008
28802,Normal_Weight,0.7389502171679571
28803,Normal_Weight,0.7970404294967862
28804,Normal_Weight,5.302969053667931
28805,Normal_Weight,5.008230182241624
28806,Normal_Weight,3.9892646678461996
28807,Normal_Weight,3.8014030379038806
28808,Normal_Weight,0.12161770188208523
28809,Normal_Weight,2.6740287055390444
28810,Normal_Weight,4.021981772356822
28811,Normal_Weight,5.794116627386649
28812,Normal_Weight,1.1300688449784522
28813,Normal_Weight,2.2019610646644465
28814,Normal_Weight,2.9001277816137847
28815,Normal_Weight,3.6903863798047905
28816,Normal_Weight,5.452576282949573
28817,Normal_Weight,3.1652033517423055
28818,Normal_Weight,0.6401029375309906
28819,Normal_Weight,2.301044980332675
28820,Normal_Weight,4.009374182687803
28821,Normal_Weight,0.5385993734868025
28822,Normal_Weight,0.8821976275839302
28823,Normal_Weight,1.8549308763159629
28824,Normal_Weight,0.31514314073273403
28825,Normal_Weight,0.3586320474920005
28826,Normal_Weight,5.897505110189715
28827,Normal_Weight,3.0693138662667034
28828,Normal_Weight,4.066678871091856
28829,Normal_Weight,3.2519638067894987
28830,Normal_Weight,1.0935364411445667
28831,Normal_Weight,4.006202655382015
28832,Normal_Weight,2.8998883835582583
28833,Normal_Weight,3.249651304588472
28834,Normal_Weight,2.3672255262698525
28835,Normal_Weight,3.10956563946142
28836,Normal_Weight,4.031101942228779
28837,Normal_Weight,0.3780150379234403
28838,Normal_Weight,1.0244810755424867
28839,Normal_Weight,0.6701989892358552
28840,Normal_Weight,4.009062848499073
28841,Normal_Weight,3.966166130093304
28842,Normal_Weight,4.025213701562088
28843,Normal_Weight,4.003632925118131
28844,Normal_Weight,6.219729651947348
28845,Normal_Weight,6.04086377807502
28846,Normal_Weight,1.0862719279055328
28847,Normal_Weight,5.1886236233143945
28848,Normal_Weight,3.1274412437868513
28849,Normal_Weight,4.094677644850512
28850,Normal_Weight,3.177027973027557
28851,Normal_Weight,0.5704600569906859
28852,Normal_Weight,0.6133384867641489
28853,Normal_Weight,2.1135297123824253
28854,Normal_Weight,3.5651755353096912
28855,Normal_Weight,3.9974963055138826
28856,Normal_Weight,4.999175039524578
28857,Normal_Weight,4.306583181315504
28858,Normal_Weight,3.159852009752532
28859,Normal_Weight,4.006493118235189
28860,Normal_Weight,2.875276160010998
28861,Normal_Weight,5.1485152017111515
28862,Normal_Weight,0.7986223385459754
28863,Normal_Weight,0.2838269457470484
28864,Normal_Weight,3.1712175629043418
28865,Normal_Weight,5.522601341294223
28866,Normal_Weight,4.167142455575806
28867,Normal_Weight,3.9862263835131624
28868,Normal_Weight,3.281879141294118
28869,Normal_Weight,4.052254445719694
28870,Normal_Weight,1.24233950154733
28871,Normal_Weight,0.04084578623193849
28872,Normal_Weight,5.433475759028008
28873,Normal_Weight,0.5013718869106107
28874,Normal_Weight,0.18845631959762385
28875,Normal_Weight,4.029556174630692
28876,Normal_Weight,4.150544369511854
28877,Normal_Weight,4.006202655382015
28878,Normal_Weight,0.5984918485842322
28879,Normal_Weight,3.427909795238847
28880,Normal_Weight,4.026301792546678
28881,Normal_Weight,3.2181818486419864
28882,Normal_Weight,4.046754191742962
28883,Normal_Weight,5.2138697667001015
28884,Normal_Weight,0.910192899895896
28885,Normal_Weight,2.613276521304503
28886,Normal_Weight,4.889222208523992
28887,Normal_Weight,2.271927963246233
28888,Normal_Weight,3.1884528002357793
28889,Normal_Weight,0.7790522310339906
28890,Normal_Weight,3.754929057580869
28891,Normal_Weight,4.188218435422248
28892,Normal_Weight,6.155428343036459
28893,Normal_Weight,5.87191903871363
28894,Normal_Weight,0.2579868491221147
28895,Normal_Weight,4.07839893204991
28896,Normal_Weight,6.289576674790511
28897,Normal_Weight,2.5163337592535044
28898,Normal_Weight,4.626221430511114
28899,Normal_Weight,4.517959970470988
28900,Normal_Weight,4.028241749111727
28901,Normal_Weight,3.8217991462614
28902,Normal_Weight,5.611638630999126
28903,Normal_Weight,3.2251712917373094
28904,Normal_Weight,1.9045163888770265
28905,Normal_Weight,4.010981026588814
28906,Normal_Weight,2.745073211319958
28907,Normal_Weight,0.11626669641687343
28908,Normal_Weight,1.3237684657534308
28909,Normal_Weight,2.836664678541631
28910,Normal_Weight,1.151275728197157
28911,Normal_Weight,4.031804185914702
28912,Normal_Weight,0.06094206917726535
28913,Normal_Weight,6.139147511131121
28914,Normal_Weight,2.1789277142086725
28915,Normal_Weight,3.1506684012617043
28916,Normal_Weight,0.2390308883047333
28917,Normal_Weight,4.077957807862129
28918,Normal_Weight,5.361036951123667
28919,Normal_Weight,2.5568679390571156
28920,Normal_Weight,0.4932111857801726
28921,Normal_Weight,1.133190702992298
28922,Normal_Weight,2.7795486752069483
28923,Normal_Weight,4.2241636978274935
28924,Normal_Weight,1.2492997943478417
28925,Normal_Weight,6.10185432226457
28926,Normal_Weight,2.5918465080821997
28927,Normal_Weight,2.617668597182771
28928,Normal_Weight,5.044261094647276
28929,Normal_Weight,4.052912941292213
28930,Normal_Weight,3.256708476117059
28931,Normal_Weight,4.029891617593037
28932,Normal_Weight,0.017313560650962078
28933,Normal_Weight,0.4021665307343723
28934,Normal_Weight,3.997205842660711
28935,Normal_Weight,0.5055642891704991
28936,Normal_Weight,3.600125282200857
28937,Normal_Weight,0.6263115738493108
28938,Normal_Weight,0.527571396727827
28939,Normal_Weight,5.932545125690856
28940,Normal_Weight,0.10091800746216484
28941,Normal_Weight,5.164088489177654
28942,Normal_Weight,4.035816151385596
28943,Normal_Weight,4.046754191742962
28944,Normal_Weight,3.493826529952752
28945,Normal_Weight,3.3763801582412207
28946,Normal_Weight,4.313770899217546
28947,Normal_Weight,0.41829342331593633
28948,Normal_Weight,1.1477151458989308
28949,Normal_Weight,3.1108867805088782
28950,Normal_Weight,3.8591620404615643
28951,Normal_Weight,6.2484344055390455
28952,Normal_Weight,2.4421623372019035
28953,Normal_Weight,4.183746087535325
28954,Normal_Weight,0.06981996484084596
28955,Normal_Weight,1.4202935909603933
28956,Normal_Weight,4.028241749111727
28957,Normal_Weight,0.507026518777649
28958,Normal_Weight,4.064928885676912
28959,Normal_Weight,4.031101942228779
28960,Normal_Weight,4.100659956407127
28961,Normal_Weight,4.384609338380083
28962,Normal_Weight,2.0898519346479625
28963,Normal_Weight,1.3247081077319676
28964,Normal_Weight,4.096030659483314
28965,Normal_Weight,2.9938192197249234
28966,Normal_Weight,3.0448914522935553
28967,Normal_Weight,4.077303189745607
28968,Normal_Weight,4.990919530213296
28969,Normal_Weight,2.8383314777683406
28970,Normal_Weight,3.062023162611015
28971,Normal_Weight,5.0703000450362845
28972,Normal_Weight,2.1138944452510797
28973,Normal_Weight,5.385232737754091
28974,Normal_Weight,4.295920047301241
28975,Normal_Weight,0.26629844813130493
28976,Normal_Weight,2.9852193218427856
28977,Normal_Weight,2.699428863514682
28978,Normal_Weight,2.027213507865574
28979,Normal_Weight,0.859986376901868
28980,Normal_Weight,3.3969062909780914
28981,Normal_Weight,2.9524628999742153
28982,Normal_Weight,5.713545374927222
28983,Normal_Weight,5.788170669380058
28984,Normal_Weight,0.9822428960784148
28985,Normal_Weight,3.177529342978858
28986,Normal_Weight,1.7957525215277863
28987,Normal_Weight,5.959070171363979
28988,Normal_Weight,1.5595940797069436
28989,Normal_Weight,4.057527268544406
28990,Normal_Weight,4.011427918111401
28991,Normal_Weight,0.47461082921125797
28992,Normal_Weight,3.9723453787487473
28993,Normal_Weight,5.821408678555008
28994,Normal_Weight,0.1703473852107909
28995,Normal_Weight,5.614983729999877
28996,Normal_Weight,2.627753047300232
28997,Normal_Weight,-0.019992010653689194
28998,Normal_Weight,3.1065908477271345
28999,Normal_Weight,4.741456390733746
29000,Normal_Weight,0.430853337575087
29001,Normal_Weight,3.1380401205612016
29002,Normal_Weight,0.41061705653629343
29003,Normal_Weight,3.8121347540813284
29004,Normal_Weight,3.4722048498269054
29005,Normal_Weight,2.538614089205436
29006,Normal_Weight,4.139007204020209
29007,Normal_Weight,1.144841256219726
29008,Normal_Weight,3.8761474773072018
29009,Normal_Weight,3.9991395717825995
29010,Normal_Weight,1.9374601986985687
29011,Normal_Weight,2.2103452534704124
29012,Normal_Weight,3.1342061700837585
29013,Normal_Weight,5.36402004551794
29014,Normal_Weight,0.8392405465772024
29015,Normal_Weight,-0.0446681530762529
29016,Normal_Weight,4.063781928403623
29017,Normal_Weight,0.5149818866720454
29018,Normal_Weight,1.7131285119521833
29019,Normal_Weight,5.20219447145976
29020,Normal_Weight,1.6738249213943326
29021,Normal_Weight,5.090588820220248
29022,Normal_Weight,3.171679259869216
29023,Normal_Weight,5.510943116051151
29024,Normal_Weight,3.1541911395766626
29025,Normal_Weight,3.972507934623644
29026,Normal_Weight,0.4475036458395686
29027,Normal_Weight,0.15760760249777356
29028,Normal_Weight,3.956852842849472
29029,Normal_Weight,3.31186779376126
29030,Normal_Weight,4.02905866904096
29031,Normal_Weight,0.11702783308363848
29032,Normal_Weight,4.570061183093725
29033,Normal_Weight,0.6249780329846577
29034,Normal_Weight,5.571390587712871
29035,Normal_Weight,0.43244514133551715
29036,Normal_Weight,1.6568712286086829
29037,Normal_Weight,0.8704100886750424
29038,Normal_Weight,5.809749587297607
29039,Normal_Weight,4.001890375362009
29040,Normal_Weight,3.2393594585681926
29041,Normal_Weight,4.039570134226885
29042,Normal_Weight,4.045905946025059
29043,Normal_Weight,3.8208829831364954
29044,Normal_Weight,2.382999436634383
29045,Normal_Weight,3.233032063188404
29046,Normal_Weight,4.039570134226885
29047,Normal_Weight,5.0953387942791295
29048,Normal_Weight,1.1865701942448263
29049,Normal_Weight,1.0955904160426084
29050,Normal_Weight,4.872650223822973
29051,Normal_Weight,0.06155727126708353
29052,Normal_Weight,2.6506598020760928
29053,Normal_Weight,2.7375674927263436
29054,Normal_Weight,1.235561819050005
29055,Normal_Weight,4.006202655382015
29056,Normal_Weight,2.5682786018170445
29057,Normal_Weight,4.485074014652883
29058,Normal_Weight,4.061448684744783
29059,Normal_Weight,2.354325460172983
29060,Normal_Weight,5.375136508127271
29061,Normal_Weight,4.009062848499073
29062,Normal_Weight,6.405393631098759
29063,Normal_Weight,0.5621320408262241
29064,Normal_Weight,4.028241749111727
29065,Normal_Weight,4.003632925118131
29066,Normal_Weight,4.154625638651931
29067,Normal_Weight,1.3087059750859877
29068,Normal_Weight,0.3072522903616187
29069,Normal_Weight,4.009062848499073
29070,Normal_Weight,0.21476381063093125
29071,Normal_Weight,4.164341361945168
29072,Normal_Weight,1.3363080840978216
29073,Normal_Weight,3.270026653366094
29074,Normal_Weight,0.11956747528226225
29075,Normal_Weight,3.0024639843934904
29076,Normal_Weight,4.530349349127191
29077,Normal_Weight,2.0489767796648453
29078,Normal_Weight,1.1623685101735346
29079,Normal_Weight,4.1234102213959805
29080,Normal_Weight,2.6858787344350166
29081,Normal_Weight,4.0327548491582625
29082,Normal_Weight,4.006202655382015
29083,Normal_Weight,2.992278670301068
29084,Normal_Weight,4.209448604501247
29085,Normal_Weight,4.520824584933065
29086,Normal_Weight,4.076345196626312
29087,Normal_Weight,5.17632745961947
29088,Normal_Weight,4.046099496517899
29089,Normal_Weight,1.0783394503947537
29090,Normal_Weight,2.4401578909503896
29091,Normal_Weight,3.270013490245935
29092,Normal_Weight,3.6222212536548213
29093,Normal_Weight,3.9907960705901515
29094,Normal_Weight,5.103257399581557
29095,Normal_Weight,5.457755383080158
29096,Normal_Weight,3.110070890269424
29097,Normal_Weight,6.081862096266747
29098,Normal_Weight,2.4730689900183993
29099,Normal_Weight,3.2766977650898705
29100,Normal_Weight,0.10460617588274483
29101,Normal_Weight,3.125097345008469
29102,Normal_Weight,4.081552507516853
29103,Normal_Weight,3.8759673152441283
29104,Normal_Weight,0.5006214216367103
29105,Normal_Weight,6.01894869430568
29106,Normal_Weight,0.241768452544433
29107,Normal_Weight,2.867714897815162
29108,Normal_Weight,5.272493719546299
29109,Normal_Weight,5.942704058374436
29110,Normal_Weight,6.110383421691109
29111,Normal_Weight,2.0746991804137522
29112,Normal_Weight,4.030786965347824
29113,Normal_Weight,4.049898444626626
29114,Normal_Weight,4.150023968980595
29115,Normal_Weight,3.27669782107809
29116,Normal_Weight,2.8169047847891036
29117,Normal_Weight,3.0311328748280064
29118,Normal_Weight,5.252318617851158
29119,Normal_Weight,2.7345326946031054
29120,Normal_Weight,4.009897562976165
29121,Normal_Weight,4.038315572102086
29122,Normal_Weight,2.4937323215456924
29123,Normal_Weight,4.0108553219009115
29124,Normal_Weight,0.6524129398013209
29125,Normal_Weight,1.5085318120581368
29126,Normal_Weight,5.32055992766651
29127,Normal_Weight,5.340920932001561
29128,Normal_Weight,4.053014168497866
29129,Normal_Weight,4.372003245762116
29130,Normal_Weight,4.154041695559505
29131,Normal_Weight,1.2400050441326371
29132,Normal_Weight,2.0211875990452737
29133,Normal_Weight,5.2256159244596265
29134,Normal_Weight,4.032561769301583
29135,Normal_Weight,4.139053409470511
29136,Normal_Weight,3.9949008309725054
29137,Normal_Weight,4.20266009320068
29138,Normal_Weight,1.673125772480409
29139,Normal_Weight,0.4871228816610366
29140,Normal_Weight,4.066648743823806
29141,Normal_Weight,1.0360733086560394
29142,Normal_Weight,3.318063552331795
29143,Normal_Weight,3.18463741141467
29144,Normal_Weight,5.026227498291478
29145,Normal_Weight,1.7336118520530779
29146,Normal_Weight,2.1071865864190165
29147,Normal_Weight,2.9943881443425684
29148,Normal_Weight,4.028241749111727
29149,Normal_Weight,5.856787094566867
29150,Normal_Weight,3.252312770959969
29151,Normal_Weight,4.877377023331751
29152,Normal_Weight,4.1524077588165005
29153,Normal_Weight,0.21515420959290413
29154,Normal_Weight,2.3920962388428846
29155,Normal_Weight,2.762485942667313
29156,Normal_Weight,4.006202655382015
29157,Normal_Weight,4.031101942228779
29158,Normal_Weight,0.41235173563691047
29159,Normal_Weight,4.081552507516853
29160,Normal_Weight,2.5519684999425185
29161,Normal_Weight,4.2564363596395305
29162,Normal_Weight,4.106234522664998
29163,Normal_Weight,2.9077928018012527
29164,Normal_Weight,2.349653119957824
29165,Normal_Weight,4.742491656738951
29166,Normal_Weight,2.5238994944365274
29167,Normal_Weight,2.0702821005888485
29168,Normal_Weight,3.0464704316852953
29169,Normal_Weight,0.5326371548993463
29170,Normal_Weight,3.328274774424193
29171,Normal_Weight,3.769831966786001
29172,Normal_Weight,2.9792872929776224
29173,Normal_Weight,5.345485712697008
29174,Normal_Weight,3.26068694352875
29175,Normal_Weight,5.134305544595416
29176,Normal_Weight,4.090327403935709
29177,Normal_Weight,3.3601874762472668
29178,Normal_Weight,3.251670381491284
29179,Normal_Weight,0.4566973228125098
29180,Normal_Weight,5.281478253987062
29181,Normal_Weight,5.312861219062754
29182,Normal_Weight,4.07839893204991
29183,Normal_Weight,0.18086617707341265
29184,Normal_Weight,6.456910929835126
29185,Normal_Weight,2.9590387773122426
29186,Normal_Weight,0.9923691534912078
29187,Normal_Weight,0.6146212029698329
29188,Normal_Weight,0.6639753416137514
29189,Normal_Weight,4.0021335541349226
29190,Normal_Weight,0.17209645625415865
29191,Normal_Weight,2.5685393500345626
29192,Normal_Weight,4.173004264268089
29193,Normal_Weight,5.575836112178517
29194,Normal_Weight,3.9662541605020976
29195,Normal_Weight,4.009062848499073
29196,Normal_Weight,3.201293774987277
29197,Normal_Weight,3.0155334426853755
29198,Normal_Weight,0.29922516529034204
29199,Normal_Weight,0.8580811075165299
29200,Normal_Weight,5.7417576558921315
29201,Normal_Weight,3.0784213090817913
29202,Normal_Weight,0.2575018275124034
29203,Normal_Weight,4.150961209093614
29204,Normal_Weight,5.279952110425066
29205,Normal_Weight,-0.002952615621048235
29206,Normal_Weight,0.03021815482310849
29207,Normal_Weight,2.9256520841181444
29208,Normal_Weight,2.801476882251687
29209,Normal_Weight,5.940415594917891
29210,Normal_Weight,4.030123488358362
29211,Normal_Weight,4.006202655382015
29212,Normal_Weight,3.3714179941173663
29213,Normal_Weight,2.7862175507246256
29214,Normal_Weight,4.524128230124131
29215,Normal_Weight,0.6594428913403045
29216,Normal_Weight,1.3651630149215366
29217,Normal_Weight,4.061176023578377
29218,Normal_Weight,3.3708065014410837
29219,Normal_Weight,-0.0930958815852111
29220,Normal_Weight,3.219289486880398
29221,Normal_Weight,4.006202655382015
29222,Normal_Weight,4.904622960335556
29223,Normal_Weight,3.2740500662747167
29224,Normal_Weight,2.7468113286524583
29225,Normal_Weight,0.9108654250198956
29226,Normal_Weight,2.9343196045949114
29227,Normal_Weight,1.4320829249373168
29228,Normal_Weight,2.546561434411217
29229,Normal_Weight,3.309970739548805
29230,Normal_Weight,0.30771490359764936
29231,Normal_Weight,4.013976129576837
29232,Normal_Weight,-0.2874639145244572
29233,Normal_Weight,3.8401943922268247
29234,Normal_Weight,3.101693924079378
29235,Normal_Weight,4.0248419654738745
29236,Normal_Weight,0.30144666092335504
29237,Normal_Weight,2.1950225994599886
29238,Normal_Weight,4.809405917800529
29239,Normal_Weight,2.7493364936627582
29240,Normal_Weight,4.1544585351412655
29241,Normal_Weight,5.163769421097098
29242,Normal_Weight,4.011410947242158
29243,Normal_Weight,4.0248419654738745
29244,Normal_Weight,3.153922514262071
29245,Normal_Weight,5.06839099034026
29246,Normal_Weight,3.172367563895885
29247,Normal_Weight,3.4594783667120153
29248,Normal_Weight,4.150544369511854
29249,Normal_Weight,0.07756204858328393
29250,Normal_Weight,1.0178909387770314
29251,Normal_Weight,1.7513887282122924
29252,Normal_Weight,4.031101942228779
29253,Normal_Weight,2.9822083378170383
29254,Normal_Weight,0.71299367787165
29255,Normal_Weight,-0.06703597108333387
29256,Normal_Weight,4.7981330490603495
29257,Normal_Weight,2.109529915066695
29258,Normal_Weight,4.003125121166818
29259,Normal_Weight,5.886930080359343
29260,Normal_Weight,2.888716827435071
29261,Normal_Weight,0.046682279412397026
29262,Normal_Weight,4.000833749282906
29263,Normal_Weight,4.8753875915863025
29264,Normal_Weight,3.257696502932453
29265,Normal_Weight,0.07164411648250049
29266,Normal_Weight,4.746693981918402
29267,Normal_Weight,4.555728945731547
29268,Normal_Weight,2.9367343114593774
29269,Normal_Weight,0.25503776349457935
29270,Normal_Weight,3.1913991675210402
29271,Normal_Weight,4.1659415510422075
29272,Normal_Weight,4.82148885476715
29273,Normal_Weight,0.19048547402380336
29274,Normal_Weight,2.6916806058178278
29275,Normal_Weight,0.33255056842518294
29276,Normal_Weight,6.62055616615201
29277,Normal_Weight,4.031101942228779
29278,Normal_Weight,1.8956067197422624
29279,Normal_Weight,4.034127832188539
29280,Normal_Weight,5.893358847498163
29281,Normal_Weight,5.418731194046254
29282,Normal_Weight,4.920951346703329
29283,Normal_Weight,2.8051504939740237
29284,Normal_Weight,3.9901266288472574
29285,Normal_Weight,3.1264152296548082
29286,Normal_Weight,6.291085549604433
29287,Normal_Weight,4.018948246094094
29288,Normal_Weight,3.9606361871515983
29289,Normal_Weight,0.16256485873934645
29290,Normal_Weight,5.766789571226399
29291,Normal_Weight,4.027037654937471
29292,Normal_Weight,3.7837795741451425
29293,Normal_Weight,2.082841990563343
29294,Normal_Weight,6.429403625507851
29295,Normal_Weight,3.868039887649836
29296,Normal_Weight,3.2589122311880123
29297,Normal_Weight,2.360247422027359
29298,Normal_Weight,0.21853126224035518
29299,Normal_Weight,2.803306492022272
29300,Normal_Weight,3.48974055869172
29301,Normal_Weight,4.650904215874006
29302,Normal_Weight,4.584504644168751
29303,Normal_Weight,5.462413237168307
29304,Normal_Weight,2.2622635670790063
29305,Normal_Weight,3.9944066668254896
29306,Normal_Weight,2.605706453462436
29307,Normal_Weight,0.20084656849061736
29308,Normal_Weight,4.032895249472074
29309,Normal_Weight,5.496459944966521
29310,Normal_Weight,6.038799614066456
29311,Normal_Weight,2.342823189814283
29312,Normal_Weight,2.20466938027186
29313,Normal_Weight,3.8670912254394882
29314,Normal_Weight,1.0674556696021629
29315,Normal_Weight,4.011427918111401
29316,Normal_Weight,3.2049966745056855
29317,Normal_Weight,5.465644767099937
29318,Normal_Weight,3.4195449296623925
29319,Normal_Weight,5.028525650978093
29320,Normal_Weight,3.1678904621296122
29321,Normal_Weight,4.520460594295084
29322,Normal_Weight,3.3232059446477
29323,Normal_Weight,2.6531491409306645
29324,Normal_Weight,2.837255349138976
29325,Normal_Weight,4.0812205569204885
29326,Normal_Weight,4.006202655382015
29327,Normal_Weight,1.2162012332709542
29328,Normal_Weight,2.414761802866497
29329,Normal_Weight,3.4045873450153543
29330,Normal_Weight,5.215128460608026
29331,Normal_Weight,2.6645358153594207
29332,Normal_Weight,0.3490369787157087
29333,Normal_Weight,0.3226780604824859
29334,Normal_Weight,4.35053206619379
29335,Normal_Weight,5.175233465944614
29336,Normal_Weight,0.8847267614769215
29337,Normal_Weight,5.2299973870765255
29338,Normal_Weight,2.710644323962295
29339,Normal_Weight,2.207070508966187
29340,Normal_Weight,5.511135597245764
29341,Normal_Weight,5.675369065218125
29342,Normal_Weight,1.778861525603476
29343,Normal_Weight,3.88079303021539
29344,Normal_Weight,2.9623141521841765
29345,Normal_Weight,4.013464682665757
29346,Normal_Weight,2.2918800086396733
29347,Normal_Weight,2.755148971914581
29348,Normal_Weight,0.6814995280887474
29349,Normal_Weight,4.68434289360324
29350,Normal_Weight,2.1662812502676383
29351,Normal_Weight,3.2217470462398077
29352,Normal_Weight,4.111175088661701
29353,Normal_Weight,4.0248419654738745
29354,Normal_Weight,3.034612255096797
29355,Normal_Weight,3.1901882260819314
29356,Normal_Weight,3.015961865474459
29357,Normal_Weight,4.9924090443508735
29358,Normal_Weight,6.346029482973821
29359,Normal_Weight,6.232287865001153
29360,Normal_Weight,3.037635423682022
29361,Normal_Weight,4.09287907462594
29362,Normal_Weight,0.3337582547951707
29363,Normal_Weight,2.681909650786097
29364,Normal_Weight,0.41129784153522353
29365,Normal_Weight,3.3352363058569168
29366,Normal_Weight,3.1274535140263953
29367,Normal_Weight,3.3727857588721175
29368,Normal_Weight,3.392934948759718
29369,Normal_Weight,4.07839893204991
29370,Normal_Weight,3.9583217387136194
29371,Normal_Weight,1.51475638039509
29372,Normal_Weight,1.952835381533009
29373,Normal_Weight,0.17750992259448622
29374,Normal_Weight,3.085113910025669
29375,Normal_Weight,4.189366350417673
29376,Normal_Weight,2.880220224794429
29377,Normal_Weight,3.906811212122617
29378,Normal_Weight,4.072758913397005
29379,Normal_Weight,2.9803771849267626
29380,Normal_Weight,5.6625518482121215
29381,Normal_Weight,5.818709216286353
29382,Normal_Weight,2.3084654865751877
29383,Normal_Weight,3.024549280199414
29384,Normal_Weight,3.7094628390092614
29385,Normal_Weight,3.5000063023852923
29386,Normal_Weight,1.0311627417865725
29387,Normal_Weight,2.9914295502647508
29388,Normal_Weight,3.3788815895052418
29389,Normal_Weight,6.2097095343147
29390,Normal_Weight,4.349367255537048
29391,Normal_Weight,4.015397205204579
29392,Normal_Weight,4.5277704210959255
29393,Normal_Weight,3.2872989381298625
29394,Normal_Weight,2.981123761933657
29395,Normal_Weight,0.29097851755111165
29396,Normal_Weight,3.177499379987306
29397,Normal_Weight,5.586673023792458
29398,Normal_Weight,0.93855478783714
29399,Normal_Weight,4.764194638083312
29400,Normal_Weight,2.447304955861179
29401,Normal_Weight,1.1128783915087919
29402,Normal_Weight,0.5916641076082964
29403,Normal_Weight,3.9108714234332638
29404,Normal_Weight,3.1748936086627637
29405,Normal_Weight,3.0805496104890673
29406,Normal_Weight,4.978772137611719
29407,Normal_Weight,3.0696331092117073
29408,Normal_Weight,3.635064928874685
29409,Normal_Weight,4.009062848499073
29410,Normal_Weight,4.954043000850559
29411,Normal_Weight,0.09393926059587394
29412,Normal_Weight,3.0645475445502144
29413,Normal_Weight,4.017215490234174
29414,Normal_Weight,1.1137706502138451
29415,Normal_Weight,4.0054697433384225
29416,Normal_Weight,3.8709531430045856
29417,Normal_Weight,3.5251636557777952
29418,Normal_Weight,3.4845050345216046
29419,Normal_Weight,5.138307609949496
29420,Normal_Weight,5.463057479624877
29421,Normal_Weight,5.933627118672227
29422,Normal_Weight,6.363165039108262
29423,Normal_Weight,2.3692179785458922
29424,Normal_Weight,6.162568746899217
29425,Normal_Weight,2.821937921266573
29426,Normal_Weight,0.1234076116943633
29427,Normal_Weight,3.992193819820527
29428,Normal_Weight,5.041238640266172
29429,Normal_Weight,3.2653879787686866
29430,Normal_Weight,0.20347118239112993
29431,Normal_Weight,4.84623765154206
29432,Normal_Weight,2.4294362710996067
29433,Normal_Weight,2.9733534557652446
29434,Normal_Weight,3.9783054499696595
29435,Normal_Weight,3.4650118291542022
29436,Normal_Weight,0.309455736779818
29437,Normal_Weight,3.491044955518378
29438,Normal_Weight,0.13876981453369686
29439,Normal_Weight,3.3299735857609862
29440,Normal_Weight,2.991872962998184
29441,Normal_Weight,5.467304820547123
29442,Normal_Weight,4.0248419654738745
29443,Normal_Weight,4.802998647609496
29444,Normal_Weight,1.2533734989766157
29445,Normal_Weight,3.2232895450579298
29446,Normal_Weight,0.137571516438449
29447,Normal_Weight,4.006202655382015
29448,Normal_Weight,4.7701694215454395
29449,Normal_Weight,2.306214901388903
29450,Normal_Weight,0.5787344020848926
29451,Normal_Weight,0.07583195065209658
29452,Normal_Weight,1.5723149622915997
29453,Normal_Weight,3.059485491072172
29454,Normal_Weight,2.9876717502472525
29455,Normal_Weight,1.3472047941551106
29456,Normal_Weight,0.8686081511723359
29457,Normal_Weight,5.313101271020097
29458,Normal_Weight,0.9139838298605371
29459,Normal_Weight,1.9825065801335355
29460,Normal_Weight,1.2301759287630956
29461,Normal_Weight,2.062725610637321
29462,Normal_Weight,4.115554463946798
29463,Normal_Weight,3.4375288734017757
29464,Normal_Weight,3.4159269466856914
29465,Normal_Weight,0.3389293209424859
29466,Normal_Weight,0.6347503586512648
29467,Normal_Weight,1.996436572736942
29468,Normal_Weight,3.8551740260297795
29469,Normal_Weight,3.0322126814217354
29470,Normal_Weight,4.028241749111727
29471,Normal_Weight,2.8057699981139743
29472,Normal_Weight,2.5980042525637375
29473,Normal_Weight,1.0902093821655254
29474,Normal_Weight,2.7338342583323123
29475,Normal_Weight,3.3624157760120927
29476,Normal_Weight,0.48950321773124167
29477,Normal_Weight,3.871701855999043
29478,Normal_Weight,1.6812150750522514
29479,Normal_Weight,3.347622426843299
29480,Normal_Weight,1.93871075636218
29481,Normal_Weight,2.119815458052823
29482,Normal_Weight,2.064641561857534
29483,Normal_Weight,4.057527268544406
29484,Normal_Weight,3.0457116539100912
29485,Normal_Weight,6.308048482802797
29486,Normal_Weight,3.101666463321235
29487,Normal_Weight,4.38464451862977
29488,Normal_Weight,4.011857838764746
29489,Normal_Weight,2.9632606426090464
29490,Normal_Weight,2.107585108272536
29491,Normal_Weight,4.0248419654738745
29492,Normal_Weight,2.6115646891174853
29493,Normal_Weight,2.9866068615249204
29494,Normal_Weight,4.63058699626109
29495,Normal_Weight,2.199938036210829
29496,Normal_Weight,3.8871095848788357
29497,Normal_Weight,2.6803266495372533
29498,Normal_Weight,0.02455787719688435
29499,Normal_Weight,1.2917531270825837
29500,Normal_Weight,0.16444692918597795
29501,Normal_Weight,5.355917280324203
29502,Normal_Weight,3.2011215884292756
29503,Normal_Weight,3.9563602378972207
29504,Normal_Weight,1.5800429668411167
29505,Normal_Weight,0.0810516382018918
29506,Normal_Weight,3.820940187127455
29507,Normal_Weight,3.8541083835774907
29508,Normal_Weight,4.0248419654738745
29509,Normal_Weight,5.060564709138532
29510,Normal_Weight,0.768127944051119
29511,Normal_Weight,4.006255123105863
29512,Normal_Weight,0.5691904521396347
29513,Normal_Weight,6.1421447985789985
29514,Normal_Weight,3.1912740580494146
29515,Normal_Weight,4.200947905463053
29516,Normal_Weight,3.4767185392775057
29517,Normal_Weight,0.420656844139323
29518,Normal_Weight,4.030975074768159
29519,Normal_Weight,3.566517356202614
29520,Normal_Weight,2.1613324043819344
29521,Normal_Weight,4.081552507516853
29522,Normal_Weight,2.560475687713671
29523,Normal_Weight,2.01460965579896
29524,Normal_Weight,4.696443007154292
29525,Normal_Weight,0.11711254415699224
29526,Normal_Weight,1.3902634144013912
29527,Normal_Weight,0.12545617391425865
29528,Normal_Weight,5.112540354530201
29529,Normal_Weight,0.20224606734282485
29530,Normal_Weight,0.0117647108952383
29531,Normal_Weight,3.176765162116346
29532,Normal_Weight,3.19329376775493
29533,Normal_Weight,4.929311608801274
29534,Normal_Weight,3.3583756626764787
29535,Normal_Weight,1.8112627546637414
29536,Normal_Weight,5.176918198418123
29537,Normal_Weight,2.6187749432117924
29538,Normal_Weight,0.5732489578843522
29539,Normal_Weight,2.3058237944979263
29540,Normal_Weight,4.173680570655015
29541,Normal_Weight,3.2229074167387566
29542,Normal_Weight,2.383748010065388
29543,Normal_Weight,0.04885447386933489
29544,Normal_Weight,3.3409620821253108
29545,Normal_Weight,3.962026534138131
29546,Normal_Weight,4.822550381552614
29547,Normal_Weight,5.544827497621472
29548,Normal_Weight,2.2969509058259217
29549,Normal_Weight,3.1390274502243423
29550,Normal_Weight,0.4207704519216179
29551,Normal_Weight,-0.29762954033931815
29552,Normal_Weight,3.2333255903107547
29553,Normal_Weight,2.818445126775102
29554,Normal_Weight,4.200323931871155
29555,Normal_Weight,4.006202655382015
29556,Normal_Weight,3.9730132494669914
29557,Normal_Weight,1.2297836585872841
29558,Normal_Weight,4.02227223520999
29559,Normal_Weight,0.44821680873932856
29560,Normal_Weight,3.078711031905852
29561,Normal_Weight,1.4033652610537721
29562,Normal_Weight,0.19863944546869058
29563,Normal_Weight,3.456931268966138
29564,Normal_Weight,0.6440226882707353
29565,Normal_Weight,3.9752820449646147
29566,Normal_Weight,2.8138692444658346
29567,Normal_Weight,3.8402707049937916
29568,Normal_Weight,4.091603707426997
29569,Normal_Weight,5.09313571185363
29570,Normal_Weight,3.583333912321087
29571,Normal_Weight,4.006202655382015
29572,Normal_Weight,1.6336734292004498
29573,Normal_Weight,0.24395439601506275
29574,Normal_Weight,3.3758146427947753
29575,Normal_Weight,3.5643827381811986
29576,Normal_Weight,3.3945127120376304
29577,Normal_Weight,6.303953205079979
29578,Normal_Weight,1.0825601408503045
29579,Normal_Weight,1.447262451340454
29580,Normal_Weight,0.519973153974114
29581,Normal_Weight,5.092731136877378
29582,Normal_Weight,2.4179206569934864
29583,Normal_Weight,4.918586587221442
29584,Normal_Weight,3.2589719253111276
29585,Normal_Weight,0.9379538765268264
29586,Normal_Weight,0.12899016492437024
29587,Normal_Weight,5.687775754377303
29588,Normal_Weight,3.148016467477461
29589,Normal_Weight,2.9019383642581524
29590,Normal_Weight,4.7000190838144
29591,Normal_Weight,2.658272621415497
29592,Normal_Weight,1.3887702292645372
29593,Normal_Weight,2.2662693798067197
29594,Normal_Weight,3.391017308160262
29595,Normal_Weight,4.006202655382015
29596,Normal_Weight,1.8921909150810126
29597,Normal_Weight,0.65385715159363
29598,Normal_Weight,5.278399882878909
29599,Normal_Weight,5.424223050016508
29600,Normal_Weight,5.080124007843027
29601,Normal_Weight,3.190172298529115
29602,Normal_Weight,6.134753024882827
29603,Normal_Weight,3.91123368713129
29604,Normal_Weight,0.8043579684098751
29605,Normal_Weight,4.129124308456908
29606,Normal_Weight,6.447796518687815
29607,Normal_Weight,4.0248419654738745
29608,Normal_Weight,0.19509552521911389
29609,Normal_Weight,3.2667942880490686
29610,Normal_Weight,2.660224654229699
29611,Normal_Weight,3.1531168565487975
29612,Normal_Weight,4.5227664857811245
29613,Normal_Weight,4.066935503870566
29614,Normal_Weight,3.340298352411746
29615,Normal_Weight,4.809068198718576
29616,Normal_Weight,3.974195616735653
29617,Normal_Weight,0.5231702126344521
29618,Normal_Weight,5.003801533321787
29619,Normal_Weight,3.2145193988667136
29620,Normal_Weight,6.289919787751045
29621,Normal_Weight,3.334785820516825
29622,Normal_Weight,2.916055390531061
29623,Normal_Weight,4.011427918111401
29624,Normal_Weight,5.29411438097259
29625,Normal_Weight,5.63799553323465
29626,Normal_Weight,1.8506101200999892
29627,Normal_Weight,0.39473339463495044
29628,Normal_Weight,0.48232233893459203
29629,Normal_Weight,4.062731211826812
29630,Normal_Weight,3.9792941961627606
29631,Normal_Weight,2.736076370017935
29632,Normal_Weight,3.997533862352213
29633,Normal_Weight,0.8663969930390439
29634,Normal_Weight,0.41674010419452645
29635,Normal_Weight,0.4913677065594615
29636,Normal_Weight,5.435812658709623
29637,Normal_Weight,1.3461681961576393
29638,Normal_Weight,2.7228485761686656
29639,Normal_Weight,3.4683205456714488
29640,Normal_Weight,3.9913604773334788
29641,Normal_Weight,2.859902434394027
29642,Normal_Weight,5.155748223202454
29643,Normal_Weight,4.063781928403623
29644,Normal_Weight,3.9874546644417945
29645,Normal_Weight,1.7050879137751478
29646,Normal_Weight,3.2545226410427603
29647,Normal_Weight,2.82227451125474
29648,Normal_Weight,3.014230695302804
29649,Normal_Weight,1.5765929479241518
29650,Normal_Weight,3.3032695624305113
29651,Normal_Weight,3.2388196826956426
29652,Normal_Weight,4.023328375473592
29653,Normal_Weight,4.021981772356822
29654,Normal_Weight,3.994690730518887
29655,Normal_Weight,5.502652642102032
29656,Normal_Weight,5.627711529236847
29657,Normal_Weight,4.009080894923368
29658,Normal_Weight,1.2914474104356637
29659,Normal_Weight,2.9260399137596576
29660,Normal_Weight,4.06540514873533
29661,Normal_Weight,4.0248419654738745
29662,Normal_Weight,3.927893427898272
29663,Normal_Weight,4.845980833701475
29664,Normal_Weight,0.7084193316379161
29665,Normal_Weight,5.87574619683866
29666,Normal_Weight,5.402038555171358
29667,Normal_Weight,4.081552507516853
29668,Normal_Weight,2.5260988969251366
29669,Normal_Weight,2.1896702341456087
29670,Normal_Weight,2.147006288335648
29671,Normal_Weight,2.425591655020436
29672,Normal_Weight,2.1922397054451404
29673,Normal_Weight,5.798979023567747
29674,Normal_Weight,2.2870993027289854
29675,Normal_Weight,3.3141924370845235
29676,Normal_Weight,2.0087371424157108
29677,Normal_Weight,3.221136711996495
29678,Normal_Weight,3.948704462048179
29679,Normal_Weight,4.063817232322355
29680,Normal_Weight,1.6445671320462347
29681,Normal_Weight,0.35587835569362897
29682,Normal_Weight,3.256226855444676
29683,Normal_Weight,5.882624706032319
29684,Normal_Weight,0.08166793559135789
29685,Normal_Weight,1.3978886077266575
29686,Normal_Weight,5.477523791279326
29687,Normal_Weight,5.351695889776612
29688,Normal_Weight,5.686008917815635
29689,Normal_Weight,4.895662220550082
29690,Normal_Weight,4.010757998721402
29691,Normal_Weight,4.701335707889414
29692,Normal_Weight,3.494853685254859
29693,Normal_Weight,6.6619193432523485
29694,Normal_Weight,4.018951038607295
29695,Normal_Weight,4.253464357992662
29696,Normal_Weight,5.17645982947243
29697,Normal_Weight,2.749143392493185
29698,Normal_Weight,4.055996913409169
29699,Normal_Weight,3.2800687857605566
29700,Normal_Weight,6.111635309437393
29701,Normal_Weight,3.867679676054038
29702,Normal_Weight,0.42157119551717476
29703,Normal_Weight,3.2245068611333134
29704,Normal_Weight,5.580937937579544
29705,Normal_Weight,2.0459583836845123
29706,Normal_Weight,3.54448141569777
29707,Normal_Weight,3.335430495760189
29708,Normal_Weight,2.6859114925415994
29709,Normal_Weight,5.018686031432761
29710,Normal_Weight,0.841132834199845
29711,Normal_Weight,3.398775093546259
29712,Normal_Weight,4.671260530547863
29713,Normal_Weight,4.964080119906433
29714,Normal_Weight,5.103824337171979
29715,Normal_Weight,-0.1559793260729543
29716,Normal_Weight,1.4934963991561507
29717,Normal_Weight,3.161406420929882
29718,Normal_Weight,4.064186102259
29719,Normal_Weight,3.3068632933969777
29720,Normal_Weight,0.969834492505018
29721,Normal_Weight,4.006202655382015
29722,Normal_Weight,1.0924181287763266
29723,Normal_Weight,0.40676579422018855
29724,Normal_Weight,2.6358576653506054
29725,Normal_Weight,2.9587328414419707
29726,Normal_Weight,4.2141545702343866
29727,Normal_Weight,0.48734649512354616
29728,Normal_Weight,0.3166110234254431
29729,Normal_Weight,4.918639779893681
29730,Normal_Weight,1.246941679331522
29731,Normal_Weight,0.8029990076456915
29732,Normal_Weight,2.7565033696713717
29733,Normal_Weight,6.226298487525501
29734,Normal_Weight,1.525264881079609
29735,Normal_Weight,5.259049179083704
29736,Normal_Weight,5.646454619994938
29737,Normal_Weight,6.339166399716834
29738,Normal_Weight,1.8442512547325873
29739,Normal_Weight,1.623613449269606
29740,Normal_Weight,3.0344875061386336
29741,Normal_Weight,2.760104377510643
29742,Normal_Weight,4.037898918584411
29743,Normal_Weight,5.013784861342416
29744,Normal_Weight,5.559811846154529
29745,Normal_Weight,5.451158559537296
29746,Normal_Weight,3.1721057978246265
29747,Normal_Weight,0.9122555905372366
29748,Normal_Weight,5.811039616023231
29749,Normal_Weight,3.157688909288945
29750,Normal_Weight,4.175528530633664
29751,Normal_Weight,2.9559702497711786
29752,Normal_Weight,2.9196636052025564
29753,Normal_Weight,4.0856970880143235
29754,Normal_Weight,2.2802295823980065
29755,Normal_Weight,3.3234531137538794
29756,Normal_Weight,4.352310060169645
29757,Normal_Weight,2.5937655363222683
29758,Normal_Weight,4.028195863815885
29759,Normal_Weight,2.2362865545431987
29760,Normal_Weight,4.054487900418308
29761,Normal_Weight,4.510634453098965
29762,Normal_Weight,0.49668780488617
29763,Normal_Weight,3.904111630734219
29764,Normal_Weight,4.0248419654738745
29765,Normal_Weight,1.7431897138576629
29766,Normal_Weight,4.4723373004780544
29767,Normal_Weight,4.011427918111401
29768,Normal_Weight,5.840868466634374
29769,Normal_Weight,3.9266004993807337
29770,Normal_Weight,2.7024232662177328
29771,Normal_Weight,0.8715323024142047
29772,Normal_Weight,4.336327733737631
29773,Normal_Weight,1.4934475306309896
29774,Normal_Weight,3.155230441011426
29775,Normal_Weight,3.0713319456819153
29776,Normal_Weight,4.0703241450036325
29777,Normal_Weight,3.233563528937068
29778,Normal_Weight,2.864764711069885
29779,Normal_Weight,3.2564183429684106
29780,Normal_Weight,3.961121121277451
29781,Normal_Weight,3.453489489591241
29782,Normal_Weight,4.3932822873827835
29783,Normal_Weight,1.7487973819438372
29784,Normal_Weight,2.528713280598414
29785,Normal_Weight,5.524682518132233
29786,Normal_Weight,4.072753025416852
29787,Normal_Weight,2.995825603981965
29788,Normal_Weight,4.092683907799559
29789,Normal_Weight,2.844825909143681
29790,Normal_Weight,0.22133607637747918
29791,Normal_Weight,4.031101942228779
29792,Normal_Weight,5.434174233617888
29793,Normal_Weight,3.445052304563088
29794,Normal_Weight,2.780593423877212
29795,Normal_Weight,4.967041826678628
29796,Normal_Weight,1.557628214442821
29797,Normal_Weight,3.1886199687171533
29798,Normal_Weight,4.00827434264446
29799,Normal_Weight,6.218441887816143
29800,Normal_Weight,1.4713552364521743
29801,Normal_Weight,2.7090284639254434
29802,Normal_Weight,0.24363715170835046
29803,Normal_Weight,3.9877624501768985
29804,Normal_Weight,3.997205842660711
29805,Normal_Weight,5.099487031675095
29806,Normal_Weight,4.811631995508249
29807,Normal_Weight,1.3994364459143125
29808,Normal_Weight,3.385211663120931
29809,Normal_Weight,3.1863036720721483
29810,Normal_Weight,0.392756165640946
29811,Normal_Weight,4.733909826380386
29812,Normal_Weight,0.6207911538015206
29813,Normal_Weight,1.1335335566526634
29814,Normal_Weight,3.1313196465912134
29815,Normal_Weight,4.709893752255981
29816,Normal_Weight,3.2167096489065576
29817,Normal_Weight,5.649543047567617
29818,Normal_Weight,3.251276627526338
29819,Normal_Weight,3.960897657882535
29820,Normal_Weight,2.7935805771944264
29821,Normal_Weight,5.321044595802373
29822,Normal_Weight,3.264000921762367
29823,Normal_Weight,4.059225429431744
29824,Normal_Weight,5.682092056897895
29825,Normal_Weight,3.4939608702932223
29826,Normal_Weight,3.1942550805963887
29827,Normal_Weight,5.048179120070319
29828,Normal_Weight,1.2995894694206331
29829,Normal_Weight,0.2915867475993262
29830,Normal_Weight,4.211411275507334
29831,Normal_Weight,0.44693605359531685
29832,Normal_Weight,3.223500122565687
29833,Normal_Weight,1.848522144447323
29834,Normal_Weight,1.1333945518711466
29835,Normal_Weight,5.6492656996883746
29836,Normal_Weight,-0.013813898393475414
29837,Normal_Weight,1.3768569881921289
29838,Normal_Weight,4.004470228762792
29839,Normal_Weight,5.276660054053583
29840,Normal_Weight,1.3925042810135415
29841,Normal_Weight,0.8529813916128415
29842,Normal_Weight,6.813442061631695
29843,Normal_Weight,1.175772193648892
29844,Normal_Weight,3.231455707982262
29845,Normal_Weight,1.2537684284271686
29846,Normal_Weight,0.29931578653343105
29847,Normal_Weight,4.213323395006478
29848,Normal_Weight,2.757163453385076
29849,Normal_Weight,5.6299825341886
29850,Normal_Weight,4.789877972300068
29851,Normal_Weight,4.996525732318449
29852,Normal_Weight,3.1183783512193615
29853,Normal_Weight,4.1821781860246805
29854,Normal_Weight,3.066767208849953
29855,Normal_Weight,3.956383397628084
29856,Normal_Weight,2.880797688880675
29857,Normal_Weight,3.956323110743951
29858,Normal_Weight,3.3538686201637136
29859,Normal_Weight,6.146910524787134
29860,Normal_Weight,3.2052198960605
29861,Normal_Weight,2.79068343929118
29862,Normal_Weight,0.08690292812687771
29863,Normal_Weight,0.26084309178268783
29864,Normal_Weight,5.688755547520066
29865,Normal_Weight,0.06838837715537596
29866,Normal_Weight,0.392169389458347
29867,Normal_Weight,0.15148987657300494
29868,Normal_Weight,0.38889273207252056
29869,Normal_Weight,4.028879267209184
29870,Normal_Weight,4.142580022541884
29871,Normal_Weight,3.834097390327127
29872,Normal_Weight,2.7494110759700736
29873,Normal_Weight,5.5930067178529
29874,Normal_Weight,5.5062667258547435
29875,Normal_Weight,0.3067606091480749
29876,Normal_Weight,3.0237423160980135
29877,Normal_Weight,2.4317766119971265
29878,Normal_Weight,2.738466161974181
29879,Normal_Weight,4.006493118235189
29880,Normal_Weight,3.3498118966427746
29881,Normal_Weight,3.22008885793452
29882,Normal_Weight,3.4670179104636407
29883,Normal_Weight,4.878698080292372
29884,Normal_Weight,0.296973243446588
29885,Normal_Weight,3.1946376475391722
29886,Normal_Weight,3.714973400701166
29887,Normal_Weight,4.011427918111401
29888,Normal_Weight,4.0248419654738745
29889,Normal_Weight,4.0256720188478425
29890,Normal_Weight,0.41370604900050023
29891,Normal_Weight,0.24124021264432996
29892,Normal_Weight,1.4909310595448175
29893,Normal_Weight,5.0489187987287165
29894,Normal_Weight,4.105613230708325
29895,Normal_Weight,2.7547114455765165
29896,Normal_Weight,4.044184461479078
29897,Normal_Weight,0.0636853510631421
29898,Normal_Weight,3.2726275295014315
29899,Normal_Weight,1.0955181049649283
29900,Normal_Weight,1.827033168526377
29901,Normal_Weight,1.043760026210232
29902,Normal_Weight,1.2044697907925814
29903,Normal_Weight,2.742428524413752
29904,Normal_Weight,4.372924528729227
29905,Normal_Weight,0.8555096505654877
29906,Normal_Weight,3.101237476064994
29907,Normal_Weight,2.9953364726906537
29908,Normal_Weight,3.7632524516247843
29909,Normal_Weight,3.1725334254783397
29910,Normal_Weight,3.9667745126204426
29911,Normal_Weight,4.156511278421219
29912,Normal_Weight,2.8367386750901074
29913,Normal_Weight,3.4021016902600794
29914,Normal_Weight,2.5332299065846953
29915,Normal_Weight,4.011857838764746
29916,Normal_Weight,2.475104157360233
29917,Normal_Weight,2.7634045215517413
29918,Normal_Weight,0.9109355391834698
29919,Normal_Weight,3.0261500108134776
29920,Normal_Weight,5.189226038709159
29921,Normal_Weight,4.031101942228779
29922,Normal_Weight,6.336892835536073
29923,Normal_Weight,1.368643387470935
29924,Normal_Weight,3.8347671638068426
29925,Normal_Weight,4.081552507516853
29926,Normal_Weight,2.219702752363377
29927,Normal_Weight,0.13374689689435454
29928,Normal_Weight,5.175591921696448
29929,Normal_Weight,0.4676784179686753
29930,Normal_Weight,3.3995467821461465
29931,Normal_Weight,0.5707369434832836
29932,Normal_Weight,1.408001355168964
29933,Normal_Weight,3.0726958373754822
29934,Normal_Weight,2.983112205257505
29935,Normal_Weight,0.2525545447736088
29936,Normal_Weight,4.028532211964895
29937,Normal_Weight,0.8010319845365859
29938,Normal_Weight,4.616664732490174
29939,Normal_Weight,3.0685787404413567
29940,Normal_Weight,3.9047226028263173
29941,Normal_Weight,5.595861889904315
29942,Normal_Weight,4.1484906340882555
29943,Normal_Weight,4.046754191742962
29944,Normal_Weight,0.11544301646394269
29945,Normal_Weight,0.7397366620534932
29946,Normal_Weight,3.1285154915766635
29947,Normal_Weight,5.968203326933352
29948,Normal_Weight,3.2306283495518917
29949,Normal_Weight,3.389778229479121
29950,Normal_Weight,1.4923440533727705
29951,Normal_Weight,5.143057163229241
29952,Normal_Weight,4.161454334182551
29953,Normal_Weight,5.723574106712153
29954,Normal_Weight,2.870534162179404
29955,Normal_Weight,4.003632925118131
29956,Normal_Weight,2.0388907803151715
29957,Normal_Weight,2.4898971783240103
29958,Normal_Weight,1.1471666532826839
29959,Normal_Weight,3.1046821655639816
29960,Normal_Weight,3.521209531165517
29961,Normal_Weight,2.7208797514674252
29962,Normal_Weight,0.829691726570422
29963,Normal_Weight,4.104091446044947
29964,Normal_Weight,3.868840052360786
29965,Normal_Weight,3.4571860975360553
29966,Normal_Weight,3.3641361298542214
29967,Normal_Weight,3.9692040185778144
29968,Normal_Weight,3.2427539880546057
29969,Normal_Weight,1.7849680778660568
29970,Normal_Weight,0.12123211232861175
29971,Normal_Weight,3.5904549587751484
29972,Normal_Weight,2.6649207388452263
29973,Normal_Weight,4.0979719138449395
29974,Normal_Weight,6.187656624747057
29975,Normal_Weight,1.7152953037792713
29976,Normal_Weight,2.3872291213670858
29977,Normal_Weight,1.130719198454251
29978,Normal_Weight,5.901441823160175
29979,Normal_Weight,4.163887815618609
29980,Normal_Weight,4.439539273039547
29981,Normal_Weight,4.1524077588165005
29982,Normal_Weight,3.1140671947951812
29983,Normal_Weight,0.3204334912326385
29984,Normal_Weight,4.107369578692367
29985,Normal_Weight,0.10595170187801942
29986,Normal_Weight,2.8563525404941
29987,Normal_Weight,6.564251902124857
29988,Normal_Weight,1.9214990227034086
29989,Normal_Weight,0.8967947449316122
29990,Normal_Weight,2.6107777243512387
29991,Normal_Weight,3.996451477163097
29992,Normal_Weight,1.3265092819201325
29993,Normal_Weight,0.33343905339664376
29994,Normal_Weight,3.7016578568269005
29995,Normal_Weight,4.865524481711135
29996,Normal_Weight,4.009062848499073
29997,Normal_Weight,5.493671195600104
29998,Normal_Weight,3.870532960512312
29999,Normal_Weight,0.01975138493962329
30000,Normal_Weight,4.009062848499073
30001,Normal_Weight,4.030975074768159
30002,Normal_Weight,0.973906095378626
30003,Normal_Weight,2.0921162639339865
30004,Normal_Weight,3.181942487944562
30005,Normal_Weight,4.006493118235189
30006,Normal_Weight,3.1978455103072356
30007,Normal_Weight,4.0299591981851
30008,Normal_Weight,0.10707151713369825
30009,Normal_Weight,5.007747223466172
30010,Normal_Weight,3.7015654267706806
30011,Normal_Weight,3.231884667026964
30012,Normal_Weight,0.7270592370179055
30013,Normal_Weight,4.0155064847120725
30014,Normal_Weight,3.9753630316328947
30015,Normal_Weight,5.078859259805813
30016,Normal_Weight,0.8270935839749991
30017,Normal_Weight,3.9495420241331436
30018,Normal_Weight,1.9839999551618506
30019,Normal_Weight,2.568030965201069
30020,Normal_Weight,4.028241749111727
30021,Normal_Weight,0.7085434758317871
30022,Normal_Weight,3.7267501068554183
30023,Normal_Weight,5.22600104545588
30024,Normal_Weight,1.473481232749674
30025,Normal_Weight,1.2146584152850173
30026,Normal_Weight,4.409366494229081
30027,Normal_Weight,3.977638867558247
30028,Normal_Weight,3.925475615700079
30029,Normal_Weight,4.5899278971473105
30030,Normal_Weight,3.955125678786267
30031,Normal_Weight,3.948177823901105
30032,Normal_Weight,2.546822965760467
30033,Normal_Weight,1.1138248923022473
30034,Normal_Weight,0.6029260899463229
30035,Normal_Weight,2.3027932702928036
30036,Normal_Weight,2.0893446797296984
30037,Normal_Weight,0.28151298833459604
30038,Normal_Weight,1.0694387984633047
30039,Normal_Weight,2.5681268788809675
30040,Normal_Weight,5.407477409851312
30041,Normal_Weight,4.32864616441609
30042,Normal_Weight,4.759998263278411
30043,Normal_Weight,4.0248419654738745
30044,Normal_Weight,3.185783980172591
30045,Normal_Weight,2.8678919844531983
30046,Normal_Weight,3.248002172521216
30047,Normal_Weight,4.062408119390537
30048,Normal_Weight,4.0945012068578786
30049,Normal_Weight,0.2210504598948564
30050,Normal_Weight,5.829501124402743
30051,Normal_Weight,5.347863147544768
30052,Normal_Weight,0.12652475975402538
30053,Normal_Weight,4.92508643208647
30054,Normal_Weight,1.3195788892625369
30055,Normal_Weight,3.9802008362136774
30056,Normal_Weight,4.070521168605008
30057,Normal_Weight,4.016188588236525
30058,Normal_Weight,3.1453945387811393
30059,Normal_Weight,0.8881260663567192
30060,Normal_Weight,4.07839893204991
30061,Normal_Weight,2.3956046416144505
30062,Normal_Weight,3.5403061348749496
30063,Normal_Weight,5.458956727969743
30064,Normal_Weight,3.01011480197314
30065,Normal_Weight,5.3623558555788335
30066,Normal_Weight,5.142011382956857
30067,Normal_Weight,5.434008599599358
30068,Normal_Weight,5.347408699527481
30069,Normal_Weight,4.862763757343607
30070,Normal_Weight,0.7821810453004301
30071,Normal_Weight,2.620697443988659
30072,Normal_Weight,0.8573659951998849
30073,Normal_Weight,6.010565347961773
30074,Normal_Weight,4.723041060095439
30075,Normal_Weight,3.30869650619492
30076,Normal_Weight,1.0916456376817225
30077,Normal_Weight,5.111735429996201
30078,Normal_Weight,0.7350561245356951
30079,Normal_Weight,2.79214988024162
30080,Normal_Weight,3.8912721414983262
30081,Normal_Weight,0.29387063158891663
30082,Normal_Weight,5.150984805076707
30083,Normal_Weight,3.077648001571519
30084,Normal_Weight,5.543954165178537
30085,Normal_Weight,5.6992450839998545
30086,Normal_Weight,2.6714411532692095
30087,Normal_Weight,3.14232912607656
30088,Normal_Weight,4.170725467706987
30089,Normal_Weight,5.89061451817282
30090,Normal_Weight,-0.03773202775208012
30091,Normal_Weight,4.019412042092938
30092,Normal_Weight,3.032037262451257
30093,Normal_Weight,4.207044177314362
30094,Normal_Weight,5.165084170377789
30095,Normal_Weight,4.085519752048775
30096,Normal_Weight,5.504757469139672
30097,Normal_Weight,5.206780370963953
30098,Normal_Weight,0.5209867709691335
30099,Normal_Weight,5.275374780366703
30100,Normal_Weight,1.0037270485168395
30101,Normal_Weight,1.5652670611606212
30102,Normal_Weight,3.931294761671777
30103,Normal_Weight,3.431328701999763
30104,Normal_Weight,0.4786608105919523
30105,Normal_Weight,3.202396613317532
30106,Normal_Weight,4.559010330946939
30107,Normal_Weight,3.297239658430673
30108,Normal_Weight,2.7317548499313595
30109,Normal_Weight,4.009062848499073
30110,Normal_Weight,3.6124140194014434
30111,Normal_Weight,5.553890955328517
30112,Normal_Weight,4.867319478548761
30113,Normal_Weight,2.790033678043179
30114,Normal_Weight,4.03558571863484
30115,Normal_Weight,3.820490273904916
30116,Normal_Weight,3.1285400943005954
30117,Normal_Weight,0.2328738701387889
30118,Normal_Weight,5.5192502497855935
30119,Normal_Weight,2.6324458395845327
30120,Normal_Weight,2.3901823254823293
30121,Normal_Weight,5.012640482922132
30122,Normal_Weight,3.990548014437876
30123,Normal_Weight,2.5135876827343973
30124,Normal_Weight,4.009062848499073
30125,Normal_Weight,5.179894365014544
30126,Normal_Weight,4.934731854022687
30127,Normal_Weight,4.171772451401089
30128,Normal_Weight,5.544531878307009
30129,Normal_Weight,2.6984446183703703
30130,Normal_Weight,6.143207892908286
30131,Normal_Weight,0.305338606645251
30132,Normal_Weight,3.104449471100851
30133,Normal_Weight,4.098558878534317
30134,Normal_Weight,0.5497811750098451
30135,Normal_Weight,2.954487186744593
30136,Normal_Weight,1.1162301317695866
30137,Normal_Weight,4.094833007426966
30138,Normal_Weight,1.91408869072692
30139,Normal_Weight,4.009062848499073
30140,Normal_Weight,2.6531210815874413
30141,Normal_Weight,2.952084767832407
30142,Normal_Weight,2.7657040920202265
30143,Normal_Weight,5.538374627569851
30144,Normal_Weight,4.010757998721402
30145,Normal_Weight,4.026052465084576
30146,Normal_Weight,0.4868625046480665
30147,Normal_Weight,4.461411027168769
30148,Normal_Weight,3.288636840684946
30149,Normal_Weight,4.046754191742962
30150,Normal_Weight,3.215412703905364
30151,Normal_Weight,2.773859777224432
30152,Normal_Weight,2.0125102218220823
30153,Normal_Weight,5.520735218940046
30154,Normal_Weight,5.740803613671618
30155,Normal_Weight,6.0350449637450065
30156,Normal_Weight,1.5663018849405959
30157,Normal_Weight,4.430870234678842
30158,Normal_Weight,3.050465958243082
30159,Normal_Weight,6.714230811765466
30160,Normal_Weight,0.2771783462010483
30161,Normal_Weight,4.009062848499073
30162,Normal_Weight,1.5790592423545469
30163,Normal_Weight,0.2582263801650153
30164,Normal_Weight,5.628064295381049
30165,Normal_Weight,4.066648743823806
30166,Normal_Weight,0.11284183788548542
30167,Normal_Weight,4.484435393220031
30168,Normal_Weight,3.4654310985265115
30169,Normal_Weight,3.1347359558107777
30170,Normal_Weight,4.630944226547706
30171,Normal_Weight,2.664348964246205
30172,Normal_Weight,5.109975110416651
30173,Normal_Weight,0.13534055795986905
30174,Normal_Weight,4.100503722940465
30175,Normal_Weight,0.5297380824719244
30176,Normal_Weight,0.46069761902682016
30177,Normal_Weight,5.377851681764956
30178,Normal_Weight,2.708266631198029
30179,Normal_Weight,4.053014168497866
30180,Normal_Weight,3.9334669293664013
30181,Normal_Weight,1.0224571785628873
30182,Normal_Weight,0.25550379683941576
30183,Normal_Weight,5.423925416061686
30184,Normal_Weight,5.951782630922872
30185,Normal_Weight,3.1896810594844744
30186,Normal_Weight,4.0856970880143235
30187,Normal_Weight,4.633868277222537
30188,Normal_Weight,4.009062848499073
30189,Normal_Weight,1.0558244449013023
30190,Normal_Weight,1.3326451970798339
30191,Normal_Weight,2.4025058077601593
30192,Normal_Weight,2.662711195523711
30193,Normal_Weight,4.97862199411765
30194,Normal_Weight,2.9208277312917406
30195,Normal_Weight,5.008857590170264
30196,Normal_Weight,3.9410624336355684
30197,Normal_Weight,0.867970315458429
30198,Normal_Weight,5.317457901980456
30199,Normal_Weight,-0.010822986326350469
30200,Normal_Weight,1.254445910796263
30201,Normal_Weight,5.437894635813848
30202,Normal_Weight,3.9625263329948535
30203,Normal_Weight,0.03862854622928133
30204,Normal_Weight,0.9426854368764634
30205,Normal_Weight,3.177457650478711
30206,Normal_Weight,5.248841140764269
30207,Normal_Weight,4.093047393063303
30208,Normal_Weight,3.980406418584044
30209,Normal_Weight,3.625225937653298
30210,Normal_Weight,4.010966689177274
30211,Normal_Weight,1.4025652359464955
30212,Normal_Weight,4.0105226755718775
30213,Normal_Weight,5.236794661683158
30214,Normal_Weight,5.154973066428793
30215,Normal_Weight,3.184169190729041
30216,Normal_Weight,5.253051742348874
30217,Normal_Weight,4.108911102995101
30218,Normal_Weight,5.514631427324527
30219,Normal_Weight,5.962095856325909
30220,Normal_Weight,4.053014168497866
30221,Normal_Weight,4.159593649957003
30222,Normal_Weight,4.795998606629057
30223,Normal_Weight,0.3198488129996636
30224,Normal_Weight,0.3566840400303019
30225,Normal_Weight,3.374498425394722
30226,Normal_Weight,0.2504974717930265
30227,Normal_Weight,4.034865471912552
30228,Normal_Weight,4.998604614764982
30229,Normal_Weight,2.6602458347350257
30230,Normal_Weight,3.0481597278647605
30231,Normal_Weight,3.4304487916254787
30232,Normal_Weight,3.3346580833751878
30233,Normal_Weight,3.4022175298115647
30234,Normal_Weight,0.0012536044471758352
30235,Normal_Weight,0.26949179687417646
30236,Normal_Weight,0.747598824174586
30237,Normal_Weight,1.1485476130354204
30238,Normal_Weight,4.022562174442134
30239,Normal_Weight,2.6806494804852194
30240,Normal_Weight,1.501692718214607
30241,Normal_Weight,5.625475717145645
30242,Normal_Weight,2.5256182209233864
30243,Normal_Weight,5.113888059068084
30244,Normal_Weight,0.9210545654906074
30245,Normal_Weight,1.1536137304481382
30246,Normal_Weight,4.056040058457627
30247,Normal_Weight,3.275395712111159
30248,Normal_Weight,4.036014359243802
30249,Normal_Weight,4.530486509645201
30250,Normal_Weight,0.41390470283027814
30251,Normal_Weight,2.25256683251247
30252,Normal_Weight,3.966703391631628
30253,Normal_Weight,3.006486045804262
30254,Normal_Weight,3.2354074755356605
30255,Normal_Weight,2.7643722545705196
30256,Normal_Weight,3.1937397720850016
30257,Normal_Weight,2.646197769126581
30258,Normal_Weight,3.9783054499696595
30259,Normal_Weight,2.9448111574507916
30260,Normal_Weight,5.126054746374068
30261,Normal_Weight,3.3050313089478682
30262,Normal_Weight,0.04701882335964668
30263,Normal_Weight,3.1050986394653792
30264,Normal_Weight,1.1928212775216112
30265,Normal_Weight,3.0480546192517
30266,Normal_Weight,6.4233109854991275
30267,Normal_Weight,3.0180243601738597
30268,Normal_Weight,5.115065532472263
30269,Normal_Weight,0.8309041670493158
30270,Normal_Weight,4.909707437150226
30271,Normal_Weight,4.542558214761819
30272,Normal_Weight,3.0898889047252855
30273,Normal_Weight,4.079714058735435
30274,Normal_Weight,3.5859291821442203
30275,Normal_Weight,3.3471591211116762
30276,Normal_Weight,4.006202655382015
30277,Normal_Weight,4.402239738451391
30278,Normal_Weight,5.515442300179534
30279,Normal_Weight,5.974352470136288
30280,Normal_Weight,0.9540724822092892
30281,Normal_Weight,5.342164890833841
30282,Normal_Weight,3.2476062606731597
30283,Normal_Weight,2.9875278241594896
30284,Normal_Weight,0.09785255558472503
30285,Normal_Weight,6.069595482547571
30286,Normal_Weight,3.2914332394091765
30287,Normal_Weight,2.2484050402503555
30288,Normal_Weight,3.483645943702919
30289,Normal_Weight,4.700274852970219
30290,Normal_Weight,1.1328694423478436
30291,Normal_Weight,4.5571447733118875
30292,Normal_Weight,2.933063829244608
30293,Normal_Weight,4.547467881178291
30294,Normal_Weight,2.78661653612735
30295,Normal_Weight,3.054850086881009
30296,Normal_Weight,2.920558075356246
30297,Normal_Weight,3.9755813603586727
30298,Normal_Weight,4.529379684980323
30299,Normal_Weight,3.602363249814582
30300,Normal_Weight,6.13306823428843
30301,Normal_Weight,4.742284671058202
30302,Normal_Weight,4.053014168497866
30303,Normal_Weight,0.7328649127757442
30304,Normal_Weight,4.021687465294486
30305,Normal_Weight,3.324196518272034
30306,Normal_Weight,0.4257840922501094
30307,Normal_Weight,5.227332067662782
30308,Normal_Weight,4.47772897680104
30309,Normal_Weight,-0.005450553791102753
30310,Normal_Weight,1.1963497877421057
30311,Normal_Weight,4.639305324385496
30312,Normal_Weight,1.774373431244386
30313,Normal_Weight,0.5891672887598984
30314,Normal_Weight,3.1552448685818364
30315,Normal_Weight,4.449437927635655
30316,Normal_Weight,2.923543791000751
30317,Normal_Weight,0.17131345485242394
30318,Normal_Weight,2.968042361212627
30319,Normal_Weight,3.977972219066112
30320,Normal_Weight,0.1322942363822983
30321,Normal_Weight,3.277734991915288
30322,Normal_Weight,5.454174990773946
30323,Normal_Weight,6.073942372700246
30324,Normal_Weight,2.7071571927150067
30325,Normal_Weight,4.053723661211463
30326,Normal_Weight,3.9625263329948535
30327,Normal_Weight,5.04101315170122
30328,Normal_Weight,5.765581905568099
30329,Normal_Weight,4.785697422747019
30330,Normal_Weight,0.4937042037589398
30331,Normal_Weight,2.0182163754352977
30332,Normal_Weight,5.09886858827974
30333,Normal_Weight,3.2418603014730105
30334,Normal_Weight,3.373074764662165
30335,Normal_Weight,1.4750165989129596
30336,Normal_Weight,4.023328375473592
30337,Normal_Weight,0.6583494421630492
30338,Normal_Weight,3.7912815063509577
30339,Normal_Weight,3.980406418584044
30340,Normal_Weight,1.4643202491870195
30341,Normal_Weight,3.044962004709733
30342,Normal_Weight,0.18564255196379376
30343,Normal_Weight,3.8636864966338047
30344,Normal_Weight,3.1841282426189257
30345,Normal_Weight,2.5682522811759827
30346,Normal_Weight,3.391486688237404
30347,Normal_Weight,2.7802719956672823
30348,Normal_Weight,3.9217219495014777
30349,Normal_Weight,4.097482941141391
30350,Normal_Weight,3.142115001501538
30351,Normal_Weight,3.541818548492849
30352,Normal_Weight,4.6820997098799655
30353,Normal_Weight,4.0743487438608685
30354,Normal_Weight,0.9887159182137739
30355,Normal_Weight,4.006493118235189
30356,Normal_Weight,2.719054505021364
30357,Normal_Weight,2.9134160386009493
30358,Normal_Weight,0.1460495573558908
30359,Normal_Weight,1.9542857790391643
30360,Normal_Weight,5.870547650775282
30361,Normal_Weight,4.9543010095625375
30362,Normal_Weight,1.099635067642006
30363,Normal_Weight,3.771396020973661
30364,Normal_Weight,4.980307059051669
30365,Normal_Weight,4.013911574188344
30366,Normal_Weight,3.322377798222829
30367,Normal_Weight,3.9625263329948535
30368,Normal_Weight,2.5999045864520753
30369,Normal_Weight,6.168654393501895
30370,Normal_Weight,4.07839893204991
30371,Normal_Weight,1.0788558814753255
30372,Normal_Weight,3.601305578141048
30373,Normal_Weight,2.480353034726755
30374,Normal_Weight,3.7873833724790957
30375,Normal_Weight,5.8523269637892845
30376,Normal_Weight,3.285642931940817
30377,Normal_Weight,3.2672107533089814
30378,Normal_Weight,4.07839893204991
30379,Normal_Weight,3.3279210121834613
30380,Normal_Weight,5.803221184612352
30381,Normal_Weight,3.2260744571273468
30382,Normal_Weight,-0.9348841950968723
30383,Normal_Weight,0.15182424726509275
30384,Normal_Weight,0.23556578185968047
30385,Normal_Weight,0.6259630208624012
30386,Normal_Weight,0.9141629907665817
30387,Normal_Weight,4.973214074930692
30388,Normal_Weight,3.292255409178067
30389,Normal_Weight,1.0272203564215956
30390,Normal_Weight,4.202349680057094
30391,Normal_Weight,5.083454273674777
30392,Normal_Weight,3.298339896467076
30393,Normal_Weight,4.0856970880143235
30394,Normal_Weight,5.1971383951915815
30395,Normal_Weight,2.863694489741179
30396,Normal_Weight,5.8449049507252315
30397,Normal_Weight,4.613467382876219
30398,Normal_Weight,2.5892256910772633
30399,Normal_Weight,0.5718755652158436
30400,Normal_Weight,2.5395642823986013
30401,Normal_Weight,4.001508079858429
30402,Normal_Weight,3.287887608650133
30403,Normal_Weight,3.123978510753487
30404,Normal_Weight,2.8274426313894887
30405,Normal_Weight,0.6523002885470678
30406,Normal_Weight,2.5831340831322236
30407,Normal_Weight,3.861764403008316
30408,Normal_Weight,5.0268636733502685
30409,Normal_Weight,0.6297718149597042
30410,Normal_Weight,1.2312778360270131
30411,Normal_Weight,4.14945089709208
30412,Normal_Weight,3.2537434858504106
30413,Normal_Weight,4.000066035777767
30414,Normal_Weight,3.294337944166197
30415,Normal_Weight,0.6033860644178828
30416,Normal_Weight,0.17851142510881327
30417,Normal_Weight,6.029034211870427
30418,Normal_Weight,4.030975074768159
30419,Normal_Weight,3.1679930569199666
30420,Normal_Weight,0.4132049787125567
30421,Normal_Weight,0.8141768378496983
30422,Normal_Weight,4.0248419654738745
30423,Normal_Weight,2.3250944105545224
30424,Normal_Weight,4.0248419654738745
30425,Normal_Weight,0.8251690962938477
30426,Normal_Weight,5.8792994088268005
30427,Normal_Weight,5.024283913840034
30428,Normal_Weight,1.1795217192800034
30429,Normal_Weight,0.9159997875456409
30430,Normal_Weight,1.3840024667084823
30431,Normal_Weight,2.355542488869022
30432,Normal_Weight,5.470086927681109
30433,Normal_Weight,5.842671227262267
30434,Normal_Weight,1.1090471414250334
30435,Normal_Weight,4.87090538163792
30436,Normal_Weight,1.0743444830442481
30437,Normal_Weight,4.006202655382015
30438,Normal_Weight,2.2932501132935577
30439,Normal_Weight,5.520760779928163
30440,Normal_Weight,3.24286181850306
30441,Normal_Weight,4.053014168497866
30442,Normal_Weight,2.985975825918822
30443,Normal_Weight,0.23330391080466725
30444,Normal_Weight,4.031101942228779
30445,Normal_Weight,3.8339804805037447
30446,Normal_Weight,5.328321442177936
30447,Normal_Weight,1.0536985587560252
30448,Normal_Weight,3.5328039996566587
30449,Normal_Weight,4.053014168497866
30450,Normal_Weight,4.0248419654738745
30451,Normal_Weight,3.4168016950449904
30452,Normal_Weight,2.4812916730180006
30453,Normal_Weight,1.3913946534293729
30454,Normal_Weight,5.167281165158009
30455,Normal_Weight,2.8251065592432214
30456,Normal_Weight,0.5198936733940743
30457,Normal_Weight,4.435262926879525
30458,Normal_Weight,5.260499598722651
30459,Normal_Weight,2.7231913788915034
30460,Normal_Weight,2.7019350620723714
30461,Normal_Weight,0.39661533313367975
30462,Normal_Weight,3.9234213285219877
30463,Normal_Weight,4.0266352727171695
30464,Normal_Weight,1.4267114685691384
30465,Normal_Weight,2.174586530314233
30466,Normal_Weight,0.20098732237045464
30467,Normal_Weight,1.0840657774656601
30468,Normal_Weight,3.8460450273212334
30469,Normal_Weight,3.3428559676277096
30470,Normal_Weight,5.9413956486280535
30471,Normal_Weight,0.869877057559541
30472,Normal_Weight,-0.08897625536303316
30473,Normal_Weight,4.150660615268698
30474,Normal_Weight,0.13535470072291014
30475,Normal_Weight,3.1897705518695547
30476,Normal_Weight,3.2108614658808596
30477,Normal_Weight,2.779188995030933
30478,Normal_Weight,4.235559094430457
30479,Normal_Weight,3.9127451952506394
30480,Normal_Weight,3.5634070500794293
30481,Normal_Weight,6.063145253433885
30482,Normal_Weight,3.9458292241513906
30483,Normal_Weight,5.9293760940520785
30484,Normal_Weight,0.7123778216574548
30485,Normal_Weight,2.606204569946682
30486,Normal_Weight,4.0774458470765955
30487,Normal_Weight,3.9745019785893336
30488,Normal_Weight,5.422854251374813
30489,Normal_Weight,4.848420792671388
30490,Normal_Weight,4.020227638221682
30491,Normal_Weight,3.7045516082768866
30492,Normal_Weight,4.032561769301583
30493,Normal_Weight,2.1886250113930212
30494,Normal_Weight,3.3406500529813794
30495,Normal_Weight,0.5186931927038734
30496,Normal_Weight,1.1194104163836605
30497,Normal_Weight,0.39947034151290917
30498,Normal_Weight,4.924787183710386
30499,Normal_Weight,2.7453937655761997
30500,Normal_Weight,3.3691190983438886
30501,Normal_Weight,2.635371017259482
30502,Normal_Weight,0.09024565848419348
30503,Normal_Weight,4.031101942228779
30504,Normal_Weight,2.1473924751798616
30505,Normal_Weight,2.7698931067108
30506,Normal_Weight,5.740803613671618
30507,Normal_Weight,3.304635298031276
30508,Normal_Weight,3.0539816275270018
30509,Normal_Weight,3.9655790557238
30510,Normal_Weight,5.266070227485356
30511,Normal_Weight,2.983719298832517
30512,Normal_Weight,1.428007361589662
30513,Normal_Weight,4.293335441157841
30514,Normal_Weight,2.457684071789569
30515,Normal_Weight,5.759264551978263
30516,Normal_Weight,3.334769437432321
30517,Normal_Weight,3.220983015663233
30518,Normal_Weight,4.286758875168804
30519,Normal_Weight,5.795541413844677
30520,Normal_Weight,2.140674268144012
30521,Normal_Weight,2.7452241455771205
30522,Normal_Weight,3.0668227927327676
30523,Normal_Weight,6.014366977686708
30524,Normal_Weight,4.0905812087153475
30525,Normal_Weight,2.260094906984085
30526,Normal_Weight,2.330265267314329
30527,Normal_Weight,5.635059416603044
30528,Normal_Weight,2.9760164227395203
30529,Normal_Weight,6.462750278918493
30530,Normal_Weight,3.0699099370428655
30531,Normal_Weight,5.516953727712879
30532,Normal_Weight,4.007843827552566
30533,Normal_Weight,2.6005909447368007
30534,Normal_Weight,3.8951139974403732
30535,Normal_Weight,2.5310674148723895
30536,Normal_Weight,5.468979393832441
30537,Normal_Weight,4.104508553921028
30538,Normal_Weight,3.0397127371074553
30539,Normal_Weight,0.43783177115955463
30540,Normal_Weight,3.0634143004921706
30541,Normal_Weight,3.376338580140715
30542,Normal_Weight,1.7370622159972664
30543,Normal_Weight,2.7813932257660783
30544,Normal_Weight,4.045284119385332
30545,Normal_Weight,0.4637670690434538
30546,Normal_Weight,4.032040717220448
30547,Normal_Weight,4.621923201408949
30548,Normal_Weight,5.397896456739752
30549,Normal_Weight,5.062565396644301
30550,Normal_Weight,2.489652291539349
30551,Normal_Weight,2.7258209531404263
30552,Normal_Weight,3.261427745331718
30553,Normal_Weight,0.47376508027097974
30554,Normal_Weight,3.071261515954806
30555,Normal_Weight,1.0247797129079501
30556,Normal_Weight,4.009062848499073
30557,Normal_Weight,2.3459919299891037
30558,Normal_Weight,3.902678345550866
30559,Normal_Weight,3.7225106728999924
30560,Normal_Weight,2.9090619896285914
30561,Normal_Weight,2.0838059116043053
30562,Normal_Weight,0.6517223132932719
30563,Normal_Weight,5.101739335160051
30564,Normal_Weight,3.8004196984392555
30565,Normal_Weight,4.467353811810041
30566,Normal_Weight,4.006493118235189
30567,Normal_Weight,4.905070886229597
30568,Normal_Weight,2.6909717516850544
30569,Normal_Weight,6.271194407691074
30570,Normal_Weight,3.8386501106917232
30571,Normal_Weight,4.003632925118131
30572,Normal_Weight,3.0109777405469926
30573,Normal_Weight,2.951459668937765
30574,Normal_Weight,1.1210960410352615
30575,Normal_Weight,4.034127832188539
30576,Normal_Weight,4.12893299611554
30577,Normal_Weight,4.264648708878406
30578,Normal_Weight,5.359336426130218
30579,Normal_Weight,5.368361513221647
30580,Normal_Weight,4.009062848499073
30581,Normal_Weight,3.14808979064822
30582,Normal_Weight,4.215113663379693
30583,Normal_Weight,4.0248419654738745
30584,Normal_Weight,4.985151017122196
30585,Normal_Weight,4.2537329147629785
30586,Normal_Weight,5.894929781017345
30587,Normal_Weight,3.5067644364581074
30588,Normal_Weight,3.679123157951189
30589,Normal_Weight,6.272402577161855
30590,Normal_Weight,1.3755351024013394
30591,Normal_Weight,3.927544143153486
30592,Normal_Weight,3.0601021119769416
30593,Normal_Weight,0.3792905019863501
30594,Normal_Weight,3.404457296522522
30595,Normal_Weight,4.207493768212933
30596,Normal_Weight,5.284168991273868
30597,Normal_Weight,0.051186432163770314
30598,Normal_Weight,2.913326866070601
30599,Normal_Weight,6.623979192153693
30600,Normal_Weight,1.7415985338046591
30601,Normal_Weight,3.9877149936510805
30602,Normal_Weight,4.0401731349006855
30603,Normal_Weight,0.26277529925330967
30604,Normal_Weight,3.942301216158385
30605,Normal_Weight,5.234897157022563
30606,Normal_Weight,4.013328395119469
30607,Normal_Weight,0.422531192102288
30608,Normal_Weight,4.854517683838714
30609,Normal_Weight,5.982821683450354
30610,Normal_Weight,3.3026018189097583
30611,Normal_Weight,4.009062848499073
30612,Normal_Weight,4.0248419654738745
30613,Normal_Weight,4.033897854082385
30614,Normal_Weight,4.0248419654738745
30615,Normal_Weight,3.298488609944274
30616,Normal_Weight,2.3224409983271785
30617,Normal_Weight,2.660014070946029
30618,Normal_Weight,3.404836256651445
30619,Normal_Weight,4.023311610338641
30620,Normal_Weight,2.8317056873463735
30621,Normal_Weight,0.019771636967216868
30622,Normal_Weight,5.400964234688144
30623,Normal_Weight,4.503339019364039
30624,Normal_Weight,1.5442151939999869
30625,Normal_Weight,4.041635754794383
30626,Normal_Weight,3.1340972418923942
30627,Normal_Weight,2.4430706029484015
30628,Normal_Weight,4.009062848499073
30629,Normal_Weight,3.9187469690073806
30630,Normal_Weight,3.630173386482218
30631,Normal_Weight,3.8493157241919427
30632,Normal_Weight,4.031101942228779
30633,Normal_Weight,0.06193568766041268
30634,Normal_Weight,4.009897562976165
30635,Normal_Weight,3.125009346001232
30636,Normal_Weight,3.2328898181538275
30637,Normal_Weight,4.006202655382015
30638,Normal_Weight,4.09710789654222
30639,Normal_Weight,2.1877951173744594
30640,Normal_Weight,5.964151452572359
30641,Normal_Weight,0.16213726063459377
30642,Normal_Weight,3.4334770740580938
30643,Normal_Weight,4.694629905934492
30644,Normal_Weight,4.028241749111727
30645,Normal_Weight,3.9905685569871694
30646,Normal_Weight,1.2449658349052821
30647,Normal_Weight,4.166462214259008
30648,Normal_Weight,4.019182204473821
30649,Normal_Weight,3.644266016835629
30650,Normal_Weight,3.9838406028357274
30651,Normal_Weight,4.08393445433893
30652,Normal_Weight,2.721200648146387
30653,Normal_Weight,3.5190896704769257
30654,Normal_Weight,3.0624024977213207
30655,Normal_Weight,1.192652970419443
30656,Normal_Weight,3.8087880714664597
30657,Normal_Weight,3.9009974775761878
30658,Normal_Weight,3.455784682915224
30659,Normal_Weight,0.22295170004288842
30660,Normal_Weight,3.2065151441649538
30661,Normal_Weight,2.8714291108284296
30662,Normal_Weight,5.160035030973358
30663,Normal_Weight,2.6634324880894056
30664,Normal_Weight,3.1368800919322406
30665,Normal_Weight,5.412659944517277
30666,Normal_Weight,0.5069630297024167
30667,Normal_Weight,0.3908158688597689
30668,Normal_Weight,4.012099044122088
30669,Normal_Weight,6.063497517448458
30670,Normal_Weight,5.308781242679122
30671,Normal_Weight,4.560495426376916
30672,Normal_Weight,0.46862442195608034
30673,Normal_Weight,3.1733672483948556
30674,Normal_Weight,2.9354996693352247
30675,Normal_Weight,0.5744844136509908
30676,Normal_Weight,3.48651053288114
30677,Normal_Weight,0.012610061336727908
30678,Normal_Weight,1.026168400293208
30679,Normal_Weight,3.159525140441097
30680,Normal_Weight,3.948704462048179
30681,Normal_Weight,0.4767336114830539
30682,Normal_Weight,3.1428145423223413
30683,Normal_Weight,4.028241749111727
30684,Normal_Weight,2.9592713637575057
30685,Normal_Weight,4.013296236590192
30686,Normal_Weight,4.87689009704395
30687,Normal_Weight,4.0248419654738745
30688,Normal_Weight,5.538498970266188
30689,Normal_Weight,2.6583470181477304
30690,Normal_Weight,4.0945012068578786
30691,Normal_Weight,4.547525703195669
30692,Normal_Weight,4.028241749111727
30693,Normal_Weight,5.446633215230975
30694,Normal_Weight,1.5092493055075176
30695,Normal_Weight,3.0297917301977497
30696,Normal_Weight,0.32205427958292326
30697,Normal_Weight,1.0721490160847993
30698,Normal_Weight,3.145925828277892
30699,Normal_Weight,2.1228070071856604
30700,Normal_Weight,4.483782685286611
30701,Normal_Weight,0.03566315409893528
30702,Normal_Weight,0.36548511830849084
30703,Normal_Weight,3.9070512584731323
30704,Normal_Weight,0.6643411968488638
30705,Normal_Weight,0.97563549422975
30706,Normal_Weight,2.7250903711261207
30707,Normal_Weight,3.873448296239485
30708,Normal_Weight,1.548329945153621
30709,Normal_Weight,3.3593610442146282
30710,Normal_Weight,3.21482846207721
30711,Normal_Weight,2.735468768170457
30712,Normal_Weight,3.921327764880963
30713,Normal_Weight,3.222925364253418
30714,Normal_Weight,4.1524077588165005
30715,Normal_Weight,5.146597337462677
30716,Normal_Weight,3.8297910546127945
30717,Normal_Weight,3.974886256166751
30718,Normal_Weight,5.070294593986077
30719,Normal_Weight,5.277946633932158
30720,Normal_Weight,2.705054349926416
30721,Normal_Weight,4.985098076530194
30722,Normal_Weight,2.1906166554642623
30723,Normal_Weight,4.267798037743694
30724,Normal_Weight,4.947991181701621
30725,Normal_Weight,2.301774940037547
30726,Normal_Weight,5.5305310724793255
30727,Normal_Weight,2.123800576086516
30728,Normal_Weight,3.108366027766172
30729,Normal_Weight,5.723389648333891
30730,Normal_Weight,2.418673713336415
30731,Normal_Weight,3.6777948623163654
30732,Normal_Weight,4.136999674046913
30733,Normal_Weight,4.020260969648997
30734,Normal_Weight,2.1699905346631434
30735,Normal_Weight,5.334172415151921
30736,Normal_Weight,1.0563342053691964
30737,Normal_Weight,2.9932872988191956
30738,Normal_Weight,2.168659058877362
30739,Normal_Weight,2.738546121542663
30740,Normal_Weight,6.580382098525063
30741,Normal_Weight,3.960608804137623
30742,Normal_Weight,3.8112713527838458
30743,Normal_Weight,5.483605010490879
30744,Normal_Weight,6.172414655596843
30745,Normal_Weight,4.071293198344049
30746,Normal_Weight,1.762204334443429
30747,Normal_Weight,4.3393010986767155
30748,Normal_Weight,4.037074869348123
30749,Normal_Weight,0.042690923424153426
30750,Normal_Weight,0.4420760235927707
30751,Normal_Weight,4.747170642133393
30752,Normal_Weight,0.5226954356607519
30753,Normal_Weight,2.9326949095294688
30754,Normal_Weight,4.023846730518634
30755,Normal_Weight,1.1074642486082287
30756,Normal_Weight,3.0825595180356387
30757,Normal_Weight,0.9753458922048308
30758,Normal_Weight,3.953527023303968
30759,Normal_Weight,1.5905651738361275
30760,Normal_Weight,0.8408109018111471
30761,Normal_Weight,4.8307813147653
30762,Normal_Weight,5.949915464928379
30763,Normal_Weight,3.4194315153332258
30764,Normal_Weight,2.3050539304005437
30765,Normal_Weight,4.0248419654738745
30766,Normal_Weight,3.0866864954385482
30767,Normal_Weight,-0.5295281359997809
30768,Normal_Weight,2.751405709066259
30769,Normal_Weight,4.085557746853831
30770,Normal_Weight,5.524544121486588
30771,Normal_Weight,3.1607013694157478
30772,Normal_Weight,3.0190877103930993
30773,Normal_Weight,2.7011716504213887
30774,Normal_Weight,3.1107634094359446
30775,Normal_Weight,0.6541354280586348
30776,Normal_Weight,0.5308896093341134
30777,Normal_Weight,2.7104750737824697
30778,Normal_Weight,4.5409492856011004
30779,Normal_Weight,3.159852009752532
30780,Normal_Weight,2.5997140636960965
30781,Normal_Weight,1.4889623022991558
30782,Normal_Weight,4.094833007426966
30783,Normal_Weight,3.340160387778311
30784,Normal_Weight,3.2192868493714473
30785,Normal_Weight,0.8975878859055336
30786,Normal_Weight,4.9475319258204244
30787,Normal_Weight,3.625234736505098
30788,Normal_Weight,4.150544369511854
30789,Normal_Weight,2.939635790264698
30790,Normal_Weight,3.9949937992831144
30791,Normal_Weight,-0.01809393467629702
30792,Normal_Weight,3.1042145632954194
30793,Normal_Weight,1.1787099107583505
30794,Normal_Weight,4.1456057792173
30795,Normal_Weight,1.0787468617362432
30796,Normal_Weight,3.8832585623502385
30797,Normal_Weight,4.640944011325834
30798,Normal_Weight,1.9987855530561331
30799,Normal_Weight,4.902086928667307
30800,Normal_Weight,4.139053409470511
30801,Normal_Weight,0.4109550109190346
30802,Normal_Weight,3.9865349653940263
30803,Normal_Weight,2.389636309560869
30804,Normal_Weight,3.9761093790918802
30805,Normal_Weight,4.069375413817271
30806,Normal_Weight,1.5635499487775881
30807,Normal_Weight,-0.0039801973597957336
30808,Normal_Weight,0.005394342633093228
30809,Normal_Weight,0.18464216137372888
30810,Normal_Weight,0.3437870172564825
30811,Normal_Weight,1.7840794275440781
30812,Normal_Weight,4.718865348397421
30813,Normal_Weight,6.157378255218356
30814,Normal_Weight,1.977910371367866
30815,Normal_Weight,2.9675426449347437
30816,Normal_Weight,3.9755813603586727
30817,Normal_Weight,5.446797179061897
30818,Normal_Weight,5.762673133369644
30819,Normal_Weight,5.494386585811351
30820,Normal_Weight,1.5973686506059264
30821,Normal_Weight,4.009062848499073
30822,Normal_Weight,2.478023977005847
30823,Normal_Weight,3.3336781063511385
30824,Normal_Weight,5.134741128632037
30825,Normal_Weight,4.006202655382015
30826,Normal_Weight,3.0178030992342473
30827,Normal_Weight,-0.021510092933787587
30828,Normal_Weight,1.7038632891226593
30829,Normal_Weight,4.811191327204242
30830,Normal_Weight,2.4979508989771944
30831,Normal_Weight,4.732287328910906
30832,Normal_Weight,4.202778390514204
30833,Normal_Weight,3.858369536724336
30834,Normal_Weight,2.7951055433603926
30835,Normal_Weight,4.960519959035693
30836,Normal_Weight,5.207641526332276
30837,Normal_Weight,0.19828146217562195
30838,Normal_Weight,6.291579558877305
30839,Normal_Weight,0.050973139667958224
30840,Normal_Weight,0.8716042739815756
30841,Normal_Weight,3.5235428555989685
30842,Normal_Weight,3.193335309026384
30843,Normal_Weight,1.2981457074944232
30844,Normal_Weight,5.812593830026255
30845,Normal_Weight,2.8232477824262068
30846,Normal_Weight,3.3912801604164127
30847,Normal_Weight,4.213358026094589
30848,Normal_Weight,1.0441996571900434
30849,Normal_Weight,4.155330896155439
30850,Normal_Weight,4.0945012068578786
30851,Normal_Weight,4.297938513880125
30852,Normal_Weight,4.003632925118131
30853,Normal_Weight,4.05534688154317
30854,Normal_Weight,4.203156912889906
30855,Normal_Weight,5.297454678584892
30856,Normal_Weight,3.227137088355647
30857,Normal_Weight,3.2049584325723877
30858,Normal_Weight,3.355733602375802
30859,Normal_Weight,3.007089883689347
30860,Normal_Weight,4.042139864490769
30861,Normal_Weight,4.07106530765815
30862,Normal_Weight,0.4090836528425066
30863,Normal_Weight,3.982138668571399
30864,Normal_Weight,4.07839893204991
30865,Normal_Weight,0.22541632311408297
30866,Normal_Weight,0.275923736924109
30867,Normal_Weight,2.8401415359081916
30868,Normal_Weight,4.006202655382015
30869,Normal_Weight,5.41936102315644
30870,Normal_Weight,0.18858638483237006
30871,Normal_Weight,4.538553331440734
30872,Normal_Weight,3.346536790945907
30873,Normal_Weight,0.016094763562909568
30874,Normal_Weight,3.5366001780170726
30875,Normal_Weight,6.338443346585634
30876,Normal_Weight,4.795128869917963
30877,Normal_Weight,3.9218359805727125
30878,Normal_Weight,2.722267373482624
30879,Normal_Weight,1.677704845302401
30880,Normal_Weight,4.066935503870566
30881,Normal_Weight,3.9727319438977
30882,Normal_Weight,4.98641391492025
30883,Normal_Weight,6.342699934902188
30884,Normal_Weight,6.033782465106428
30885,Normal_Weight,4.712539068368161
30886,Normal_Weight,0.41919682591086027
30887,Normal_Weight,3.801673856037472
30888,Normal_Weight,6.431516748686898
30889,Normal_Weight,5.125697719556055
30890,Normal_Weight,5.313917443250348
30891,Normal_Weight,4.032561769301583
30892,Normal_Weight,0.4875933456624232
30893,Normal_Weight,4.818099526051269
30894,Normal_Weight,-0.2947068312916043
30895,Normal_Weight,2.8371640816855694
30896,Normal_Weight,4.011427918111401
30897,Normal_Weight,0.8014544150307151
30898,Normal_Weight,3.273006544928983
30899,Normal_Weight,4.009062848499073
30900,Normal_Weight,3.6658627353045925
30901,Normal_Weight,1.6430144066144607
30902,Normal_Weight,0.6383632774920529
30903,Normal_Weight,3.0626462876957516
30904,Normal_Weight,4.052326561333056
30905,Normal_Weight,3.3857705579346384
30906,Normal_Weight,2.7021239248347593
30907,Normal_Weight,5.268684545195353
30908,Normal_Weight,3.0444358557350015
30909,Normal_Weight,-0.2002439167309912
30910,Normal_Weight,2.9900086997433237
30911,Normal_Weight,4.045710520518156
30912,Normal_Weight,3.1135971129418096
30913,Normal_Weight,0.8041388631681827
30914,Normal_Weight,1.3973869798527108
30915,Normal_Weight,3.828122510589731
30916,Normal_Weight,5.348155565227662
30917,Normal_Weight,2.2784566352355005
30918,Normal_Weight,3.079798306521777
30919,Normal_Weight,2.72104279458342
30920,Normal_Weight,-0.11254209273440277
30921,Normal_Weight,5.144572133956056
30922,Normal_Weight,3.936347657353097
30923,Normal_Weight,2.537451762051289
30924,Normal_Weight,4.028241749111727
30925,Normal_Weight,3.947002917233098
30926,Normal_Weight,5.310151620414144
30927,Normal_Weight,2.7794828941941665
30928,Normal_Weight,0.18269988893966319
30929,Normal_Weight,2.9733014695488738
30930,Normal_Weight,0.5102008559518006
30931,Normal_Weight,0.4122211127525636
30932,Normal_Weight,3.8555843846127282
30933,Normal_Weight,3.4197923434746365
30934,Normal_Weight,3.9639967076872726
30935,Normal_Weight,0.8702588896160638
30936,Normal_Weight,5.499409805371317
30937,Normal_Weight,6.534115652504215
30938,Normal_Weight,3.019092206251499
30939,Normal_Weight,0.3337653446776314
30940,Normal_Weight,2.954489910153697
30941,Normal_Weight,0.16337766805595794
30942,Normal_Weight,2.585883742406163
30943,Normal_Weight,0.3012526608018719
30944,Normal_Weight,4.342070810621408
30945,Normal_Weight,0.8960900459916853
30946,Normal_Weight,5.461856762124901
30947,Normal_Weight,4.038874552360858
30948,Normal_Weight,5.487595632027757
30949,Normal_Weight,3.914027087150021
30950,Normal_Weight,5.618225254724567
30951,Normal_Weight,4.006202655382015
30952,Normal_Weight,4.066205220636686
30953,Normal_Weight,2.629645118963374
30954,Normal_Weight,1.0675604819421547
30955,Normal_Weight,2.31945609333468
30956,Normal_Weight,3.3340261760894148
30957,Normal_Weight,3.316921663701684
30958,Normal_Weight,3.646205395199711
30959,Normal_Weight,0.23781493541306034
30960,Normal_Weight,3.098610130793612
30961,Normal_Weight,0.2747400605442608
30962,Normal_Weight,2.484781637419848
30963,Normal_Weight,4.008600207142502
30964,Normal_Weight,5.8293930876965785
30965,Normal_Weight,1.5253691262012377
30966,Normal_Weight,5.202110835555153
30967,Normal_Weight,3.285656584613504
30968,Normal_Weight,0.09506551406100712
30969,Normal_Weight,5.924154216128348
30970,Normal_Weight,4.539733316242409
30971,Normal_Weight,4.206627337732602
30972,Normal_Weight,3.943340582696811
30973,Normal_Weight,2.524010990213514
30974,Normal_Weight,4.413218033937251
30975,Normal_Weight,3.3291656848613767
30976,Normal_Weight,2.8732255669100866
30977,Normal_Weight,1.1647968199699887
30978,Normal_Weight,2.6233682394822058
30979,Normal_Weight,2.525679455129096
30980,Normal_Weight,5.008894123992713
30981,Normal_Weight,1.9847395554061404
30982,Normal_Weight,4.432052974057877
30983,Normal_Weight,3.8925085763550133
30984,Normal_Weight,5.474913186437458
30985,Normal_Weight,2.5938189821478157
30986,Normal_Weight,3.110295757485424
30987,Normal_Weight,5.7942148457797815
30988,Normal_Weight,3.2723867100376363
30989,Normal_Weight,3.749294477523899
30990,Normal_Weight,1.1425723012144364
30991,Normal_Weight,4.055687029930756
30992,Normal_Weight,4.03829294902187
30993,Normal_Weight,4.009062848499073
30994,Normal_Weight,0.9971161662713096
30995,Normal_Weight,6.457334804796811
30996,Normal_Weight,4.053014168497866
30997,Normal_Weight,0.4115252652041182
30998,Normal_Weight,3.301124319714784
30999,Normal_Weight,0.7358371290610141
31000,Normal_Weight,0.05013992859477146
31001,Normal_Weight,5.092499995403008
31002,Normal_Weight,1.2006935513313595
31003,Normal_Weight,4.693701153785169
31004,Normal_Weight,5.065162441275258
31005,Normal_Weight,0.4842219524340932
31006,Normal_Weight,4.1383101110848886
31007,Normal_Weight,4.003369143966634
31008,Normal_Weight,0.24352082897005606
31009,Normal_Weight,0.12156922779996177
31010,Normal_Weight,5.418536070840063
31011,Normal_Weight,3.695614797335241
31012,Normal_Weight,3.76729680439342
31013,Normal_Weight,4.021981772356822
31014,Normal_Weight,0.3244103410974994
31015,Normal_Weight,2.6965461416335734
31016,Normal_Weight,3.738970457122097
31017,Normal_Weight,2.5472124058357952
31018,Normal_Weight,2.3973046581863993
31019,Normal_Weight,2.6824888641804194
31020,Normal_Weight,3.1660117204537
31021,Normal_Weight,1.6472834332015314
31022,Normal_Weight,4.5388675885372445
31023,Normal_Weight,5.546879740042512
31024,Normal_Weight,1.0098817917015468
31025,Normal_Weight,0.2313814974526966
31026,Normal_Weight,4.211934655795697
31027,Normal_Weight,4.011427918111401
31028,Normal_Weight,0.5748986545013536
31029,Normal_Weight,0.8794341507147548
31030,Normal_Weight,2.4241856004546745
31031,Normal_Weight,2.660843057564249
31032,Normal_Weight,5.415691521837086
31033,Normal_Weight,5.103083296047261
31034,Normal_Weight,3.0743146936106327
31035,Normal_Weight,5.83205299533601
31036,Normal_Weight,2.9608120283499306
31037,Normal_Weight,4.211709373645829
31038,Normal_Weight,2.899600079562398
31039,Normal_Weight,1.9933568737882619
31040,Normal_Weight,5.07096771315322
31041,Normal_Weight,4.009062848499073
31042,Normal_Weight,5.115896882256567
31043,Normal_Weight,5.733225563835691
31044,Normal_Weight,0.15100974955211058
31045,Normal_Weight,2.51682524053778
31046,Normal_Weight,4.77244115587347
31047,Normal_Weight,2.9406389391803236
31048,Normal_Weight,2.4035520077595987
31049,Normal_Weight,5.799188970555387
31050,Normal_Weight,4.147010670343977
31051,Normal_Weight,1.357220102592291
31052,Normal_Weight,2.91048722360112
31053,Normal_Weight,3.420370294389854
31054,Normal_Weight,3.0119707393850934
31055,Normal_Weight,0.13464225358133614
31056,Normal_Weight,0.12403982436058225
31057,Normal_Weight,1.8157351628256004
31058,Normal_Weight,0.08099819542881494
31059,Normal_Weight,4.0770994385987995
31060,Normal_Weight,3.314376368568644
31061,Normal_Weight,3.2002300879133028
31062,Normal_Weight,1.401619231092763
31063,Normal_Weight,2.319666265731293
31064,Normal_Weight,3.9523368320416252
31065,Normal_Weight,1.5680908651714824
31066,Normal_Weight,2.161242656181198
31067,Normal_Weight,5.846589697016838
31068,Normal_Weight,0.4369521264284129
31069,Normal_Weight,1.2045167763983593
31070,Normal_Weight,4.894659126734367
31071,Normal_Weight,2.6153799388931596
31072,Normal_Weight,3.1450623388403085
31073,Normal_Weight,0.5169101979988631
31074,Normal_Weight,-0.04794335508095782
31075,Normal_Weight,1.477608738191291
31076,Normal_Weight,5.198102559208501
31077,Normal_Weight,5.7764053990592386
31078,Normal_Weight,4.07839893204991
31079,Normal_Weight,5.200159348824098
31080,Normal_Weight,1.754860821525914
31081,Normal_Weight,4.183059376717668
31082,Normal_Weight,0.2423830478547842
31083,Normal_Weight,5.347491766900567
31084,Normal_Weight,5.694922280898757
31085,Normal_Weight,4.031101942228779
31086,Normal_Weight,3.0141520266602755
31087,Normal_Weight,2.78731336558324
31088,Normal_Weight,5.1755072371492705
31089,Normal_Weight,4.050899301131166
31090,Normal_Weight,3.2734024454804507
31091,Normal_Weight,2.0887884816817106
31092,Normal_Weight,4.511358192817296
31093,Normal_Weight,2.8122093894608295
31094,Normal_Weight,4.514920767479708
31095,Normal_Weight,4.006202655382015
31096,Normal_Weight,0.6627706641232713
31097,Normal_Weight,1.7225448029893216
31098,Normal_Weight,3.4038436089102326
31099,Normal_Weight,5.708194457114457
31100,Normal_Weight,0.3667188719719084
31101,Normal_Weight,4.454664896956894
31102,Normal_Weight,4.879226855029607
31103,Normal_Weight,3.2318797800413535
31104,Normal_Weight,4.17176306369192
31105,Normal_Weight,0.13824077128487156
31106,Normal_Weight,3.9643578460515823
31107,Normal_Weight,1.8008969259081375
31108,Normal_Weight,3.5456004672741877
31109,Normal_Weight,2.271151799973308
31110,Normal_Weight,5.1368572576772324
31111,Normal_Weight,3.022747159073649
31112,Normal_Weight,3.358323015211773
31113,Normal_Weight,1.3023088630602195
31114,Normal_Weight,5.0810268182031395
31115,Normal_Weight,2.7566793394847866
31116,Normal_Weight,3.011028507258845
31117,Normal_Weight,4.688274406087575
31118,Normal_Weight,0.11879113331607467
31119,Normal_Weight,0.43921620447837934
31120,Normal_Weight,3.1332511849177838
31121,Normal_Weight,3.9520147108330272
31122,Normal_Weight,0.30986002524413825
31123,Normal_Weight,3.08782596841658
31124,Normal_Weight,3.2574128010806325
31125,Normal_Weight,4.030063143005187
31126,Normal_Weight,4.023328375473592
31127,Normal_Weight,3.3127524012508656
31128,Normal_Weight,4.548981500044736
31129,Normal_Weight,4.700850626787217
31130,Normal_Weight,3.3171452315543384
31131,Normal_Weight,4.373903853171889
31132,Normal_Weight,3.7350206217320507
31133,Normal_Weight,5.059016979905929
31134,Normal_Weight,4.006202655382015
31135,Normal_Weight,3.133045339344424
31136,Normal_Weight,4.211752823193306
31137,Normal_Weight,5.821268278680389
31138,Normal_Weight,0.7971146351890701
31139,Normal_Weight,4.014328413770105
31140,Normal_Weight,3.6604657152914872
31141,Normal_Weight,5.2507238149266575
31142,Normal_Weight,4.046754191742962
31143,Normal_Weight,3.467137812842074
31144,Normal_Weight,3.9464086558558074
31145,Normal_Weight,0.15567045070462732
31146,Normal_Weight,4.984974768763393
31147,Normal_Weight,2.0982756429702634
31148,Normal_Weight,3.047681528625734
31149,Normal_Weight,0.2224362120662728
31150,Normal_Weight,0.09744692707988852
31151,Normal_Weight,0.6415288041669769
31152,Normal_Weight,2.3467499923806328
31153,Normal_Weight,0.2777303839678429
31154,Normal_Weight,4.958628594600467
31155,Normal_Weight,3.341815271917676
31156,Normal_Weight,2.9890526091296254
31157,Normal_Weight,0.28042665971451314
31158,Normal_Weight,0.04471987198072029
31159,Normal_Weight,4.006493118235189
31160,Normal_Weight,2.7662207165712607
31161,Normal_Weight,0.15278274755235835
31162,Normal_Weight,1.0157526730661184
31163,Normal_Weight,0.287946975705467
31164,Normal_Weight,1.1548540800466434
31165,Normal_Weight,4.041804614302323
31166,Normal_Weight,5.085804803673259
31167,Normal_Weight,2.1193484141606893
31168,Normal_Weight,3.2776445127264364
31169,Normal_Weight,2.603706938094522
31170,Normal_Weight,5.562947440378983
31171,Normal_Weight,3.267909078796795
31172,Normal_Weight,5.876132812785572
31173,Normal_Weight,3.9633695333004955
31174,Normal_Weight,2.814454392319963
31175,Normal_Weight,3.3699790431758863
31176,Normal_Weight,4.340373221960117
31177,Normal_Weight,5.590401728484485
31178,Normal_Weight,3.320178407930644
31179,Normal_Weight,1.9128591917201652
31180,Normal_Weight,3.0227579369741644
31181,Normal_Weight,4.4966970986989105
31182,Normal_Weight,3.8442852380776755
31183,Normal_Weight,4.14940967778995
31184,Normal_Weight,0.25742932403592134
31185,Normal_Weight,4.0811056159942645
31186,Normal_Weight,2.698292735871119
31187,Normal_Weight,1.9865145152384338
31188,Normal_Weight,4.006202655382015
31189,Normal_Weight,0.8250838515351839
31190,Normal_Weight,3.0385735620157184
31191,Normal_Weight,4.257358077604848
31192,Normal_Weight,4.794669191891455
31193,Normal_Weight,2.9543100561463427
31194,Normal_Weight,5.6725935679254
31195,Normal_Weight,4.016850069992907
31196,Normal_Weight,1.7191895983199394
31197,Normal_Weight,1.1709478987015691
31198,Normal_Weight,4.009062848499073
31199,Normal_Weight,2.8382127798568217
31200,Normal_Weight,4.0248419654738745
31201,Normal_Weight,6.203956736901739
31202,Normal_Weight,0.13675280144282342
31203,Normal_Weight,1.2833276908765983
31204,Normal_Weight,4.150432371002484
31205,Normal_Weight,3.986786656228548
31206,Normal_Weight,0.5675774757482295
31207,Normal_Weight,4.069446021191478
31208,Normal_Weight,0.7782189690494419
31209,Normal_Weight,5.130921292108508
31210,Normal_Weight,5.315478920501359
31211,Normal_Weight,6.005238846320877
31212,Normal_Weight,1.0307521155212658
31213,Normal_Weight,3.0857066248358236
31214,Normal_Weight,3.2003702950873123
31215,Normal_Weight,3.1423653799711135
31216,Normal_Weight,4.01433156275229
31217,Normal_Weight,4.615198504039919
31218,Normal_Weight,3.737159982239243
31219,Normal_Weight,1.070695404203513
31220,Normal_Weight,4.076892165409841
31221,Normal_Weight,0.7378026517077542
31222,Normal_Weight,0.10133643935716498
31223,Normal_Weight,2.0646788076409384
31224,Normal_Weight,0.5393901329399364
31225,Normal_Weight,5.633044096262374
31226,Normal_Weight,0.07817325589007885
31227,Normal_Weight,5.218373931096364
31228,Normal_Weight,0.39573784833224135
31229,Normal_Weight,1.9634440218475893
31230,Normal_Weight,4.076699200410679
31231,Normal_Weight,3.5791159380977215
31232,Normal_Weight,3.4083272945103054
31233,Normal_Weight,0.21130720283613894
31234,Normal_Weight,3.259078381680437
31235,Normal_Weight,0.5502507390774488
31236,Normal_Weight,3.343535141694358
31237,Normal_Weight,0.34362615693593446
31238,Normal_Weight,1.889552532719225
31239,Normal_Weight,1.7358344075036105
31240,Normal_Weight,3.1747140598636348
31241,Normal_Weight,5.551304155440217
31242,Normal_Weight,3.2379752221518805
31243,Normal_Weight,4.674862751842424
31244,Normal_Weight,5.846039539157171
31245,Normal_Weight,1.148457746527245
31246,Normal_Weight,3.210918120066087
31247,Normal_Weight,1.2231763014502859
31248,Normal_Weight,4.078722089883074
31249,Normal_Weight,3.174712251722071
31250,Normal_Weight,3.9064483524083413
31251,Normal_Weight,3.425944847372929
31252,Normal_Weight,0.07538335908126896
31253,Normal_Weight,0.04114171405371796
31254,Normal_Weight,2.198428257356467
31255,Normal_Weight,1.0084055338430655
31256,Normal_Weight,3.2379122611612625
31257,Normal_Weight,0.382344301491217
31258,Normal_Weight,2.0619834549546123
31259,Normal_Weight,2.8828288273275824
31260,Normal_Weight,3.214865545849314
31261,Normal_Weight,3.2541923048613715
31262,Normal_Weight,3.320117431499642
31263,Normal_Weight,0.6297546038560196
31264,Normal_Weight,4.030975074768159
31265,Normal_Weight,0.9532768704105146
31266,Normal_Weight,5.628531018058642
31267,Normal_Weight,2.2453703938988516
31268,Normal_Weight,2.9365503971133218
31269,Normal_Weight,2.9344548251206
31270,Normal_Weight,3.324466785520982
31271,Normal_Weight,2.0778995322731975
31272,Normal_Weight,0.18638962399499534
31273,Normal_Weight,2.3095368924715602
31274,Normal_Weight,3.0262755347131316
31275,Normal_Weight,3.257664928154257
31276,Normal_Weight,3.1738649958578833
31277,Normal_Weight,3.170022291045517
31278,Normal_Weight,4.053014168497866
31279,Normal_Weight,4.84405773738341
31280,Normal_Weight,5.88083986342641
31281,Normal_Weight,2.9754597316234137
31282,Normal_Weight,3.137165861148283
31283,Normal_Weight,2.3141941966670685
31284,Normal_Weight,2.003155751905043
31285,Normal_Weight,4.053014168497866
31286,Normal_Weight,6.141944775269375
31287,Normal_Weight,0.2642730048153502
31288,Normal_Weight,4.519182802426441
31289,Normal_Weight,0.26313893605480354
31290,Normal_Weight,4.733498449324986
31291,Normal_Weight,0.3876913366206789
31292,Normal_Weight,4.0248419654738745
31293,Normal_Weight,2.1391593786218666
31294,Normal_Weight,4.081552507516853
31295,Normal_Weight,3.2773969496961386
31296,Normal_Weight,5.555791600886228
31297,Normal_Weight,2.502130650202829
31298,Normal_Weight,4.202778390514204
31299,Normal_Weight,0.368152898224416
31300,Normal_Weight,1.5355796213655972
31301,Normal_Weight,1.084655192483937
31302,Normal_Weight,0.23933287704892553
31303,Normal_Weight,3.1478435123797976
31304,Normal_Weight,3.587903618165714
31305,Normal_Weight,0.5445527090618685
31306,Normal_Weight,1.130684561182089
31307,Normal_Weight,4.957918441340763
31308,Normal_Weight,2.725016056629118
31309,Normal_Weight,3.0253129187075967
31310,Normal_Weight,1.693781534894718
31311,Normal_Weight,4.164411195906972
31312,Normal_Weight,2.4912109879596493
31313,Normal_Weight,1.841563913765397
31314,Normal_Weight,-0.04082434634528247
31315,Normal_Weight,2.064158635194724
31316,Normal_Weight,3.09420082247035
31317,Normal_Weight,2.195226452773313
31318,Normal_Weight,3.964483579022985
31319,Normal_Weight,5.811324794733352
31320,Normal_Weight,5.794891542504026
31321,Normal_Weight,0.3849212885719193
31322,Normal_Weight,5.388343228984824
31323,Normal_Weight,3.145307139618012
31324,Normal_Weight,3.16403073508367
31325,Normal_Weight,4.066935503870566
31326,Normal_Weight,2.336991906459681
31327,Normal_Weight,2.963591386116505
31328,Normal_Weight,0.017959832780166347
31329,Normal_Weight,5.382456324602558
31330,Normal_Weight,3.224610341154436
31331,Normal_Weight,5.940449623843506
31332,Normal_Weight,1.713098943808681
31333,Normal_Weight,4.066014988869349
31334,Normal_Weight,1.3378444647409033
31335,Normal_Weight,6.634605989606773
31336,Normal_Weight,2.3419231021520157
31337,Normal_Weight,5.422731841698275
31338,Normal_Weight,2.4641235488181814
31339,Normal_Weight,3.2749739719136435
31340,Normal_Weight,4.149254183349558
31341,Normal_Weight,0.07008915840942537
31342,Normal_Weight,4.079051880570666
31343,Normal_Weight,0.34375774559235994
31344,Normal_Weight,0.3177103837779207
31345,Normal_Weight,0.058182616291553746
31346,Normal_Weight,4.006202655382015
31347,Normal_Weight,5.327252280794063
31348,Normal_Weight,2.5598649890887284
31349,Normal_Weight,5.231376928320868
31350,Normal_Weight,4.675414880311171
31351,Normal_Weight,4.000562696921454
31352,Normal_Weight,6.5546063375852945
31353,Normal_Weight,0.11912562758639365
31354,Normal_Weight,2.9042398966583036
31355,Normal_Weight,6.239176385291676
31356,Normal_Weight,0.8997789140164366
31357,Normal_Weight,0.2939250108296045
31358,Normal_Weight,0.18463436890996854
31359,Normal_Weight,5.652387635723256
31360,Normal_Weight,5.448636093256061
31361,Normal_Weight,2.9719175052730686
31362,Normal_Weight,2.9842185816133155
31363,Normal_Weight,2.3028471115351494
31364,Normal_Weight,3.068041237538464
31365,Normal_Weight,2.984292809698775
31366,Normal_Weight,3.664136496219452
31367,Normal_Weight,1.7390400210532955
31368,Normal_Weight,1.1744755112994225
31369,Normal_Weight,3.037431909694703
31370,Normal_Weight,0.3069268388979321
31371,Normal_Weight,4.328358309628435
31372,Normal_Weight,0.005743843393528271
31373,Normal_Weight,4.016188588236525
31374,Normal_Weight,2.83370777592378
31375,Normal_Weight,4.009062848499073
31376,Normal_Weight,1.185219173408319
31377,Normal_Weight,1.1185183748038592
31378,Normal_Weight,2.76754547287844
31379,Normal_Weight,2.780092983773209
31380,Normal_Weight,0.6815951918835348
31381,Normal_Weight,2.713240574797875
31382,Normal_Weight,4.183733828011681
31383,Normal_Weight,4.062286877187119
31384,Normal_Weight,2.917759450756107
31385,Normal_Weight,2.548986200511536
31386,Normal_Weight,4.011442325035058
31387,Normal_Weight,3.147264895386844
31388,Normal_Weight,2.6414976322904193
31389,Normal_Weight,2.7984051279551343
31390,Normal_Weight,3.0393343197119815
31391,Normal_Weight,3.7403377418556873
31392,Normal_Weight,5.543082023804032
31393,Normal_Weight,4.4769990505258335
31394,Normal_Weight,1.9123264275428113
31395,Normal_Weight,6.204239005638044
31396,Normal_Weight,0.06001854922721488
31397,Normal_Weight,2.9292581920055953
31398,Normal_Weight,3.9940105624738154
31399,Normal_Weight,4.006493118235189
31400,Normal_Weight,2.9542355883425597
31401,Normal_Weight,2.126477013764364
31402,Normal_Weight,4.095711871528663
31403,Normal_Weight,4.656293273247647
31404,Normal_Weight,1.924221357343393
31405,Normal_Weight,2.610737266335352
31406,Normal_Weight,1.6214812337967053
31407,Normal_Weight,2.5410895340163
31408,Normal_Weight,5.462604979688929
31409,Normal_Weight,0.6965467769969315
31410,Normal_Weight,0.2066444145162335
31411,Normal_Weight,0.39390562765885867
31412,Normal_Weight,3.9692040185778144
31413,Normal_Weight,3.0943099060265125
31414,Normal_Weight,0.25040822493466786
31415,Normal_Weight,0.6843315160213947
31416,Normal_Weight,3.059197136087166
31417,Normal_Weight,0.2408892651123572
31418,Normal_Weight,6.205163190705903
31419,Normal_Weight,3.1017025013032997
31420,Normal_Weight,3.3032380563328543
31421,Normal_Weight,2.6134833053926507
31422,Normal_Weight,1.7438807050676826
31423,Normal_Weight,2.5033152857960945
31424,Normal_Weight,4.021981772356822
31425,Normal_Weight,4.371700714235617
31426,Normal_Weight,4.023328375473592
31427,Normal_Weight,0.2719096260385979
31428,Normal_Weight,2.0290120047232643
31429,Normal_Weight,4.211411275507334
31430,Normal_Weight,4.0176323298159335
31431,Normal_Weight,3.537729745728171
31432,Normal_Weight,0.20227215385107883
31433,Normal_Weight,5.128236460931019
31434,Normal_Weight,4.021981772356822
31435,Normal_Weight,0.4083400588703892
31436,Normal_Weight,3.239548929033252
31437,Normal_Weight,3.224461451517495
31438,Normal_Weight,4.026301792546678
31439,Normal_Weight,1.0762591395080334
31440,Normal_Weight,0.7324967340896431
31441,Normal_Weight,3.250759462784793
31442,Normal_Weight,3.9845654267245645
31443,Normal_Weight,3.9783054499696595
31444,Normal_Weight,4.030975074768159
31445,Normal_Weight,2.8196858787697385
31446,Normal_Weight,3.335997311431066
31447,Normal_Weight,3.0030075911332337
31448,Normal_Weight,0.40416579191149615
31449,Normal_Weight,0.09423132185153349
31450,Normal_Weight,4.4115263233207305
31451,Normal_Weight,1.7268724297628866
31452,Normal_Weight,1.7751451938382237
31453,Normal_Weight,3.3718154839888563
31454,Normal_Weight,3.300477207575936
31455,Normal_Weight,3.0561198722823812
31456,Normal_Weight,-0.01148136330889644
31457,Normal_Weight,0.16139193149031839
31458,Normal_Weight,3.463096292806735
31459,Normal_Weight,5.347311662065947
31460,Normal_Weight,3.4052782051899264
31461,Normal_Weight,2.8910862170754195
31462,Normal_Weight,0.7452463003154083
31463,Normal_Weight,0.7658235153421572
31464,Normal_Weight,6.123209836949113
31465,Normal_Weight,3.195235229873801
31466,Normal_Weight,3.117773005245568
31467,Normal_Weight,3.365290166497109
31468,Normal_Weight,4.009062848499073
31469,Normal_Weight,3.278335470505977
31470,Normal_Weight,3.0101833982010957
31471,Normal_Weight,4.142580022541884
31472,Normal_Weight,3.1320523218089265
31473,Normal_Weight,2.2395173585251618
31474,Normal_Weight,1.4658090704224298
31475,Normal_Weight,5.42540248674264
31476,Normal_Weight,0.3053317981061348
31477,Normal_Weight,0.25723713861338265
31478,Normal_Weight,3.102626378287973
31479,Normal_Weight,3.22209036141613
31480,Normal_Weight,0.4421924713736022
31481,Normal_Weight,4.003632925118131
31482,Normal_Weight,3.361031200656129
31483,Normal_Weight,4.009062848499073
31484,Normal_Weight,4.756414526128844
31485,Normal_Weight,2.7355034301206116
31486,Normal_Weight,2.95360451199179
31487,Normal_Weight,3.3852831789229954
31488,Normal_Weight,2.6125073353980084
31489,Normal_Weight,4.006202655382015
31490,Normal_Weight,1.5288915023638063
31491,Normal_Weight,4.078722089883074
31492,Normal_Weight,2.545259704032221
31493,Normal_Weight,3.4321567405020503
31494,Normal_Weight,0.32014079554410674
31495,Normal_Weight,5.2518902842086055
31496,Normal_Weight,2.3371793663937606
31497,Normal_Weight,2.744536254496565
31498,Normal_Weight,1.2199048211017713
31499,Normal_Weight,0.2592986351935334
31500,Normal_Weight,2.6148958391220267
31501,Normal_Weight,3.232704267024066
31502,Normal_Weight,3.0838007391128737
31503,Normal_Weight,4.983440753533312
31504,Normal_Weight,4.018856347242082
31505,Normal_Weight,6.646906185196995
31506,Normal_Weight,2.937369329433678
31507,Normal_Weight,2.756213158182256
31508,Normal_Weight,1.4954884484321036
31509,Normal_Weight,0.2302087619224595
31510,Normal_Weight,3.9618691591293205
31511,Normal_Weight,3.930297738311914
31512,Normal_Weight,0.48987306386947016
31513,Normal_Weight,5.535501951568123
31514,Normal_Weight,1.6573759545281577
31515,Normal_Weight,1.0651396069045589
31516,Normal_Weight,2.250347441321142
31517,Normal_Weight,4.057527268544406
31518,Normal_Weight,5.833049446297392
31519,Normal_Weight,3.8266629227019218
31520,Normal_Weight,3.016056511264434
31521,Normal_Weight,5.378892807110682
31522,Normal_Weight,1.6234239520011522
31523,Normal_Weight,0.3619646656216663
31524,Normal_Weight,4.14459736644794
31525,Normal_Weight,1.1047005479095109
31526,Normal_Weight,3.511928756271878
31527,Normal_Weight,4.935329404561899
31528,Normal_Weight,4.0248419654738745
31529,Normal_Weight,4.023328375473592
31530,Normal_Weight,4.043468733416015
31531,Normal_Weight,0.10481413661876775
31532,Normal_Weight,0.14461857124048721
31533,Normal_Weight,4.084146015950304
31534,Normal_Weight,5.458440106676966
31535,Normal_Weight,0.42027935603126243
31536,Normal_Weight,3.147043917461968
31537,Normal_Weight,1.7402043512468992
31538,Normal_Weight,0.28620772929729843
31539,Normal_Weight,4.162984689317787
31540,Normal_Weight,3.9498631103501545
31541,Normal_Weight,3.302572023073046
31542,Normal_Weight,0.21800288230295586
31543,Normal_Weight,4.917702270057314
31544,Normal_Weight,3.1740405242824092
31545,Normal_Weight,0.37617594099516694
31546,Normal_Weight,4.452743148241865
31547,Normal_Weight,0.2843690774173609
31548,Normal_Weight,3.948704462048179
31549,Normal_Weight,0.3745261236632614
31550,Normal_Weight,2.500462073281393
31551,Normal_Weight,1.3308069984976258
31552,Normal_Weight,1.810991113586459
31553,Normal_Weight,1.5631222587708693
31554,Normal_Weight,4.001709302046484
31555,Normal_Weight,4.506657082429609
31556,Normal_Weight,5.968268953530589
31557,Normal_Weight,5.402779021291451
31558,Normal_Weight,4.07839893204991
31559,Normal_Weight,0.16984263011731965
31560,Normal_Weight,0.28205748872163494
31561,Normal_Weight,3.1398922742221194
31562,Normal_Weight,2.7270387388785933
31563,Normal_Weight,4.086802999559945
31564,Normal_Weight,2.6919738109778146
31565,Normal_Weight,3.6571395649387957
31566,Normal_Weight,0.2523956103260145
31567,Normal_Weight,3.352735383630828
31568,Normal_Weight,3.9028491708808333
31569,Normal_Weight,4.796255453958055
31570,Normal_Weight,3.274593332573025
31571,Normal_Weight,4.26020048815952
31572,Normal_Weight,3.0744120965741377
31573,Normal_Weight,3.198010474057224
31574,Normal_Weight,3.4245715150615736
31575,Normal_Weight,4.732013576751639
31576,Normal_Weight,4.046754191742962
31577,Normal_Weight,2.8972735538299417
31578,Normal_Weight,0.4929407387846698
31579,Normal_Weight,3.987591316684324
31580,Normal_Weight,3.3565000222873715
31581,Normal_Weight,1.144656390704069
31582,Normal_Weight,5.398275994201981
31583,Normal_Weight,4.157905358483658
31584,Normal_Weight,3.50934800070924
31585,Normal_Weight,4.029444719632923
31586,Normal_Weight,5.430312689437977
31587,Normal_Weight,1.169531502972557
31588,Normal_Weight,4.028241749111727
31589,Normal_Weight,1.4236168316606859
31590,Normal_Weight,4.982825381274401
31591,Normal_Weight,3.2151525796082527
31592,Normal_Weight,3.0291622528556372
31593,Normal_Weight,1.8694470140312023
31594,Normal_Weight,6.048967915011195
31595,Normal_Weight,2.782468361578754
31596,Normal_Weight,3.335187534305195
31597,Normal_Weight,1.3703828191275154
31598,Normal_Weight,0.2602942553670822
31599,Normal_Weight,2.097103479379732
31600,Normal_Weight,1.1583318740394613
31601,Normal_Weight,0.5294239518149731
31602,Normal_Weight,2.8605593075091393
31603,Normal_Weight,4.053014168497866
31604,Normal_Weight,4.462866524699643
31605,Normal_Weight,4.16305541546862
31606,Normal_Weight,0.19775627847669042
31607,Normal_Weight,5.4920033693806545
31608,Normal_Weight,0.37153072939078435
31609,Normal_Weight,3.867549626157382
31610,Normal_Weight,5.451668528342451
31611,Normal_Weight,3.97885384106874
31612,Normal_Weight,5.521236098259981
31613,Normal_Weight,1.2861499704613444
31614,Normal_Weight,2.2487491106851047
31615,Normal_Weight,5.436804182674403
31616,Normal_Weight,1.3374989406113675
31617,Normal_Weight,0.969566897240477
31618,Normal_Weight,3.0069445279805396
31619,Normal_Weight,3.496687911583223
31620,Normal_Weight,1.1905966217886097
31621,Normal_Weight,5.632465722797249
31622,Normal_Weight,4.035615042275319
31623,Normal_Weight,3.071272660521218
31624,Normal_Weight,2.8732848944481946
31625,Normal_Weight,2.5109586976889657
31626,Normal_Weight,-0.04328137667247531
31627,Normal_Weight,3.1875600935657724
31628,Normal_Weight,4.594065112382004
31629,Normal_Weight,0.2337179938631665
31630,Normal_Weight,1.3737014875302267
31631,Normal_Weight,0.38385156417589633
31632,Normal_Weight,2.3492599888482557
31633,Normal_Weight,3.8538534563766227
31634,Normal_Weight,3.54257589581698
31635,Normal_Weight,5.7269099715761085
31636,Normal_Weight,5.64201246635874
31637,Normal_Weight,0.14163615570931462
31638,Normal_Weight,5.096674549081475
31639,Normal_Weight,2.379892077615576
31640,Normal_Weight,0.8422962643483025
31641,Normal_Weight,0.9383303148678559
31642,Normal_Weight,4.011427918111401
31643,Normal_Weight,3.2971279108673657
31644,Normal_Weight,4.009062848499073
31645,Normal_Weight,3.5946360205778296
31646,Normal_Weight,4.157905358483658
31647,Normal_Weight,4.029444719632923
31648,Normal_Weight,5.729190459128971
31649,Normal_Weight,0.5661272905542791
31650,Normal_Weight,2.88309113641337
31651,Normal_Weight,4.079197685066348
31652,Normal_Weight,2.526386833487072
31653,Normal_Weight,4.006202655382015
31654,Normal_Weight,4.045905946025059
31655,Normal_Weight,4.015259040857095
31656,Normal_Weight,0.3388571511768993
31657,Normal_Weight,3.083103993763174
31658,Normal_Weight,4.023328375473592
31659,Normal_Weight,0.06837198428909118
31660,Normal_Weight,4.030975074768159
31661,Normal_Weight,3.7075009823926575
31662,Normal_Weight,5.73273109578666
31663,Normal_Weight,2.2594888368081336
31664,Normal_Weight,4.011427918111401
31665,Normal_Weight,4.012230594137904
31666,Normal_Weight,6.262676286518498
31667,Normal_Weight,3.2892029521270767
31668,Normal_Weight,2.9578766512189016
31669,Normal_Weight,4.080022152381617
31670,Normal_Weight,2.3997751705314916
31671,Normal_Weight,2.714279095975197
31672,Normal_Weight,5.305451609960003
31673,Normal_Weight,5.543695158838311
31674,Normal_Weight,4.032438027009583
31675,Normal_Weight,5.767408434668424
31676,Normal_Weight,3.0481844710333923
31677,Normal_Weight,4.145950589123007
31678,Normal_Weight,0.5742566807279351
31679,Normal_Weight,5.0450465242054126
31680,Normal_Weight,4.030975074768159
31681,Normal_Weight,4.094833007426966
31682,Normal_Weight,3.362613457629176
31683,Normal_Weight,3.6683823570415046
31684,Normal_Weight,1.5467647195981395
31685,Normal_Weight,2.577718706551747
31686,Normal_Weight,4.076345196626312
31687,Normal_Weight,5.869540757861482
31688,Normal_Weight,6.196419238818341
31689,Normal_Weight,4.0105226755718775
31690,Normal_Weight,3.009011831253258
31691,Normal_Weight,2.7666049834494864
31692,Normal_Weight,5.564230333092458
31693,Normal_Weight,3.1768575848985106
31694,Normal_Weight,6.203752279748263
31695,Normal_Weight,3.3759351006566707
31696,Normal_Weight,0.060764441289315366
31697,Normal_Weight,3.3624157760120927
31698,Normal_Weight,0.2391855170226774
31699,Normal_Weight,0.7997449403700608
31700,Normal_Weight,3.1795501700234157
31701,Normal_Weight,0.4761423736584554
31702,Normal_Weight,4.619809984129159
31703,Normal_Weight,4.020888202659138
31704,Normal_Weight,-0.28490502922706706
31705,Normal_Weight,5.040624367073336
31706,Normal_Weight,2.197759754852679
31707,Normal_Weight,0.00466565934112771
31708,Normal_Weight,2.0906073204342923
31709,Normal_Weight,3.2344770161417293
31710,Normal_Weight,2.0127607306256383
31711,Normal_Weight,0.34402285240200325
31712,Normal_Weight,3.0379240889221553
31713,Normal_Weight,0.04762218894098182
31714,Normal_Weight,5.06503633086553
31715,Normal_Weight,4.747751676582427
31716,Normal_Weight,4.568197185150805
31717,Normal_Weight,4.090316563869328
31718,Normal_Weight,3.2065283059670913
31719,Normal_Weight,4.75138932429433
31720,Normal_Weight,3.223134554501272
31721,Normal_Weight,0.06364684533294183
31722,Normal_Weight,3.246689313149578
31723,Normal_Weight,5.517559575831993
31724,Normal_Weight,0.1031388701990635
31725,Normal_Weight,2.7486697530411828
31726,Normal_Weight,0.15840556834919706
31727,Normal_Weight,0.1987592173506754
31728,Normal_Weight,2.6956167444053887
31729,Normal_Weight,3.2737148942621808
31730,Normal_Weight,1.4895576376634942
31731,Normal_Weight,5.03026392277544
31732,Normal_Weight,3.845019504649884
31733,Normal_Weight,3.930297738311914
31734,Normal_Weight,1.1818625661349393
31735,Normal_Weight,4.1338999386785416
31736,Normal_Weight,5.479089021564141
31737,Normal_Weight,3.221788505406475
31738,Normal_Weight,3.1982983540928545
31739,Normal_Weight,5.993578057775076
31740,Normal_Weight,3.540213963801404
31741,Normal_Weight,4.074556739618713
31742,Normal_Weight,0.059234466510767414
31743,Normal_Weight,3.0675729521819495
31744,Normal_Weight,5.276950591298569
31745,Normal_Weight,0.6224972125681947
31746,Normal_Weight,3.2737438323677135
31747,Normal_Weight,0.0796429142939863
31748,Normal_Weight,4.021981772356822
31749,Normal_Weight,2.8534858614639473
31750,Normal_Weight,0.7994511744178964
31751,Normal_Weight,1.3809139688848397
31752,Normal_Weight,4.0031691291192875
31753,Normal_Weight,3.879030385131527
31754,Normal_Weight,3.138888481274334
31755,Normal_Weight,2.551043105689311
31756,Normal_Weight,4.081552507516853
31757,Normal_Weight,2.5524856627193278
31758,Normal_Weight,0.2226138809185341
31759,Normal_Weight,3.2833890357057784
31760,Normal_Weight,0.36527759554016515
31761,Normal_Weight,4.152309192585669
31762,Normal_Weight,5.096673818810985
31763,Normal_Weight,0.36632856838062394
31764,Normal_Weight,4.963170615516362
31765,Normal_Weight,3.79840006694925
31766,Normal_Weight,5.643894352960792
31767,Normal_Weight,1.0225419452606384
31768,Normal_Weight,1.802639684878157
31769,Normal_Weight,4.055847995299688
31770,Normal_Weight,5.404627761291767
31771,Normal_Weight,2.3371275196101715
31772,Normal_Weight,3.2207577834422256
31773,Normal_Weight,2.256365612695711
31774,Normal_Weight,4.571493533050557
31775,Normal_Weight,4.868095199963707
31776,Normal_Weight,4.009062848499073
31777,Normal_Weight,2.3404233043980596
31778,Normal_Weight,3.335169692686523
31779,Normal_Weight,3.0763801216686635
31780,Normal_Weight,2.876490483481411
31781,Normal_Weight,4.009062848499073
31782,Normal_Weight,3.154510295553952
31783,Normal_Weight,2.0444377709745485
31784,Normal_Weight,4.009062848499073
31785,Normal_Weight,4.9996138419372995
31786,Normal_Weight,4.006202655382015
31787,Normal_Weight,5.4147712744256
31788,Normal_Weight,0.5974143382871246
31789,Normal_Weight,0.08164057230002118
31790,Normal_Weight,2.6958611378486146
31791,Normal_Weight,3.062323795900169
31792,Normal_Weight,3.404390508052263
31793,Normal_Weight,2.051171694119295
31794,Normal_Weight,2.1678831025647045
31795,Normal_Weight,4.066935503870566
31796,Normal_Weight,-0.5291520949977915
31797,Normal_Weight,3.2531207586796973
31798,Normal_Weight,4.207264687947826
31799,Normal_Weight,3.2942997163968157
31800,Normal_Weight,2.477525049089433
31801,Normal_Weight,2.235424220856343
31802,Normal_Weight,6.050660348298879
31803,Normal_Weight,2.755155877342989
31804,Normal_Weight,0.8313721154116968
31805,Normal_Weight,3.302500105795548
31806,Normal_Weight,2.5814193772543375
31807,Normal_Weight,6.5756206394738355
31808,Normal_Weight,4.003632925118131
31809,Normal_Weight,3.0771362519102903
31810,Normal_Weight,4.02227223520999
31811,Normal_Weight,3.3176862065920765
31812,Normal_Weight,5.676905251398478
31813,Normal_Weight,1.0608640585226867
31814,Normal_Weight,6.303701710514742
31815,Normal_Weight,4.930245490791049
31816,Normal_Weight,2.5355887962708774
31817,Normal_Weight,4.009062848499073
31818,Normal_Weight,6.558934172309523
31819,Normal_Weight,4.7805643169261645
31820,Normal_Weight,3.656263394831333
31821,Normal_Weight,4.062360333697717
31822,Normal_Weight,3.892842496570536
31823,Normal_Weight,0.6848074771291894
31824,Normal_Weight,5.612871871872162
31825,Normal_Weight,5.321942027296584
31826,Normal_Weight,3.4410990002682915
31827,Normal_Weight,2.754190639831589
31828,Normal_Weight,4.009062848499073
31829,Normal_Weight,4.74262435282431
31830,Normal_Weight,1.4648039721874135
31831,Normal_Weight,5.217132013600284
31832,Normal_Weight,1.0962731019442058
31833,Normal_Weight,-0.23117616510807318
31834,Normal_Weight,3.484298205364652
31835,Normal_Weight,6.343560677897595
31836,Normal_Weight,1.5269451899564748
31837,Normal_Weight,6.713334416423139
31838,Normal_Weight,0.057985190764305694
31839,Normal_Weight,2.2242072613631882
31840,Normal_Weight,4.051833165841179
31841,Normal_Weight,0.7458907621652123
31842,Normal_Weight,1.607473326181495
31843,Normal_Weight,3.18679577233441
31844,Normal_Weight,2.9838124613795514
31845,Normal_Weight,5.634831491912986
31846,Normal_Weight,3.2054216843624666
31847,Normal_Weight,5.128065798304183
31848,Normal_Weight,5.709827720306264
31849,Normal_Weight,0.8084405865724912
31850,Normal_Weight,0.14467090959155296
31851,Normal_Weight,0.7491714212896231
31852,Normal_Weight,5.416755159939793
31853,Normal_Weight,4.574900026351703
31854,Normal_Weight,2.096360230461673
31855,Normal_Weight,3.4025137011246516
31856,Normal_Weight,3.329396566354115
31857,Normal_Weight,2.423614258489962
31858,Normal_Weight,0.10516385888910278
31859,Normal_Weight,4.825845450437389
31860,Normal_Weight,4.085519752048775
31861,Normal_Weight,6.037809864416848
31862,Normal_Weight,4.1524077588165005
31863,Normal_Weight,3.4677428524612037
31864,Normal_Weight,0.26605713802537106
31865,Normal_Weight,4.498042044845671
31866,Normal_Weight,5.851639145062769
31867,Normal_Weight,6.038088717981184
31868,Normal_Weight,-0.030208605464235743
31869,Normal_Weight,4.925913272051942
31870,Normal_Weight,2.714279095975197
31871,Normal_Weight,3.9927987600621577
31872,Normal_Weight,3.9783054499696595
31873,Normal_Weight,4.318310272425139
31874,Normal_Weight,3.2932547122739955
31875,Normal_Weight,2.754949596123618
31876,Normal_Weight,4.355243271171935
31877,Normal_Weight,1.045122540327976
31878,Normal_Weight,2.774783462206198
31879,Normal_Weight,4.154511614043776
31880,Normal_Weight,3.2531802908523786
31881,Normal_Weight,1.8512629841754953
31882,Normal_Weight,4.028241749111727
31883,Normal_Weight,4.164948895053279
31884,Normal_Weight,2.6136381001059688
31885,Normal_Weight,3.844353474677795
31886,Normal_Weight,4.079055596818493
31887,Normal_Weight,2.270119161919269
31888,Normal_Weight,5.2960919901433225
31889,Normal_Weight,1.2170632807078838
31890,Normal_Weight,4.066935503870566
31891,Normal_Weight,5.457817377849887
31892,Normal_Weight,4.256254229675759
31893,Normal_Weight,1.5406981218153912
31894,Normal_Weight,4.006202655382015
31895,Normal_Weight,3.396976143272955
31896,Normal_Weight,0.7243268812464424
31897,Normal_Weight,2.6348302765908365
31898,Normal_Weight,3.204847686858446
31899,Normal_Weight,1.955189680368725
31900,Normal_Weight,2.4990171642941714
31901,Normal_Weight,3.251441974260044
31902,Normal_Weight,0.29153861778549706
31903,Normal_Weight,4.028241749111727
31904,Normal_Weight,4.009235648490272
31905,Normal_Weight,3.1748260936649673
31906,Normal_Weight,4.008600207142502
31907,Normal_Weight,2.6381167022440457
31908,Normal_Weight,3.289131436546779
31909,Normal_Weight,0.405071638335758
31910,Normal_Weight,3.358629185046545
31911,Normal_Weight,4.597902194983741
31912,Normal_Weight,5.479053741753746
31913,Normal_Weight,4.076974191185974
31914,Normal_Weight,2.727631304574336
31915,Normal_Weight,4.080154914468199
31916,Normal_Weight,4.022967653593351
31917,Normal_Weight,3.4834717371821893
31918,Normal_Weight,1.6996352158994446
31919,Normal_Weight,3.1598428845470505
31920,Normal_Weight,0.16297624175266723
31921,Normal_Weight,4.589805029119201
31922,Normal_Weight,3.324670393431033
31923,Normal_Weight,4.035615042275319
31924,Normal_Weight,0.9910541040044007
31925,Normal_Weight,3.2524253184821315
31926,Normal_Weight,3.9316731698122718
31927,Normal_Weight,4.213465010930933
31928,Normal_Weight,4.529498447499383
31929,Normal_Weight,3.216083251712814
31930,Normal_Weight,4.945367611696815
31931,Normal_Weight,4.006202655382015
31932,Normal_Weight,0.19840675575953007
31933,Normal_Weight,4.023348426292961
31934,Normal_Weight,1.7482351952216981
31935,Normal_Weight,1.9291416704266036
31936,Normal_Weight,3.5861469011607032
31937,Normal_Weight,6.21730121119536
31938,Normal_Weight,4.009062848499073
31939,Normal_Weight,0.25617455825553176
31940,Normal_Weight,3.7965936242192586
31941,Normal_Weight,4.636095153976566
31942,Normal_Weight,4.009062848499073
31943,Normal_Weight,4.008704263297804
31944,Normal_Weight,2.577973274258438
31945,Normal_Weight,3.596983727204256
31946,Normal_Weight,2.132038708989969
31947,Normal_Weight,4.003632925118131
31948,Normal_Weight,2.387487876591333
31949,Normal_Weight,4.8094920418436695
31950,Normal_Weight,3.1223921485821355
31951,Normal_Weight,5.393208515294932
31952,Normal_Weight,4.043013460152877
31953,Normal_Weight,1.0494843800636244
31954,Normal_Weight,5.064858400839529
31955,Normal_Weight,4.815403224848996
31956,Normal_Weight,0.6014148897373197
31957,Normal_Weight,2.704808651998804
31958,Normal_Weight,5.5154482488874885
31959,Normal_Weight,1.3010447629433417
31960,Normal_Weight,3.1118470615519978
31961,Normal_Weight,2.6431770435043287
31962,Normal_Weight,3.829972945958943
31963,Normal_Weight,3.2639713906227086
31964,Normal_Weight,0.7789450618839459
31965,Normal_Weight,3.5099502768671726
31966,Normal_Weight,4.068861830775915
31967,Normal_Weight,4.066647786773967
31968,Normal_Weight,4.099633763283907
31969,Normal_Weight,4.994969634039918
31970,Normal_Weight,0.8237202950073014
31971,Normal_Weight,2.7698164178018954
31972,Normal_Weight,2.975350866423956
31973,Normal_Weight,5.13100140995367
31974,Normal_Weight,6.536999758321716
31975,Normal_Weight,5.11105433106652
31976,Normal_Weight,4.0945012068578786
31977,Normal_Weight,3.842109166827033
31978,Normal_Weight,5.882322517871631
31979,Normal_Weight,0.5480077782434707
31980,Normal_Weight,2.683261634234823
31981,Normal_Weight,5.781439504984408
31982,Normal_Weight,3.3451211123919338
31983,Normal_Weight,6.375416803418899
31984,Normal_Weight,5.674080915737717
31985,Normal_Weight,3.21502055924087
31986,Normal_Weight,2.5793555698662947
31987,Normal_Weight,2.6146850007334925
31988,Normal_Weight,2.681324247552617
31989,Normal_Weight,3.796692361250277
31990,Normal_Weight,0.9936758764696048
31991,Normal_Weight,4.031101942228779
31992,Normal_Weight,4.006202655382015
31993,Normal_Weight,4.972636903588984
31994,Normal_Weight,2.0095653077863838
31995,Normal_Weight,4.006202655382015
31996,Normal_Weight,1.017029505419865
31997,Normal_Weight,0.19333229150697792
31998,Normal_Weight,0.26979407182357223
31999,Normal_Weight,5.179431623868103
32000,Normal_Weight,6.473907637105819
32001,Normal_Weight,4.24929585021337
32002,Normal_Weight,5.153620586784366
32003,Normal_Weight,3.3888187835437016
32004,Normal_Weight,3.5496030984133022
32005,Normal_Weight,4.667955286591286
32006,Normal_Weight,0.18871297623082803
32007,Normal_Weight,4.080154914468199
32008,Normal_Weight,3.283136100617231
32009,Normal_Weight,0.9764316573250137
32010,Normal_Weight,2.6639469601859878
32011,Normal_Weight,4.028241749111727
32012,Normal_Weight,4.01515679888899
32013,Normal_Weight,2.6629339360968913
32014,Normal_Weight,0.11244116899802695
32015,Normal_Weight,3.3208942041852296
32016,Normal_Weight,3.2389938916802254
32017,Normal_Weight,3.1432519448558867
32018,Normal_Weight,0.26446837324293626
32019,Normal_Weight,6.103660527205256
32020,Normal_Weight,4.131016971029854
32021,Normal_Weight,0.548257488832433
32022,Normal_Weight,2.1046978432692014
32023,Normal_Weight,3.1198487017244925
32024,Normal_Weight,0.35924693742639935
32025,Normal_Weight,0.5765744485432771
32026,Normal_Weight,4.081552507516853
32027,Normal_Weight,5.2791184783875265
32028,Normal_Weight,4.031101942228779
32029,Normal_Weight,4.467120828342325
32030,Normal_Weight,3.330596860679217
32031,Normal_Weight,0.10494444851711175
32032,Normal_Weight,0.33468454992455376
32033,Normal_Weight,2.33483773420169
32034,Normal_Weight,0.16010315781702245
32035,Normal_Weight,0.3517231134400476
32036,Normal_Weight,3.1331297476499302
32037,Normal_Weight,2.138537428123615
32038,Normal_Weight,3.6874968793681613
32039,Normal_Weight,3.0645475445502144
32040,Normal_Weight,3.8130754206857413
32041,Normal_Weight,4.087801613762762
32042,Normal_Weight,4.0248419654738745
32043,Normal_Weight,1.5277859715944893
32044,Normal_Weight,3.058167433857255
32045,Normal_Weight,4.1995325022832715
32046,Normal_Weight,4.031101942228779
32047,Normal_Weight,1.5307050539043257
32048,Normal_Weight,4.173977365881246
32049,Normal_Weight,2.601142758352645
32050,Normal_Weight,3.2176465842449176
32051,Normal_Weight,3.9927987600621577
32052,Normal_Weight,0.39731670401314007
32053,Normal_Weight,2.989393715349329
32054,Normal_Weight,3.38984819127871
32055,Normal_Weight,0.5150578073844071
32056,Normal_Weight,1.22039710286412
32057,Normal_Weight,2.5696113526597206
32058,Normal_Weight,2.694382398606718
32059,Normal_Weight,5.374437010346494
32060,Normal_Weight,2.658423715193264
32061,Normal_Weight,3.2077177048642014
32062,Normal_Weight,4.8089962682624146
32063,Normal_Weight,4.081213640836291
32064,Normal_Weight,3.425944847372929
32065,Normal_Weight,4.003632925118131
32066,Normal_Weight,5.532871782708358
32067,Normal_Weight,4.006493118235189
32068,Normal_Weight,4.747091652899074
32069,Normal_Weight,4.679653319744021
32070,Normal_Weight,4.007039959026677
32071,Normal_Weight,6.2055718735689185
32072,Normal_Weight,4.006202655382015
32073,Normal_Weight,4.048399841245674
32074,Normal_Weight,3.9215819187992005
32075,Normal_Weight,0.1907077147762158
32076,Normal_Weight,3.9270144950768664
32077,Normal_Weight,2.7200841657835726
32078,Normal_Weight,3.062587815539015
32079,Normal_Weight,2.326801341412907
32080,Normal_Weight,4.142441182688285
32081,Normal_Weight,0.3105380023157116
32082,Normal_Weight,3.4644303486017547
32083,Normal_Weight,3.0950671056549806
32084,Normal_Weight,3.284506747490399
32085,Normal_Weight,3.249897714181025
32086,Normal_Weight,3.943809539451636
32087,Normal_Weight,0.5085436403963587
32088,Normal_Weight,0.5787213274980347
32089,Normal_Weight,0.37172169897517343
32090,Normal_Weight,2.6453126548097203
32091,Normal_Weight,3.2051724759798677
32092,Normal_Weight,3.479063115553176
32093,Normal_Weight,4.003632925118131
32094,Normal_Weight,0.017782456217845157
32095,Normal_Weight,3.3793994254594053
32096,Normal_Weight,0.54164945338558
32097,Normal_Weight,4.486607689516033
32098,Normal_Weight,2.7283329843675106
32099,Normal_Weight,5.350029926131217
32100,Normal_Weight,3.276325897175757
32101,Normal_Weight,0.3184955897072706
32102,Normal_Weight,5.44179024899427
32103,Normal_Weight,4.094833007426966
32104,Normal_Weight,0.5509397769577097
32105,Normal_Weight,3.050074562170525
32106,Normal_Weight,2.715714905835243
32107,Normal_Weight,4.081552507516853
32108,Normal_Weight,4.009062848499073
32109,Normal_Weight,4.257793399289969
32110,Normal_Weight,1.2657996162437652
32111,Normal_Weight,3.8253328018004593
32112,Normal_Weight,2.9059136590651775
32113,Normal_Weight,6.192305716618698
32114,Normal_Weight,2.545329467752663
32115,Normal_Weight,2.0186731818415495
32116,Normal_Weight,4.147655798393072
32117,Normal_Weight,2.990111173212172
32118,Normal_Weight,2.9778858610116314
32119,Normal_Weight,3.75475903445581
32120,Normal_Weight,2.698584213332506
32121,Normal_Weight,2.7620390511447246
32122,Normal_Weight,3.1826677300305124
32123,Normal_Weight,2.750177250696516
32124,Normal_Weight,3.7955682750563495
32125,Normal_Weight,3.1877908609483168
32126,Normal_Weight,0.6692084143247512
32127,Normal_Weight,0.23419829787997778
32128,Normal_Weight,3.227390452359518
32129,Normal_Weight,3.114148923077306
32130,Normal_Weight,5.104749242457281
32131,Normal_Weight,0.4302555280373055
32132,Normal_Weight,2.3876315297265935
32133,Normal_Weight,4.006493118235189
32134,Normal_Weight,5.620027819503615
32135,Normal_Weight,4.135859577318085
32136,Normal_Weight,2.488269317606505
32137,Normal_Weight,4.493295383028299
32138,Normal_Weight,4.081552507516853
32139,Normal_Weight,1.1895380268014921
32140,Normal_Weight,0.7369113482866643
32141,Normal_Weight,1.336651513418994
32142,Normal_Weight,5.361814662006517
32143,Normal_Weight,4.922039807058621
32144,Normal_Weight,3.8782202462889015
32145,Normal_Weight,2.0786985809716008
32146,Normal_Weight,0.6579095535264127
32147,Normal_Weight,4.083295728829606
32148,Normal_Weight,4.060854502613371
32149,Normal_Weight,3.959778145490113
32150,Normal_Weight,4.078722089883074
32151,Normal_Weight,2.8370953747303047
32152,Normal_Weight,2.953509895295506
32153,Normal_Weight,3.1241637491775385
32154,Normal_Weight,1.1385319823333258
32155,Normal_Weight,3.1640962237170402
32156,Normal_Weight,2.9239682016209887
32157,Normal_Weight,3.4301687093269986
32158,Normal_Weight,2.269104783355556
32159,Normal_Weight,5.457004416749761
32160,Normal_Weight,0.3928073886308597
32161,Normal_Weight,3.266179555557167
32162,Normal_Weight,4.009062848499073
32163,Normal_Weight,0.024054368939539255
32164,Normal_Weight,0.0434803715902321
32165,Normal_Weight,-0.21429062575794228
32166,Normal_Weight,6.0424429757481946
32167,Normal_Weight,3.133977741710883
32168,Normal_Weight,4.917838201402367
32169,Normal_Weight,1.9645862710277622
32170,Normal_Weight,3.3441821215123944
32171,Normal_Weight,4.009062848499073
32172,Normal_Weight,2.4104944174616305
32173,Normal_Weight,2.802136538568859
32174,Normal_Weight,4.144165550091679
32175,Normal_Weight,0.4622311740770513
32176,Normal_Weight,0.031810490104469555
32177,Normal_Weight,6.097557574766553
32178,Normal_Weight,2.92204360313916
32179,Normal_Weight,4.030123488358362
32180,Normal_Weight,4.881596966067785
32181,Normal_Weight,3.123257882645833
32182,Normal_Weight,0.6060999483835451
32183,Normal_Weight,3.932907716939473
32184,Normal_Weight,4.182358075378862
32185,Normal_Weight,4.298952647256239
32186,Normal_Weight,3.9244326546257153
32187,Normal_Weight,3.369188869501981
32188,Normal_Weight,4.0256720188478425
32189,Normal_Weight,2.873041310716259
32190,Normal_Weight,2.433519283091651
32191,Normal_Weight,1.0118957430454056
32192,Normal_Weight,2.7103997988636466
32193,Normal_Weight,0.2085459355273401
32194,Normal_Weight,2.9824562859388406
32195,Normal_Weight,3.6903900295920704
32196,Normal_Weight,4.998925832794202
32197,Normal_Weight,2.595178273725338
32198,Normal_Weight,4.467228287500795
32199,Normal_Weight,3.3810415695501157
32200,Normal_Weight,3.0438739380728315
32201,Normal_Weight,4.1733028065363245
32202,Normal_Weight,-0.05889241639778812
32203,Normal_Weight,4.923241647420095
32204,Normal_Weight,4.016188588236525
32205,Normal_Weight,1.911900564762281
32206,Normal_Weight,4.872269469261575
32207,Normal_Weight,2.678694403189107
32208,Normal_Weight,2.9367260191388445
32209,Normal_Weight,3.223150137923189
32210,Normal_Weight,4.031267639071487
32211,Normal_Weight,1.3352746203263008
32212,Normal_Weight,1.1324434561180903
32213,Normal_Weight,3.167672691622841
32214,Normal_Weight,3.342026544767206
32215,Normal_Weight,5.859857382899352
32216,Normal_Weight,4.0401731349006855
32217,Normal_Weight,3.952802402712656
32218,Normal_Weight,0.6611479431843665
32219,Normal_Weight,1.9080868742104782
32220,Normal_Weight,2.0454240879585193
32221,Normal_Weight,2.8276580969359713
32222,Normal_Weight,3.973285554166301
32223,Normal_Weight,0.15243511699349244
32224,Normal_Weight,0.4485689129794227
32225,Normal_Weight,4.081552507516853
32226,Normal_Weight,3.3171183600847356
32227,Normal_Weight,3.991699995701608
32228,Normal_Weight,3.0257047269507917
32229,Normal_Weight,5.46492383809055
32230,Normal_Weight,0.8590555338628647
32231,Normal_Weight,3.100311473952652
32232,Normal_Weight,1.4135945697890502
32233,Normal_Weight,4.48516258061423
32234,Normal_Weight,2.8911642754336344
32235,Normal_Weight,1.4597701523653563
32236,Normal_Weight,0.9919118820437682
32237,Normal_Weight,2.7843999913023905
32238,Normal_Weight,3.5056053444192923
32239,Normal_Weight,3.089200413254676
32240,Normal_Weight,5.057739005226064
32241,Normal_Weight,3.3394793465462227
32242,Normal_Weight,1.1309398021629011
32243,Normal_Weight,3.8705828107366735
32244,Normal_Weight,3.0141848388089194
32245,Normal_Weight,0.3401580040486184
32246,Normal_Weight,5.270777297872138
32247,Normal_Weight,4.052549455814919
32248,Normal_Weight,3.9266648757974245
32249,Normal_Weight,4.02227223520999
32250,Normal_Weight,1.2018187927642126
32251,Normal_Weight,2.965908396635976
32252,Normal_Weight,3.361036796986851
32253,Normal_Weight,4.006202655382015
32254,Normal_Weight,0.3367944635921337
32255,Normal_Weight,0.4243052902373107
32256,Normal_Weight,1.0105425563281434
32257,Normal_Weight,0.511885403836185
32258,Normal_Weight,5.344137953565144
32259,Normal_Weight,5.484747830811866
32260,Normal_Weight,5.587854093699339
32261,Normal_Weight,2.299331040702074
32262,Normal_Weight,0.9942987930747058
32263,Normal_Weight,0.1377233188831007
32264,Normal_Weight,6.675688523171015
32265,Normal_Weight,4.006202655382015
32266,Normal_Weight,4.236847777138198
32267,Normal_Weight,4.756817334641976
32268,Normal_Weight,2.192549664876839
32269,Normal_Weight,2.9237035799424493
32270,Normal_Weight,0.09582673988000145
32271,Normal_Weight,1.3097926029669962
32272,Normal_Weight,0.08783220320168669
32273,Normal_Weight,6.209502628026055
32274,Normal_Weight,3.1712175629043418
32275,Normal_Weight,-0.1025633260224082
32276,Normal_Weight,1.1170538743455505
32277,Normal_Weight,3.0473064466647837
32278,Normal_Weight,6.383178772147657
32279,Normal_Weight,2.954763502478184
32280,Normal_Weight,0.2963728109805734
32281,Normal_Weight,4.9697980852549675
32282,Normal_Weight,1.097396419324514
32283,Normal_Weight,2.351323424071927
32284,Normal_Weight,3.120229227504685
32285,Normal_Weight,2.881342508278576
32286,Normal_Weight,3.096161594964397
32287,Normal_Weight,3.280106376013341
32288,Normal_Weight,3.3372599769457576
32289,Normal_Weight,4.175992750952352
32290,Normal_Weight,3.7928724359102346
32291,Normal_Weight,2.6360122544191746
32292,Normal_Weight,4.210863679143441
32293,Normal_Weight,3.2567067043884648
32294,Normal_Weight,6.112063023830584
32295,Normal_Weight,4.006202655382015
32296,Normal_Weight,5.515980559284316
32297,Normal_Weight,3.9535295202735505
32298,Normal_Weight,4.014328413770105
32299,Normal_Weight,4.76812728561304
32300,Normal_Weight,3.2959090160098
32301,Normal_Weight,4.121588119674066
32302,Normal_Weight,3.7333712784165245
32303,Normal_Weight,-0.13282084793931812
32304,Normal_Weight,3.0549679841106347
32305,Normal_Weight,0.5560167942316829
32306,Normal_Weight,3.1975792773915095
32307,Normal_Weight,0.6928274586895757
32308,Normal_Weight,0.4403841026398387
32309,Normal_Weight,3.9443739851400847
32310,Normal_Weight,5.437690875954953
32311,Normal_Weight,2.312816816538651
32312,Normal_Weight,4.053014168497866
32313,Normal_Weight,2.7731766017161714
32314,Normal_Weight,0.6440542432680272
32315,Normal_Weight,2.527449842385652
32316,Normal_Weight,0.8353050311173866
32317,Normal_Weight,3.0749528737394765
32318,Normal_Weight,2.5127229340709065
32319,Normal_Weight,4.057356370985566
32320,Normal_Weight,3.3022126605603765
32321,Normal_Weight,1.3893873808885662
32322,Normal_Weight,1.9286698679271483
32323,Normal_Weight,5.823550859717784
32324,Normal_Weight,3.373905026428988
32325,Normal_Weight,3.485958603412451
32326,Normal_Weight,0.523394966173004
32327,Normal_Weight,2.418743327161076
32328,Normal_Weight,3.2051332989467047
32329,Normal_Weight,2.15228890030328
32330,Normal_Weight,4.433344375231876
32331,Normal_Weight,6.674467586748964
32332,Normal_Weight,4.9191411619115515
32333,Normal_Weight,3.9091029169732456
32334,Normal_Weight,3.253468357853842
32335,Normal_Weight,0.36047874250347484
32336,Normal_Weight,1.6268762150101683
32337,Normal_Weight,2.5325817224270932
32338,Normal_Weight,2.7504700434066107
32339,Normal_Weight,2.8255772835018464
32340,Normal_Weight,6.010991870671486
32341,Normal_Weight,0.2252716459026031
32342,Normal_Weight,4.043416828324162
32343,Normal_Weight,4.081552507516853
32344,Normal_Weight,3.200324715315744
32345,Normal_Weight,5.808053074882353
32346,Normal_Weight,4.028532211964895
32347,Normal_Weight,2.9989745807739365
32348,Normal_Weight,1.7113307821773769
32349,Normal_Weight,3.7668851318213883
32350,Normal_Weight,4.889633881557775
32351,Normal_Weight,2.711248595085644
32352,Normal_Weight,2.9884877143117747
32353,Normal_Weight,4.013911574188344
32354,Normal_Weight,3.1749028827632726
32355,Normal_Weight,3.21281381336804
32356,Normal_Weight,3.1022992461160483
32357,Normal_Weight,3.3174751397123883
32358,Normal_Weight,1.301345110608034
32359,Normal_Weight,3.0434898359498606
32360,Normal_Weight,0.26197035189571793
32361,Normal_Weight,0.06563494698159503
32362,Normal_Weight,4.012778409815861
32363,Normal_Weight,0.7620155337394852
32364,Normal_Weight,4.801534970133667
32365,Normal_Weight,3.215430896424205
32366,Normal_Weight,3.739714378814293
32367,Normal_Weight,3.742228754913812
32368,Normal_Weight,3.1464324797685688
32369,Normal_Weight,3.2565123671137126
32370,Normal_Weight,2.169491449356489
32371,Normal_Weight,3.5030569112843812
32372,Normal_Weight,4.003632925118131
32373,Normal_Weight,2.9052098420028756
32374,Normal_Weight,2.4409458253839675
32375,Normal_Weight,6.050681819019256
32376,Normal_Weight,3.2065124850236195
32377,Normal_Weight,4.027037654937471
32378,Normal_Weight,4.006202655382015
32379,Normal_Weight,0.2705354874861997
32380,Normal_Weight,4.746604950703263
32381,Normal_Weight,4.003632925118131
32382,Normal_Weight,3.274733825562507
32383,Normal_Weight,2.930188781896241
32384,Normal_Weight,4.063495168356863
32385,Normal_Weight,0.02164714040814592
32386,Normal_Weight,2.81628715721769
32387,Normal_Weight,1.7700483800100815
32388,Normal_Weight,4.103845864917875
32389,Normal_Weight,2.1034984909704075
32390,Normal_Weight,4.031101942228779
32391,Normal_Weight,4.12711879446245
32392,Normal_Weight,4.051771517972653
32393,Normal_Weight,3.3117214934649315
32394,Normal_Weight,3.2844572236634493
32395,Normal_Weight,3.8376144151522076
32396,Normal_Weight,4.559465962154693
32397,Normal_Weight,3.5567193731101043
32398,Normal_Weight,4.038543085705072
32399,Normal_Weight,5.976976850955206
32400,Normal_Weight,3.3453790045912206
32401,Normal_Weight,3.7861711515018737
32402,Normal_Weight,0.16052596876545044
32403,Normal_Weight,3.429009087977371
32404,Normal_Weight,4.0248419654738745
32405,Normal_Weight,1.8309144915416196
32406,Normal_Weight,3.808621662184955
32407,Normal_Weight,4.066935503870566
32408,Normal_Weight,2.6402454123645107
32409,Normal_Weight,4.015259040857095
32410,Normal_Weight,2.5292430586017645
32411,Normal_Weight,4.0248419654738745
32412,Normal_Weight,0.23276775197025887
32413,Normal_Weight,5.177857117112343
32414,Normal_Weight,1.0104572677159875
32415,Normal_Weight,3.466077018922671
32416,Normal_Weight,3.026018835976542
32417,Normal_Weight,3.9460802365836227
32418,Normal_Weight,0.5435844905435238
32419,Normal_Weight,3.9846694340304722
32420,Normal_Weight,2.3483894231661115
32421,Normal_Weight,3.6337062188970015
32422,Normal_Weight,4.009062848499073
32423,Normal_Weight,0.14510465100701028
32424,Normal_Weight,4.028241749111727
32425,Normal_Weight,4.013656334051366
32426,Normal_Weight,0.659483950932271
32427,Normal_Weight,6.444569664833288
32428,Normal_Weight,4.766645005857959
32429,Normal_Weight,4.044658384183988
32430,Normal_Weight,0.1105721180260171
32431,Normal_Weight,5.329974310727271
32432,Normal_Weight,4.202778390514204
32433,Normal_Weight,3.2408487133636252
32434,Normal_Weight,2.6914329402210337
32435,Normal_Weight,3.1406508942927256
32436,Normal_Weight,5.609323852614706
32437,Normal_Weight,3.6899040856863152
32438,Normal_Weight,1.0682874278943884
32439,Normal_Weight,0.05605926298835454
32440,Normal_Weight,5.555267550603812
32441,Normal_Weight,2.4937854949646674
32442,Normal_Weight,2.732084888901216
32443,Normal_Weight,0.09826635788829341
32444,Normal_Weight,3.045111489501733
32445,Normal_Weight,1.6542442269246334
32446,Normal_Weight,2.8685858075459785
32447,Normal_Weight,2.748076406897383
32448,Normal_Weight,0.5017440480969896
32449,Normal_Weight,6.374982110487614
32450,Normal_Weight,4.155541460725039
32451,Normal_Weight,4.126310930270811
32452,Normal_Weight,1.381227091226779
32453,Normal_Weight,4.193988739074964
32454,Normal_Weight,0.9593080042441944
32455,Normal_Weight,1.6906473399355326
32456,Normal_Weight,3.1621843548994994
32457,Normal_Weight,4.0033242937203735
32458,Normal_Weight,4.009062848499073
32459,Normal_Weight,4.957822505944445
32460,Normal_Weight,4.02341454511594
32461,Normal_Weight,2.8750890524587134
32462,Normal_Weight,3.035989287513918
32463,Normal_Weight,2.7481514819188813
32464,Normal_Weight,4.030975074768159
32465,Normal_Weight,4.003632925118131
32466,Normal_Weight,3.5280894735853017
32467,Normal_Weight,3.0333992547239035
32468,Normal_Weight,3.627500387651978
32469,Normal_Weight,5.983834865729054
32470,Normal_Weight,3.9913604773334788
32471,Normal_Weight,0.28176613026250763
32472,Normal_Weight,2.4930785375451308
32473,Normal_Weight,4.009062848499073
32474,Normal_Weight,5.887810793130813
32475,Normal_Weight,4.122863485736393
32476,Normal_Weight,-0.0632181782174271
32477,Normal_Weight,4.027037654937471
32478,Normal_Weight,3.1010638797671
32479,Normal_Weight,2.202619995614739
32480,Normal_Weight,4.006202655382015
32481,Normal_Weight,5.0576794068047555
32482,Normal_Weight,4.631976219633625
32483,Normal_Weight,0.2114611593513768
32484,Normal_Weight,0.28771117760700093
32485,Normal_Weight,5.200910651976771
32486,Normal_Weight,0.4473618505086752
32487,Normal_Weight,3.014477065729921
32488,Normal_Weight,3.012944445803196
32489,Normal_Weight,1.0295072023127312
32490,Normal_Weight,3.054048483221148
32491,Normal_Weight,6.295725369117465
32492,Normal_Weight,0.5231509307784744
32493,Normal_Weight,3.795731648519927
32494,Normal_Weight,0.5639523901699917
32495,Normal_Weight,3.989805461048026
32496,Normal_Weight,3.995204440029247
32497,Normal_Weight,4.077536619735292
32498,Normal_Weight,3.156606985914443
32499,Normal_Weight,3.03128390120559
32500,Normal_Weight,4.709902473854828
32501,Normal_Weight,2.08340416257096
32502,Normal_Weight,3.144418905037032
32503,Normal_Weight,2.7748169185261413
32504,Normal_Weight,5.98748686536716
32505,Normal_Weight,1.9515026643919544
32506,Normal_Weight,4.068571367922744
32507,Normal_Weight,2.877048251684705
32508,Normal_Weight,0.8241153190248225
32509,Normal_Weight,2.41808259462551
32510,Normal_Weight,2.7474696823047045
32511,Normal_Weight,3.0384159826785924
32512,Normal_Weight,3.211586351510337
32513,Normal_Weight,4.031101942228779
32514,Normal_Weight,5.947995669568705
32515,Normal_Weight,0.3282792338528539
32516,Normal_Weight,3.7874252504364665
32517,Normal_Weight,4.186516127496237
32518,Normal_Weight,0.039708090263123955
32519,Normal_Weight,3.891061985555563
32520,Normal_Weight,1.2848475149079737
32521,Normal_Weight,3.410644287588848
32522,Normal_Weight,5.416202856087897
32523,Normal_Weight,3.166243647063065
32524,Normal_Weight,1.6239372357114417
32525,Normal_Weight,1.2791105909492522
32526,Normal_Weight,3.0386254173857763
32527,Normal_Weight,2.700348875841527
32528,Normal_Weight,0.8269381505449487
32529,Normal_Weight,0.40511408997809845
32530,Normal_Weight,4.026301792546678
32531,Normal_Weight,3.6314961156480914
32532,Normal_Weight,0.347114181716706
32533,Normal_Weight,0.13481853257500911
32534,Normal_Weight,3.438841588031621
32535,Normal_Weight,5.210703109942247
32536,Normal_Weight,2.894851156449746
32537,Normal_Weight,-0.08270470975312386
32538,Normal_Weight,4.08392687500838
32539,Normal_Weight,0.7835269553280053
32540,Normal_Weight,1.1019676043367121
32541,Normal_Weight,3.3732948718295783
32542,Normal_Weight,3.5963575049218854
32543,Normal_Weight,-0.2170150686694796
32544,Normal_Weight,3.7380276500160563
32545,Normal_Weight,0.7501122526511382
32546,Normal_Weight,4.880510548959181
32547,Normal_Weight,2.921960032087646
32548,Normal_Weight,3.464370006741848
32549,Normal_Weight,5.953875896464038
32550,Normal_Weight,3.50237921183583
32551,Normal_Weight,5.54163779812493
32552,Normal_Weight,3.2335009758293363
32553,Normal_Weight,5.1585174196129495
32554,Normal_Weight,3.011548234725911
32555,Normal_Weight,4.985335858069438
32556,Normal_Weight,5.74859054628022
32557,Normal_Weight,4.053014168497866
32558,Normal_Weight,4.767645265197203
32559,Normal_Weight,4.029444719632923
32560,Normal_Weight,5.239776014589477
32561,Normal_Weight,3.962096014224402
32562,Normal_Weight,2.6460353392365095
32563,Normal_Weight,5.724802133571473
32564,Normal_Weight,0.3786910527727019
32565,Normal_Weight,2.9666523440698147
32566,Normal_Weight,6.400193942998578
32567,Normal_Weight,4.147390794044911
32568,Normal_Weight,0.2791471974985665
32569,Normal_Weight,6.049456581281598
32570,Normal_Weight,4.477775567880868
32571,Normal_Weight,0.9434908534116164
32572,Normal_Weight,2.105520474976008
32573,Normal_Weight,3.937856340852726
32574,Normal_Weight,3.6401675492529297
32575,Normal_Weight,1.8010756906231007
32576,Normal_Weight,-0.030073920314379547
32577,Normal_Weight,1.1650517667332443
32578,Normal_Weight,4.846685286341483
32579,Normal_Weight,2.1980261231530442
32580,Normal_Weight,0.13966463072563318
32581,Normal_Weight,0.9827624641434906
32582,Normal_Weight,4.066935503870566
32583,Normal_Weight,1.154657496477112
32584,Normal_Weight,2.5419383758501195
32585,Normal_Weight,3.1355957256052593
32586,Normal_Weight,1.272741268327407
32587,Normal_Weight,3.158502383876408
32588,Normal_Weight,2.4475343683064654
32589,Normal_Weight,0.422812415194554
32590,Normal_Weight,2.4572589122771054
32591,Normal_Weight,4.051483813362631
32592,Normal_Weight,0.23020420735149916
32593,Normal_Weight,1.5902046768041185
32594,Normal_Weight,4.006202655382015
32595,Normal_Weight,1.1755152455518738
32596,Normal_Weight,2.8774646679471187
32597,Normal_Weight,4.032312441839481
32598,Normal_Weight,0.20702682546178872
32599,Normal_Weight,4.277631846878625
32600,Normal_Weight,1.005245205325153
32601,Normal_Weight,3.333026209854104
32602,Normal_Weight,2.565216790365168
32603,Normal_Weight,5.44366183976978
32604,Normal_Weight,1.2992000985447558
32605,Normal_Weight,4.011385405423293
32606,Normal_Weight,3.769252877347131
32607,Normal_Weight,0.26737178631300906
32608,Normal_Weight,4.500199561498255
32609,Normal_Weight,4.139053409470511
32610,Normal_Weight,3.033553902051421
32611,Normal_Weight,4.6612361780035165
32612,Normal_Weight,0.43999009140597467
32613,Normal_Weight,4.6800394156764025
32614,Normal_Weight,1.7601282550224455
32615,Normal_Weight,0.325013138161611
32616,Normal_Weight,0.7054889049178267
32617,Normal_Weight,0.5004525895511142
32618,Normal_Weight,5.630362746308236
32619,Normal_Weight,3.4790044316137396
32620,Normal_Weight,0.6045050157926849
32621,Normal_Weight,4.079055596818493
32622,Normal_Weight,1.844175726987338
32623,Normal_Weight,4.9988145606460685
32624,Normal_Weight,5.0634347598934
32625,Normal_Weight,3.880633194339765
32626,Normal_Weight,4.059885832156118
32627,Normal_Weight,3.196415088116408
32628,Normal_Weight,3.223214170331762
32629,Normal_Weight,3.5386815377854455
32630,Normal_Weight,6.321558063935507
32631,Normal_Weight,1.0356993445047107
32632,Normal_Weight,5.037963412178794
32633,Normal_Weight,4.009374182687803
32634,Normal_Weight,1.2138592305797709
32635,Normal_Weight,3.9340839933753484
32636,Normal_Weight,2.533496763484336
32637,Normal_Weight,5.630960299416664
32638,Normal_Weight,4.0248419654738745
32639,Normal_Weight,5.501988352080623
32640,Normal_Weight,4.0679554499752735
32641,Normal_Weight,0.5601481543608904
32642,Normal_Weight,3.2375165577846876
32643,Normal_Weight,3.256126647114283
32644,Normal_Weight,3.9645507956484267
32645,Normal_Weight,1.5347755080012078
32646,Normal_Weight,5.830743903397513
32647,Normal_Weight,3.9480269708511515
32648,Normal_Weight,3.028916189651568
32649,Normal_Weight,4.021687465294486
32650,Normal_Weight,2.4491888955565093
32651,Normal_Weight,4.031101942228779
32652,Normal_Weight,5.263346512483669
32653,Normal_Weight,2.4480197251289812
32654,Normal_Weight,0.06242656019206768
32655,Normal_Weight,2.6318712190358404
32656,Normal_Weight,3.8660488803097754
32657,Normal_Weight,5.056872041255391
32658,Normal_Weight,3.1545177586799316
32659,Normal_Weight,2.829661121865743
32660,Normal_Weight,1.0959045307431698
32661,Normal_Weight,4.9429303883178335
32662,Normal_Weight,1.2421642649020899
32663,Normal_Weight,2.0690826917690015
32664,Normal_Weight,2.979239261936252
32665,Normal_Weight,5.566611042453784
32666,Normal_Weight,1.500454135908172
32667,Normal_Weight,0.25485321601403127
32668,Normal_Weight,0.4851890997358813
32669,Normal_Weight,-0.05048083099648301
32670,Normal_Weight,0.466287314291924
32671,Normal_Weight,3.724186405086953
32672,Normal_Weight,3.4547769709107303
32673,Normal_Weight,4.463313238967585
32674,Normal_Weight,0.42764665353309994
32675,Normal_Weight,-0.034306121775133314
32676,Normal_Weight,0.45763271146152745
32677,Normal_Weight,1.206210117913938
32678,Normal_Weight,3.251814460884452
32679,Normal_Weight,0.6496874339306529
32680,Normal_Weight,1.5011400345256865
32681,Normal_Weight,0.5797282021963003
32682,Normal_Weight,2.638761439617448
32683,Normal_Weight,0.2391838189448606
32684,Normal_Weight,5.0957893320708925
32685,Normal_Weight,0.6111486567070975
32686,Normal_Weight,5.087670109065606
32687,Normal_Weight,4.064977849654421
32688,Normal_Weight,3.377765449890199
32689,Normal_Weight,3.21222908747861
32690,Normal_Weight,2.9967277788336038
32691,Normal_Weight,4.167899899057631
32692,Normal_Weight,4.033230884219361
32693,Normal_Weight,3.890337434864448
32694,Normal_Weight,5.969082572483737
32695,Normal_Weight,5.696903409280597
32696,Normal_Weight,3.9946361123968295
32697,Normal_Weight,1.1926443465317378
32698,Normal_Weight,5.240160742712473
32699,Normal_Weight,3.0522026307847883
32700,Normal_Weight,0.2160458999896603
32701,Normal_Weight,4.035615042275319
32702,Normal_Weight,2.427631701763001
32703,Normal_Weight,5.5697213907756336
32704,Normal_Weight,3.3638731448856487
32705,Normal_Weight,2.279809972102498
32706,Normal_Weight,5.7419247720026325
32707,Normal_Weight,3.8993228792811587
32708,Normal_Weight,3.808718156749084
32709,Normal_Weight,4.429404558562531
32710,Normal_Weight,1.3577722587980243
32711,Normal_Weight,3.212464422868873
32712,Normal_Weight,4.097981560896342
32713,Normal_Weight,4.38980766778821
32714,Normal_Weight,4.222824093372755
32715,Normal_Weight,4.258485465778851
32716,Normal_Weight,4.644216860923879
32717,Normal_Weight,0.8170348213523172
32718,Normal_Weight,3.1233414120776763
32719,Normal_Weight,1.4331843738119867
32720,Normal_Weight,5.701594272993462
32721,Normal_Weight,0.9180875146021967
32722,Normal_Weight,1.5582135932480738
32723,Normal_Weight,2.4556043711190845
32724,Normal_Weight,3.7592584454364637
32725,Normal_Weight,3.5339502648260703
32726,Normal_Weight,0.004987001817666321
32727,Normal_Weight,0.430904330344396
32728,Normal_Weight,3.4531905548173327
32729,Normal_Weight,3.135037876784445
32730,Normal_Weight,0.3925076407151074
32731,Normal_Weight,1.094855624533383
32732,Normal_Weight,0.7404926339059025
32733,Normal_Weight,0.4304405080658045
32734,Normal_Weight,3.004392285740064
32735,Normal_Weight,4.07839893204991
32736,Normal_Weight,3.3528354393195925
32737,Normal_Weight,4.009062848499073
32738,Normal_Weight,3.6463855964006346
32739,Normal_Weight,3.1322892586003013
32740,Normal_Weight,3.734196288823662
32741,Normal_Weight,4.0155064847120725
32742,Normal_Weight,5.593420507970046
32743,Normal_Weight,5.321516497812685
32744,Normal_Weight,4.083563166500512
32745,Normal_Weight,5.421582653433851
32746,Normal_Weight,3.8445912551777335
32747,Normal_Weight,1.443904050430043
32748,Normal_Weight,3.313979814480612
32749,Normal_Weight,5.726238366389673
32750,Normal_Weight,1.2818246979538577
32751,Normal_Weight,3.239355083964002
32752,Normal_Weight,4.019412042092938
32753,Normal_Weight,1.9423471409167217
32754,Normal_Weight,0.5110934654855251
32755,Normal_Weight,1.5860345728468317
32756,Normal_Weight,0.09639825360182619
32757,Normal_Weight,6.356271918865121
32758,Normal_Weight,5.01248873206149
32759,Normal_Weight,2.085717434009678
32760,Normal_Weight,5.287565871016417
32761,Normal_Weight,4.6408038095170605
32762,Normal_Weight,2.807389536729571
32763,Normal_Weight,3.9157617506878384
32764,Normal_Weight,4.028241749111727
32765,Normal_Weight,4.921827092743333
32766,Normal_Weight,4.006202655382015
32767,Normal_Weight,4.892653622036702
32768,Normal_Weight,1.0798530868313518
32769,Normal_Weight,2.2715393908568595
32770,Normal_Weight,-0.004387054286645462
32771,Normal_Weight,2.2214982937914995
32772,Normal_Weight,1.260863025747408
32773,Normal_Weight,3.094229180810587
32774,Normal_Weight,3.0431538736381163
32775,Normal_Weight,3.0879420151500474
32776,Normal_Weight,1.037396269844316
32777,Normal_Weight,1.387542782846783
32778,Normal_Weight,4.7963248789983375
32779,Normal_Weight,0.8883882906088113
32780,Normal_Weight,1.9933755894376874
32781,Normal_Weight,4.387095288015697
32782,Normal_Weight,0.6072385162662189
32783,Normal_Weight,2.4508803136874695
32784,Normal_Weight,1.6738824971386674
32785,Normal_Weight,6.358003337041265
32786,Normal_Weight,5.940731717289635
32787,Normal_Weight,4.935571383254408
32788,Normal_Weight,4.021687465294486
32789,Normal_Weight,3.1979628918835936
32790,Normal_Weight,2.6275300757416917
32791,Normal_Weight,5.903543915687194
32792,Normal_Weight,4.031101942228779
32793,Normal_Weight,4.001649654281703
32794,Normal_Weight,2.139002793541705
32795,Normal_Weight,0.33606528978785866
32796,Normal_Weight,4.1425081769533065
32797,Normal_Weight,5.120408849830828
32798,Normal_Weight,4.009062848499073
32799,Normal_Weight,5.530278771089938
32800,Normal_Weight,4.264110028746614
32801,Normal_Weight,2.6516362488062812
32802,Normal_Weight,1.351713656388452
32803,Normal_Weight,3.107056450400744
32804,Normal_Weight,4.162984689317787
32805,Normal_Weight,4.236576924469611
32806,Normal_Weight,1.395482815321155
32807,Normal_Weight,3.0765247317184405
32808,Normal_Weight,5.778791792133864
32809,Normal_Weight,0.4920258081572303
32810,Normal_Weight,5.811014445786757
32811,Normal_Weight,4.006493118235189
32812,Normal_Weight,4.031101942228779
32813,Normal_Weight,4.066935503870566
32814,Normal_Weight,5.030952701274579
32815,Normal_Weight,5.423962081778501
32816,Normal_Weight,4.859217334001477
32817,Normal_Weight,4.006202655382015
32818,Normal_Weight,3.632747281005044
32819,Normal_Weight,4.289184597408387
32820,Normal_Weight,2.7799782545036913
32821,Normal_Weight,4.036823380330152
32822,Normal_Weight,0.0411077691079035
32823,Normal_Weight,5.524620007279502
32824,Normal_Weight,5.837994372075273
32825,Normal_Weight,3.961928376566642
32826,Normal_Weight,0.3272271854592887
32827,Normal_Weight,6.032132246514242
32828,Normal_Weight,-0.060569879239771016
32829,Normal_Weight,3.9948524954857563
32830,Normal_Weight,4.051267783647468
32831,Normal_Weight,4.480071482972452
32832,Normal_Weight,1.5235486129240057
32833,Normal_Weight,1.3334467223557493
32834,Normal_Weight,3.529839186137591
32835,Normal_Weight,0.2858732342836367
32836,Normal_Weight,2.698563358731927
32837,Normal_Weight,4.081552507516853
32838,Normal_Weight,4.028241749111727
32839,Normal_Weight,0.6455052759166938
32840,Normal_Weight,6.230749333772605
32841,Normal_Weight,2.8376158077613387
32842,Normal_Weight,4.006493118235189
32843,Normal_Weight,4.812218535105563
32844,Normal_Weight,5.019096269415653
32845,Normal_Weight,5.538674909343844
32846,Normal_Weight,4.006202655382015
32847,Normal_Weight,3.269017163662902
32848,Normal_Weight,5.581888336243304
32849,Normal_Weight,3.2496302130832535
32850,Normal_Weight,3.319135076910646
32851,Normal_Weight,4.552834667926586
32852,Normal_Weight,0.16987199080374896
32853,Normal_Weight,3.058075327089247
32854,Normal_Weight,4.0248419654738745
32855,Normal_Weight,4.011857838764746
32856,Normal_Weight,4.7289767444510185
32857,Normal_Weight,5.7877174403071745
32858,Normal_Weight,5.110962793278285
32859,Normal_Weight,4.032561769301583
32860,Normal_Weight,3.1653027470392368
32861,Normal_Weight,1.653428161786254
32862,Normal_Weight,5.629610679173829
32863,Normal_Weight,0.9114746685847457
32864,Normal_Weight,2.9890491820201497
32865,Normal_Weight,4.021293280673971
32866,Normal_Weight,3.06713975848182
32867,Normal_Weight,2.915679122282196
32868,Normal_Weight,3.3752587065000395
32869,Normal_Weight,5.253543062621115
32870,Normal_Weight,2.0731867498468337
32871,Normal_Weight,5.174469723851405
32872,Normal_Weight,5.172300897781008
32873,Normal_Weight,3.8416893265663763
32874,Normal_Weight,0.3981964289678122
32875,Normal_Weight,5.557668347066598
32876,Normal_Weight,3.8866452301294174
32877,Normal_Weight,3.344734916777522
32878,Normal_Weight,4.007268297834305
32879,Normal_Weight,0.1631504868712266
32880,Normal_Weight,0.9825481870553913
32881,Normal_Weight,3.962026534138131
32882,Normal_Weight,0.27641908574339275
32883,Normal_Weight,2.7893303541969545
32884,Normal_Weight,2.2878781140989
32885,Normal_Weight,3.396185919583062
32886,Normal_Weight,4.927225323204395
32887,Normal_Weight,5.356099034586161
32888,Normal_Weight,5.743956747716169
32889,Normal_Weight,4.010856155742362
32890,Normal_Weight,4.099305363505755
32891,Normal_Weight,3.109299889418733
32892,Normal_Weight,5.190497332909451
32893,Normal_Weight,4.021981772356822
32894,Normal_Weight,2.778933345570962
32895,Normal_Weight,0.6985284695920706
32896,Normal_Weight,3.33765922486349
32897,Normal_Weight,3.927800827613554
32898,Normal_Weight,1.0943049278323351
32899,Normal_Weight,3.32180927333445
32900,Normal_Weight,1.5057564211554957
32901,Normal_Weight,0.6957480749412001
32902,Normal_Weight,5.344088773858694
32903,Normal_Weight,3.3379748238285027
32904,Normal_Weight,1.2940223878069659
32905,Normal_Weight,3.9258074301864725
32906,Normal_Weight,6.385214825678948
32907,Normal_Weight,3.9884393018149846
32908,Normal_Weight,5.1749127114551925
32909,Normal_Weight,4.689836550795822
32910,Normal_Weight,3.253497635681034
32911,Normal_Weight,2.6477299787950814
32912,Normal_Weight,4.572296017654714
32913,Normal_Weight,4.027037654937471
32914,Normal_Weight,5.637595794679341
32915,Normal_Weight,4.032561769301583
32916,Normal_Weight,5.016775510369548
32917,Normal_Weight,3.3204054033315877
32918,Normal_Weight,5.395146541339261
32919,Normal_Weight,3.9845654267245645
32920,Normal_Weight,1.4524527652747965
32921,Normal_Weight,0.45002419815606054
32922,Normal_Weight,4.18252324064424
32923,Normal_Weight,4.029891617593037
32924,Normal_Weight,4.009062848499073
32925,Normal_Weight,0.40213267845786405
32926,Normal_Weight,3.082198983829867
32927,Normal_Weight,5.552874261182174
32928,Normal_Weight,5.861229092862071
32929,Normal_Weight,4.795063308510107
32930,Normal_Weight,5.54749551180078
32931,Normal_Weight,5.035414989203445
32932,Normal_Weight,2.4257533323723344
32933,Normal_Weight,5.86615488368607
32934,Normal_Weight,4.184585819313469
32935,Normal_Weight,1.6746757597597377
32936,Normal_Weight,4.801332857434384
32937,Normal_Weight,2.533351845811065
32938,Normal_Weight,5.441338966344257
32939,Normal_Weight,3.7203056020078398
32940,Normal_Weight,0.3381576104714311
32941,Normal_Weight,3.8537849548558807
32942,Normal_Weight,4.006202655382015
32943,Normal_Weight,0.4780520711730233
32944,Normal_Weight,0.31902632430841715
32945,Normal_Weight,-0.03500692685848826
32946,Normal_Weight,1.237843004619193
32947,Normal_Weight,0.5141236380018938
32948,Normal_Weight,3.476428320396974
32949,Normal_Weight,3.1618798145790543
32950,Normal_Weight,4.172119505722497
32951,Normal_Weight,3.9948524954857563
32952,Normal_Weight,5.938781115101053
32953,Normal_Weight,3.048034505641226
32954,Normal_Weight,2.2246885172244375
32955,Normal_Weight,4.006202655382015
32956,Normal_Weight,0.3722407065228768
32957,Normal_Weight,4.213465010930933
32958,Normal_Weight,3.272664419785418
32959,Normal_Weight,2.6923820435735877
32960,Normal_Weight,2.898022185820779
32961,Normal_Weight,5.607451689113348
32962,Normal_Weight,4.02368101939431
32963,Normal_Weight,5.248598032416701
32964,Normal_Weight,5.196656180090076
32965,Normal_Weight,2.8805541555968945
32966,Normal_Weight,3.2559002834497273
32967,Normal_Weight,2.8281802360079267
32968,Normal_Weight,0.5273879291559256
32969,Normal_Weight,3.0774226302627574
32970,Normal_Weight,4.051267783647468
32971,Normal_Weight,0.975034399377467
32972,Normal_Weight,5.0550973378590305
32973,Normal_Weight,-0.001470618098573626
32974,Normal_Weight,0.7749225609184541
32975,Normal_Weight,0.3539006748146458
32976,Normal_Weight,2.217795588012324
32977,Normal_Weight,0.14280306584971372
32978,Normal_Weight,3.9635919754471423
32979,Normal_Weight,5.010399230151
32980,Normal_Weight,0.35194434593923085
32981,Normal_Weight,0.047039662156506214
32982,Normal_Weight,3.1562466456851994
32983,Normal_Weight,0.4429929107008515
32984,Normal_Weight,4.02671139397649
32985,Normal_Weight,2.465566585982859
32986,Normal_Weight,3.381103490750405
32987,Normal_Weight,0.7035543389771078
32988,Normal_Weight,4.0155064847120725
32989,Normal_Weight,4.014613318582803
32990,Normal_Weight,2.3180568101132373
32991,Normal_Weight,5.359934742512462
32992,Normal_Weight,3.1266672920534435
32993,Normal_Weight,3.3264240544679766
32994,Normal_Weight,3.997205842660711
32995,Normal_Weight,2.2040385756465333
32996,Normal_Weight,0.5408827655076753
32997,Normal_Weight,4.615167430209572
32998,Normal_Weight,0.7498307908947028
32999,Normal_Weight,4.139053409470511
33000,Normal_Weight,4.060919347779626
33001,Normal_Weight,2.8889441939701475
33002,Normal_Weight,2.149415603774475
33003,Normal_Weight,2.7363492964728002
33004,Normal_Weight,0.14647474807693112
33005,Normal_Weight,1.0417682560458548
33006,Normal_Weight,2.252292476345002
33007,Normal_Weight,3.3245315734199026
33008,Normal_Weight,5.411738121682691
33009,Normal_Weight,4.545017108849143
33010,Normal_Weight,0.25801552178207704
33011,Normal_Weight,0.40029711685889363
33012,Normal_Weight,4.009062848499073
33013,Normal_Weight,3.25905874199866
33014,Normal_Weight,4.001709302046484
33015,Normal_Weight,0.5271389704544317
33016,Normal_Weight,2.1695811295798513
33017,Normal_Weight,2.624360352418672
33018,Normal_Weight,1.1809297772467073
33019,Normal_Weight,3.2473596678878187
33020,Normal_Weight,5.038770834349172
33021,Normal_Weight,2.8866529321765504
33022,Normal_Weight,1.314669449761298
33023,Normal_Weight,4.006202655382015
33024,Normal_Weight,2.0234368764046
33025,Normal_Weight,4.226047007134855
33026,Normal_Weight,0.28851847707370176
33027,Normal_Weight,2.771405379449153
33028,Normal_Weight,3.1465495032997555
33029,Normal_Weight,3.261726943501431
33030,Normal_Weight,2.83076352700956
33031,Normal_Weight,3.416535562811383
33032,Normal_Weight,0.2798448944804254
33033,Normal_Weight,0.3847651803647435
33034,Normal_Weight,4.0248419654738745
33035,Normal_Weight,2.581128181167809
33036,Normal_Weight,2.4571395528344238
33037,Normal_Weight,4.0248419654738745
33038,Normal_Weight,4.006202655382015
33039,Normal_Weight,2.514065833369044
33040,Normal_Weight,0.029678682755449475
33041,Normal_Weight,2.914709173190761
33042,Normal_Weight,3.051834129261484
33043,Normal_Weight,4.039439293017486
33044,Normal_Weight,4.040587689715187
33045,Normal_Weight,3.679789540600267
33046,Normal_Weight,3.964483579022985
33047,Normal_Weight,3.9927987600621577
33048,Normal_Weight,3.9913604773334788
33049,Normal_Weight,4.027009727692079
33050,Normal_Weight,2.764488985880883
33051,Normal_Weight,4.023621528315569
33052,Normal_Weight,4.032208993643648
33053,Normal_Weight,4.054326806416446
33054,Normal_Weight,2.8223378024661834
33055,Normal_Weight,6.280502112716051
33056,Normal_Weight,0.14473184090181854
33057,Normal_Weight,4.07590202135155
33058,Normal_Weight,4.006743987509223
33059,Normal_Weight,3.201293774987277
33060,Normal_Weight,3.875675392615534
33061,Normal_Weight,5.8341890867361865
33062,Normal_Weight,2.545772118934167
33063,Normal_Weight,2.7799754511251025
33064,Normal_Weight,5.341369585266296
33065,Normal_Weight,3.3848563160850746
33066,Normal_Weight,0.0835485616068363
33067,Normal_Weight,3.99235186853957
33068,Normal_Weight,0.5718613397412738
33069,Normal_Weight,0.8047791907030202
33070,Normal_Weight,5.639987497885502
33071,Normal_Weight,0.45565197865271173
33072,Normal_Weight,4.006202655382015
33073,Normal_Weight,0.7511773244380928
33074,Normal_Weight,1.3247760614349573
33075,Normal_Weight,1.274582624899979
33076,Normal_Weight,0.4154098189692574
33077,Normal_Weight,0.16741842553868794
33078,Normal_Weight,3.1799481003593493
33079,Normal_Weight,4.0352110067490035
33080,Normal_Weight,4.031101942228779
33081,Normal_Weight,2.2296907506657213
33082,Normal_Weight,6.033286486201144
33083,Normal_Weight,1.445973576943338
33084,Normal_Weight,2.372429609857258
33085,Normal_Weight,5.8550692575208565
33086,Normal_Weight,0.20063676001026853
33087,Normal_Weight,2.751184445866716
33088,Normal_Weight,2.6621750365317185
33089,Normal_Weight,1.408984256035935
33090,Normal_Weight,2.9876275171352287
33091,Normal_Weight,0.25235499850944393
33092,Normal_Weight,2.344903213405773
33093,Normal_Weight,4.076696310504774
33094,Normal_Weight,0.32684969186078494
33095,Normal_Weight,0.5427372282529719
33096,Normal_Weight,1.9235641421548635
33097,Normal_Weight,2.854405560696572
33098,Normal_Weight,4.006202655382015
33099,Normal_Weight,0.49064343101633645
33100,Normal_Weight,5.832455307319627
33101,Normal_Weight,0.27706340356717934
33102,Normal_Weight,0.047591737824363635
33103,Normal_Weight,0.2109494504829587
33104,Normal_Weight,2.983738521090811
33105,Normal_Weight,2.8661468317477428
33106,Normal_Weight,0.7799061923195769
33107,Normal_Weight,4.691630938213133
33108,Normal_Weight,1.9833690821703571
33109,Normal_Weight,4.07839893204991
33110,Normal_Weight,3.3137476436758777
33111,Normal_Weight,4.114336933147499
33112,Normal_Weight,4.00407012585887
33113,Normal_Weight,5.038395373882507
33114,Normal_Weight,0.12774652501712577
33115,Normal_Weight,2.7553091279359796
33116,Normal_Weight,3.1303610082315
33117,Normal_Weight,3.1976849466538093
33118,Normal_Weight,3.6089307611070987
33119,Normal_Weight,1.3842864745317678
33120,Normal_Weight,0.5451995144669899
33121,Normal_Weight,1.7475947720390377
33122,Normal_Weight,3.241835012000491
33123,Normal_Weight,3.1788661654587616
33124,Normal_Weight,5.376823177028207
33125,Normal_Weight,3.43722405513965
33126,Normal_Weight,2.855663371116397
33127,Normal_Weight,-0.009709946059215904
33128,Normal_Weight,3.2857032479610404
33129,Normal_Weight,4.016188588236525
33130,Normal_Weight,4.051483813362631
33131,Normal_Weight,2.5780958754674304
33132,Normal_Weight,3.133778432434741
33133,Normal_Weight,2.5723465243829486
33134,Normal_Weight,3.9691030548779898
33135,Normal_Weight,4.018728950437958
33136,Normal_Weight,0.8616394662634737
33137,Normal_Weight,3.24677113769561
33138,Normal_Weight,3.429009087977371
33139,Normal_Weight,4.437084893010424
33140,Normal_Weight,0.935579919374325
33141,Normal_Weight,4.768070892825071
33142,Normal_Weight,5.564109456006618
33143,Normal_Weight,4.733736412965955
33144,Normal_Weight,3.0609179515004676
33145,Normal_Weight,5.552594339769635
33146,Normal_Weight,2.7987222782178978
33147,Normal_Weight,0.017207791846227536
33148,Normal_Weight,3.2150119954203644
33149,Normal_Weight,3.222772021420246
33150,Normal_Weight,3.0746494655384766
33151,Normal_Weight,0.7916579729978083
33152,Normal_Weight,0.9339162256021057
33153,Normal_Weight,2.9462430297575573
33154,Normal_Weight,4.01433156275229
33155,Normal_Weight,3.03812000568738
33156,Normal_Weight,5.366688519184348
33157,Normal_Weight,3.2908738639925237
33158,Normal_Weight,0.5491187648975231
33159,Normal_Weight,4.009062848499073
33160,Normal_Weight,5.829916417716862
33161,Normal_Weight,2.401216399485802
33162,Normal_Weight,5.575920485249698
33163,Normal_Weight,5.364688784551343
33164,Normal_Weight,3.67357313473385
33165,Normal_Weight,2.977094327433599
33166,Normal_Weight,5.7837124834147255
33167,Normal_Weight,2.4510556539981674
33168,Normal_Weight,3.181925132433112
33169,Normal_Weight,6.200090286531049
33170,Normal_Weight,0.23210469549800214
33171,Normal_Weight,3.0566260811761827
33172,Normal_Weight,3.5612279203536716
33173,Normal_Weight,1.4539102175611764
33174,Normal_Weight,2.376331052613565
33175,Normal_Weight,5.162785408699769
33176,Normal_Weight,3.8273032486052183
33177,Normal_Weight,2.5368774811762056
33178,Normal_Weight,5.427654072626374
33179,Normal_Weight,4.066935503870566
33180,Normal_Weight,4.094833007426966
33181,Normal_Weight,5.524871684971816
33182,Normal_Weight,0.2839484614930163
33183,Normal_Weight,1.7864214843630672
33184,Normal_Weight,4.003632925118131
33185,Normal_Weight,5.455463977704412
33186,Normal_Weight,4.020227638221682
33187,Normal_Weight,5.454129530071505
33188,Normal_Weight,5.10119254711749
33189,Normal_Weight,4.617822263855174
33190,Normal_Weight,1.3818557530243216
33191,Normal_Weight,4.813506039794892
33192,Normal_Weight,2.5253556121897702
33193,Normal_Weight,1.3961156794930076
33194,Normal_Weight,3.0742557173306833
33195,Normal_Weight,3.4079866021481355
33196,Normal_Weight,3.996451477163097
33197,Normal_Weight,0.5452027760966034
33198,Normal_Weight,2.697745554036862
33199,Normal_Weight,4.018948246094094
33200,Normal_Weight,4.030975074768159
33201,Normal_Weight,3.720654351113409
33202,Normal_Weight,3.0287660100980616
33203,Normal_Weight,4.010981026588814
33204,Normal_Weight,4.605983770495173
33205,Normal_Weight,3.002003961284976
33206,Normal_Weight,2.461527777697227
33207,Normal_Weight,3.183961587907333
33208,Normal_Weight,3.2612096221172906
33209,Normal_Weight,2.588419935075538
33210,Normal_Weight,6.439784093956716
33211,Normal_Weight,4.013911574188344
33212,Normal_Weight,2.4316452737713474
33213,Normal_Weight,0.18666142864922566
33214,Normal_Weight,5.6675498181699435
33215,Normal_Weight,0.5269825700845
33216,Normal_Weight,4.059005553077584
33217,Normal_Weight,1.0927817968534315
33218,Normal_Weight,2.946447295674559
33219,Normal_Weight,2.344646923334741
33220,Normal_Weight,3.003034914740159
33221,Normal_Weight,0.18671182373914816
33222,Normal_Weight,3.0493067647164933
33223,Normal_Weight,1.7849748032076
33224,Normal_Weight,4.009062848499073
33225,Normal_Weight,4.732026996059761
33226,Normal_Weight,4.006202655382015
33227,Normal_Weight,0.033295563570154126
33228,Normal_Weight,3.410309472669656
33229,Normal_Weight,2.2431414236574914
33230,Normal_Weight,0.9338728849315843
33231,Normal_Weight,0.35593149662681467
33232,Normal_Weight,0.133561996923467
33233,Normal_Weight,0.5091290167429061
33234,Normal_Weight,3.2007324542357094
33235,Normal_Weight,6.437597398958151
33236,Normal_Weight,3.95459813092323
33237,Normal_Weight,3.0052458177468635
33238,Normal_Weight,6.0189879132268835
33239,Normal_Weight,6.163170610260442
33240,Normal_Weight,3.5279135122997816
33241,Normal_Weight,3.9340839933753484
33242,Normal_Weight,3.58871234924817
33243,Normal_Weight,3.984425089899083
33244,Normal_Weight,2.586043596227385
33245,Normal_Weight,6.5056627454655835
33246,Normal_Weight,5.3192822856954
33247,Normal_Weight,0.46063821590028864
33248,Normal_Weight,6.105225349395924
33249,Normal_Weight,2.7257811501655076
33250,Normal_Weight,3.3110640478651794
33251,Normal_Weight,2.0894974893864897
33252,Normal_Weight,4.703194523710804
33253,Normal_Weight,0.26147450878506806
33254,Normal_Weight,3.4822503849557433
33255,Normal_Weight,2.6779571524342676
33256,Normal_Weight,4.009062848499073
33257,Normal_Weight,2.079632526552201
33258,Normal_Weight,3.2371200974484644
33259,Normal_Weight,5.850736346863529
33260,Normal_Weight,3.470159680085183
33261,Normal_Weight,4.006202655382015
33262,Normal_Weight,3.1551054676396815
33263,Normal_Weight,0.2969070748077722
33264,Normal_Weight,4.150544369511854
33265,Normal_Weight,5.916971181004855
33266,Normal_Weight,2.0926363182857597
33267,Normal_Weight,1.0000330064258418
33268,Normal_Weight,3.391803830200661
33269,Normal_Weight,2.9539034577937544
33270,Normal_Weight,2.072254015432437
33271,Normal_Weight,3.648952282512496
33272,Normal_Weight,0.09053879953678598
33273,Normal_Weight,5.05727425067196
33274,Normal_Weight,5.893304792393316
33275,Normal_Weight,1.100277009115182
33276,Normal_Weight,3.898329840171802
33277,Normal_Weight,2.5301657144974
33278,Normal_Weight,3.071082358169542
33279,Normal_Weight,0.5319872427257759
33280,Normal_Weight,3.141232903557599
33281,Normal_Weight,2.8527858344118595
33282,Normal_Weight,4.03864998900011
33283,Normal_Weight,4.009080894923368
33284,Normal_Weight,2.7877591853444934
33285,Normal_Weight,3.1358028950407175
33286,Normal_Weight,1.91937013036124
33287,Normal_Weight,5.068323874473556
33288,Normal_Weight,4.11178164010508
33289,Normal_Weight,4.112902304380652
33290,Normal_Weight,4.846719923764652
33291,Normal_Weight,4.010273348109772
33292,Normal_Weight,0.3782069071810225
33293,Normal_Weight,5.805634313841371
33294,Normal_Weight,4.392289704333301
33295,Normal_Weight,3.980406418584044
33296,Normal_Weight,1.0655067686657844
33297,Normal_Weight,0.3405976443100584
33298,Normal_Weight,5.219537195622334
33299,Normal_Weight,3.269081161987859
33300,Normal_Weight,4.20266009320068
33301,Normal_Weight,1.652905390294158
33302,Normal_Weight,4.009062848499073
33303,Normal_Weight,3.1258562363417717
33304,Normal_Weight,5.305250502033673
33305,Normal_Weight,4.046754191742962
33306,Normal_Weight,4.006202655382015
33307,Normal_Weight,3.154219558155437
33308,Normal_Weight,4.01194567998201
33309,Normal_Weight,2.893320434876343
33310,Normal_Weight,6.1796361510383475
33311,Normal_Weight,2.9283983038668797
33312,Normal_Weight,3.1877875112135747
33313,Normal_Weight,4.009062848499073
33314,Normal_Weight,3.775023598367729
33315,Normal_Weight,4.0111869362197545
33316,Normal_Weight,5.139652167315507
33317,Normal_Weight,3.9577440464936564
33318,Normal_Weight,5.569223975406913
33319,Normal_Weight,1.5978519864765781
33320,Normal_Weight,5.113143967333613
33321,Normal_Weight,1.9068379426361277
33322,Normal_Weight,0.2822793097923536
33323,Normal_Weight,2.0668325408271295
33324,Normal_Weight,0.6701453964992149
33325,Normal_Weight,2.6986811012107066
33326,Normal_Weight,4.771932536812721
33327,Normal_Weight,1.2653569505910574
33328,Normal_Weight,5.259444317479504
33329,Normal_Weight,0.4278286223102538
33330,Normal_Weight,4.448335364325165
33331,Normal_Weight,2.997493230485152
33332,Normal_Weight,1.1302596374208205
33333,Normal_Weight,4.042633322433498
33334,Normal_Weight,3.2876031466054707
33335,Normal_Weight,3.6515390735229687
33336,Normal_Weight,0.08726302029473555
33337,Normal_Weight,4.360182968306005
33338,Normal_Weight,3.4120009888923835
33339,Normal_Weight,-0.08080919449896597
33340,Normal_Weight,4.0248419654738745
33341,Normal_Weight,4.058348832016777
33342,Normal_Weight,3.2465980649633424
33343,Normal_Weight,4.217984311852232
33344,Normal_Weight,3.532393893066996
33345,Normal_Weight,0.3171904473407471
33346,Normal_Weight,6.310375224855178
33347,Normal_Weight,0.18415680439026946
33348,Normal_Weight,4.980571755789245
33349,Normal_Weight,4.081552507516853
33350,Normal_Weight,4.023328375473592
33351,Normal_Weight,3.051936714830573
33352,Normal_Weight,1.9420899184832612
33353,Normal_Weight,5.612842954107077
33354,Normal_Weight,3.096252122921006
33355,Normal_Weight,0.33535973817157305
33356,Normal_Weight,3.955158315425474
33357,Normal_Weight,4.015397205204579
33358,Normal_Weight,3.5603492492197786
33359,Normal_Weight,5.420226163368071
33360,Normal_Weight,4.6069882354849305
33361,Normal_Weight,2.362234058229163
33362,Normal_Weight,1.1043815208551524
33363,Normal_Weight,2.7803901064126806
33364,Normal_Weight,4.046754191742962
33365,Normal_Weight,5.5813749252051865
33366,Normal_Weight,3.437830342143434
33367,Normal_Weight,4.910059473090016
33368,Normal_Weight,4.514190866302224
33369,Normal_Weight,4.026588905913535
33370,Normal_Weight,6.079999664121382
33371,Normal_Weight,1.8114980825315656
33372,Normal_Weight,3.8616497576211066
33373,Normal_Weight,4.870181520161079
33374,Normal_Weight,3.4484865347606437
33375,Normal_Weight,3.9094276215074895
33376,Normal_Weight,2.02665236122852
33377,Normal_Weight,0.906912917043197
33378,Normal_Weight,4.939541871471512
33379,Normal_Weight,4.05534688154317
33380,Normal_Weight,3.0360012595651455
33381,Normal_Weight,3.9654642905303614
33382,Normal_Weight,6.562114260653499
33383,Normal_Weight,4.865014537724188
33384,Normal_Weight,4.139053409470511
33385,Normal_Weight,3.1158431395725246
33386,Normal_Weight,3.3256750377668003
33387,Normal_Weight,2.0626072122733814
33388,Normal_Weight,3.174751199673958
33389,Normal_Weight,2.0318037934347646
33390,Normal_Weight,1.9688634659468458
33391,Normal_Weight,0.9708435947844127
33392,Normal_Weight,3.3946005541199797
33393,Normal_Weight,5.098111346183832
33394,Normal_Weight,3.897614386045665
33395,Normal_Weight,-0.043392889834713524
33396,Normal_Weight,3.316566820596792
33397,Normal_Weight,5.412175828991132
33398,Normal_Weight,3.0261651245439225
33399,Normal_Weight,6.454531633652821
33400,Normal_Weight,2.746569597355804
33401,Normal_Weight,3.0745804020232472
33402,Normal_Weight,4.292994136974527
33403,Normal_Weight,1.9764640049756932
33404,Normal_Weight,3.17762953383118
33405,Normal_Weight,2.3914587471661584
33406,Normal_Weight,3.0453732338220503
33407,Normal_Weight,4.46312696111167
33408,Normal_Weight,0.9084592487628838
33409,Normal_Weight,0.877688451081703
33410,Normal_Weight,3.0197066717722683
33411,Normal_Weight,5.335954876923679
33412,Normal_Weight,4.015259040857095
33413,Normal_Weight,5.105440401818179
33414,Normal_Weight,0.11784521277753737
33415,Normal_Weight,1.4806970833739244
33416,Normal_Weight,0.9511609295510508
33417,Normal_Weight,2.142761024642788
33418,Normal_Weight,0.7824305681952234
33419,Normal_Weight,3.972156139781453
33420,Normal_Weight,5.811527873786736
33421,Normal_Weight,4.99869491441233
33422,Normal_Weight,4.066935503870566
33423,Normal_Weight,3.800109956023216
33424,Normal_Weight,4.035587659261343
33425,Normal_Weight,3.2088028404228686
33426,Normal_Weight,4.07590202135155
33427,Normal_Weight,5.073865576861912
33428,Normal_Weight,4.9715968322630175
33429,Normal_Weight,4.952295074089377
33430,Normal_Weight,3.985000541761156
33431,Normal_Weight,3.3911521913304714
33432,Normal_Weight,0.7145186219772951
33433,Normal_Weight,5.408746493219447
33434,Normal_Weight,0.9701107188975363
33435,Normal_Weight,4.031101942228779
33436,Normal_Weight,1.236128195310163
33437,Normal_Weight,0.11700379687827384
33438,Normal_Weight,2.4773344461261853
33439,Normal_Weight,2.458735460418681
33440,Normal_Weight,6.326546602041044
33441,Normal_Weight,2.6164615291632143
33442,Normal_Weight,4.00698457931878
33443,Normal_Weight,0.27671717728681844
33444,Normal_Weight,5.536466276344102
33445,Normal_Weight,6.206547260432468
33446,Normal_Weight,2.756509705238394
33447,Normal_Weight,5.634709564732558
33448,Normal_Weight,5.104690748556097
33449,Normal_Weight,4.027037654937471
33450,Normal_Weight,4.171238583450223
33451,Normal_Weight,1.0171329978197594
33452,Normal_Weight,2.381722950209999
33453,Normal_Weight,4.10527428365932
33454,Normal_Weight,5.627890983817019
33455,Normal_Weight,0.7459437825961545
33456,Normal_Weight,3.669655169223972
33457,Normal_Weight,3.9682916442420892
33458,Normal_Weight,0.1513191498571014
33459,Normal_Weight,6.568643553875942
33460,Normal_Weight,4.011857838764746
33461,Normal_Weight,4.87021987912997
33462,Normal_Weight,1.3984451864583598
33463,Normal_Weight,4.056250459439945
33464,Normal_Weight,3.132241614061864
33465,Normal_Weight,3.927642146856732
33466,Normal_Weight,4.612012471538709
33467,Normal_Weight,0.17453466224642958
33468,Normal_Weight,3.0842976085911666
33469,Normal_Weight,3.113723281309116
33470,Normal_Weight,5.030128253873334
33471,Normal_Weight,-0.06697337278194236
33472,Normal_Weight,3.131500622257893
33473,Normal_Weight,2.892611265743549
33474,Normal_Weight,4.233923272627477
33475,Normal_Weight,3.047478007777259
33476,Normal_Weight,0.21994570621709125
33477,Normal_Weight,2.622613116597972
33478,Normal_Weight,4.009897562976165
33479,Normal_Weight,4.0248419654738745
33480,Normal_Weight,3.3864916770755884
33481,Normal_Weight,0.0583661709638768
33482,Normal_Weight,3.2712388654965046
33483,Normal_Weight,3.882550723196996
33484,Normal_Weight,4.011258537962667
33485,Normal_Weight,4.003632925118131
33486,Normal_Weight,1.2196651902283968
33487,Normal_Weight,5.491561856640295
33488,Normal_Weight,2.3579632640931747
33489,Normal_Weight,5.804886242335429
33490,Normal_Weight,3.0681995907790123
33491,Normal_Weight,3.139301337157194
33492,Normal_Weight,2.937440770091056
33493,Normal_Weight,4.473800099070564
33494,Normal_Weight,3.946134731784295
33495,Normal_Weight,4.883384728237856
33496,Normal_Weight,3.1899807731930365
33497,Normal_Weight,6.379990393203273
33498,Normal_Weight,0.527580318664567
33499,Normal_Weight,4.699344718753324
33500,Normal_Weight,5.346147849362545
33501,Normal_Weight,3.9669113469488813
33502,Normal_Weight,3.6865850383361987
33503,Normal_Weight,0.39187634982576763
33504,Normal_Weight,1.473513657328477
33505,Normal_Weight,5.066469908649457
33506,Normal_Weight,3.178039304208056
33507,Normal_Weight,4.139053409470511
33508,Normal_Weight,1.2671005591161257
33509,Normal_Weight,0.7008724859882862
33510,Normal_Weight,3.129186482532806
33511,Normal_Weight,0.4468415334197648
33512,Normal_Weight,4.054211262430148
33513,Normal_Weight,0.21442648109567236
33514,Normal_Weight,0.9308867409532091
33515,Normal_Weight,4.065224129110497
33516,Normal_Weight,4.205562866482105
33517,Normal_Weight,3.4319664173064344
33518,Normal_Weight,3.346956171921947
33519,Normal_Weight,5.435894708843524
33520,Normal_Weight,4.076345196626312
33521,Normal_Weight,0.2180760837725539
33522,Normal_Weight,4.655145966007929
33523,Normal_Weight,4.799039271515129
33524,Normal_Weight,4.828211029177449
33525,Normal_Weight,6.083265839444342
33526,Normal_Weight,3.4298016625065344
33527,Normal_Weight,4.034127832188539
33528,Normal_Weight,2.374991905161686
33529,Normal_Weight,1.816826533169175
33530,Normal_Weight,0.051285746393973264
33531,Normal_Weight,3.8998934168370347
33532,Normal_Weight,5.079436245210308
33533,Normal_Weight,0.38312656626203484
33534,Normal_Weight,4.006202655382015
33535,Normal_Weight,5.023647843826331
33536,Normal_Weight,0.018655194875138916
33537,Normal_Weight,3.2467884549083625
33538,Normal_Weight,4.40227331254524
33539,Normal_Weight,4.520862274844403
33540,Normal_Weight,5.482797862575218
33541,Normal_Weight,0.817720991657602
33542,Normal_Weight,2.7804634105731845
33543,Normal_Weight,4.729479509981902
33544,Normal_Weight,0.33076878252649206
33545,Normal_Weight,4.009062848499073
33546,Normal_Weight,4.27160257173649
33547,Normal_Weight,0.8621813764029761
33548,Normal_Weight,3.8914345384252442
33549,Normal_Weight,1.1725975743046892
33550,Normal_Weight,4.078195613409079
33551,Normal_Weight,1.0590758207783773
33552,Normal_Weight,2.1651163869659547
33553,Normal_Weight,4.0105226755718775
33554,Normal_Weight,1.5607517856032886
33555,Normal_Weight,3.17095870580092
33556,Normal_Weight,3.0905832345467847
33557,Normal_Weight,4.046754191742962
33558,Normal_Weight,5.93716389615916
33559,Normal_Weight,1.0038461660072884
33560,Normal_Weight,3.483449866134675
33561,Normal_Weight,4.081552507516853
33562,Normal_Weight,1.2839252557843635
33563,Normal_Weight,5.164070592434082
33564,Normal_Weight,3.289893409496852
33565,Normal_Weight,3.6497237549389325
33566,Normal_Weight,4.753648754983036
33567,Normal_Weight,0.6137531263148185
33568,Normal_Weight,0.33624831211122447
33569,Normal_Weight,3.1873094906846346
33570,Normal_Weight,3.054563367189237
33571,Normal_Weight,4.026301792546678
33572,Normal_Weight,1.6175467081264903
33573,Normal_Weight,0.728896267739247
33574,Normal_Weight,0.07363633883134557
33575,Normal_Weight,6.057629829050252
33576,Normal_Weight,5.803797593880686
33577,Normal_Weight,3.124292735591753
33578,Normal_Weight,4.030975074768159
33579,Normal_Weight,4.010273348109772
33580,Normal_Weight,5.508553114176296
33581,Normal_Weight,2.782990327736015
33582,Normal_Weight,2.0613851128602385
33583,Normal_Weight,2.8695633420000335
33584,Normal_Weight,0.22985437646931292
33585,Normal_Weight,4.583350786071481
33586,Normal_Weight,3.1733969923271155
33587,Normal_Weight,3.9913604773334788
33588,Normal_Weight,4.048399841245674
33589,Normal_Weight,2.675930359734237
33590,Normal_Weight,3.1203562080428653
33591,Normal_Weight,0.22789959849362895
33592,Normal_Weight,3.207711760216712
33593,Normal_Weight,3.339321316555082
33594,Normal_Weight,3.8151845020046706
33595,Normal_Weight,0.008667339439396708
33596,Normal_Weight,1.8912753411197116
33597,Normal_Weight,4.003537042400429
33598,Normal_Weight,1.3227455576912255
33599,Normal_Weight,0.6053669822310586
33600,Normal_Weight,4.0945012068578786
33601,Normal_Weight,3.329554660231247
33602,Normal_Weight,3.9496380709564787
33603,Normal_Weight,5.111439330671759
33604,Normal_Weight,2.7281920762674567
33605,Normal_Weight,2.9832657591164033
33606,Normal_Weight,3.320596540781829
33607,Normal_Weight,3.973806299486327
33608,Normal_Weight,3.9952021519519154
33609,Normal_Weight,3.35330510374367
33610,Normal_Weight,4.0856970880143235
33611,Normal_Weight,2.8207761737903962
33612,Normal_Weight,3.2438155549150247
33613,Normal_Weight,2.620112920502726
33614,Normal_Weight,3.520312923448657
33615,Normal_Weight,3.60529099656358
33616,Normal_Weight,5.660798790504592
33617,Normal_Weight,3.0639129783154244
33618,Normal_Weight,5.486540565898123
33619,Normal_Weight,3.0004496149419437
33620,Normal_Weight,0.48461551563283484
33621,Normal_Weight,3.0610361345622907
33622,Normal_Weight,4.841784529529107
33623,Normal_Weight,0.06364975663228391
33624,Normal_Weight,5.047451188390224
33625,Normal_Weight,4.009062848499073
33626,Normal_Weight,0.9431668469347042
33627,Normal_Weight,4.031101942228779
33628,Normal_Weight,4.081552507516853
33629,Normal_Weight,1.6774772258465203
33630,Normal_Weight,3.3129834718929936
33631,Normal_Weight,4.9732672705563195
33632,Normal_Weight,3.7821733640007373
33633,Normal_Weight,3.187160650224487
33634,Normal_Weight,4.551402204174816
33635,Normal_Weight,3.32356386135092
33636,Normal_Weight,3.9453604034075345
33637,Normal_Weight,5.101381422932892
33638,Normal_Weight,3.395148558706391
33639,Normal_Weight,3.898329840171802
33640,Normal_Weight,3.9655852500899273
33641,Normal_Weight,3.519678275247035
33642,Normal_Weight,3.0579575478613585
33643,Normal_Weight,0.29366963293136783
33644,Normal_Weight,2.732791806560643
33645,Normal_Weight,0.5214559105457521
33646,Normal_Weight,3.9245900977478874
33647,Normal_Weight,3.885706927329281
33648,Normal_Weight,1.0523595163179431
33649,Normal_Weight,4.009062848499073
33650,Normal_Weight,2.616284664671558
33651,Normal_Weight,3.182598549419263
33652,Normal_Weight,4.026052465084576
33653,Normal_Weight,4.006202655382015
33654,Normal_Weight,4.028241749111727
33655,Normal_Weight,1.3738907960156008
33656,Normal_Weight,2.4067064069576443
33657,Normal_Weight,2.1837502347830253
33658,Normal_Weight,0.1516826430757604
33659,Normal_Weight,4.248939574527497
33660,Normal_Weight,0.41196206871835983
33661,Normal_Weight,3.2849195116049517
33662,Normal_Weight,4.026539397799529
33663,Normal_Weight,2.3507177769669343
33664,Normal_Weight,2.7372446820617693
33665,Normal_Weight,3.165780672052476
33666,Normal_Weight,2.726070494141403
33667,Normal_Weight,3.259791986254377
33668,Normal_Weight,0.3612924495618813
33669,Normal_Weight,3.511944571975589
33670,Normal_Weight,2.234703693794501
33671,Normal_Weight,1.531240735659221
33672,Normal_Weight,5.411579400336379
33673,Normal_Weight,3.9252067384822955
33674,Normal_Weight,2.4737247241410465
33675,Normal_Weight,0.16321673852948487
33676,Normal_Weight,0.5343750225785571
33677,Normal_Weight,1.171933340848462
33678,Normal_Weight,1.0072013850354935
33679,Normal_Weight,4.0811056159942645
33680,Normal_Weight,0.05521426244467427
33681,Normal_Weight,-0.030392612885915788
33682,Normal_Weight,1.0718223648766991
33683,Normal_Weight,2.6821784850114714
33684,Normal_Weight,0.4592931008587035
33685,Normal_Weight,3.3420725868247056
33686,Normal_Weight,3.1881951959464665
33687,Normal_Weight,4.011427918111401
33688,Normal_Weight,4.046754191742962
33689,Normal_Weight,5.837502645615908
33690,Normal_Weight,3.064582714703096
33691,Normal_Weight,2.6443445865295994
33692,Normal_Weight,2.233344300942711
33693,Normal_Weight,1.144697731747697
33694,Normal_Weight,0.358916443602821
33695,Normal_Weight,0.086320832122448
33696,Normal_Weight,0.9830154593647679
33697,Normal_Weight,2.869796323751297
33698,Normal_Weight,2.2154920336492223
33699,Normal_Weight,0.057885132325257535
33700,Normal_Weight,4.076987463109429
33701,Normal_Weight,5.242883022520307
33702,Normal_Weight,2.7454701212925148
33703,Normal_Weight,-0.05434968480329325
33704,Normal_Weight,4.021981772356822
33705,Normal_Weight,2.98680479664276
33706,Normal_Weight,3.2475593541376435
33707,Normal_Weight,3.422390935501761
33708,Normal_Weight,2.5382411920098797
33709,Normal_Weight,1.109436680132905
33710,Normal_Weight,1.9545700910521973
33711,Normal_Weight,0.03230540914246262
33712,Normal_Weight,4.202796265561454
33713,Normal_Weight,2.8514298555430253
33714,Normal_Weight,4.073224868283097
33715,Normal_Weight,5.06380505169218
33716,Normal_Weight,3.800485028508267
33717,Normal_Weight,4.385303988289928
33718,Normal_Weight,1.1717388851524138
33719,Normal_Weight,5.462222076311853
33720,Normal_Weight,0.4753925923264198
33721,Normal_Weight,5.403810405751646
33722,Normal_Weight,3.398622312895142
33723,Normal_Weight,6.067642315793141
33724,Normal_Weight,1.0647704872937533
33725,Normal_Weight,2.222388753931636
33726,Normal_Weight,4.123179817267162
33727,Normal_Weight,5.437841961722047
33728,Normal_Weight,3.1657469653315626
33729,Normal_Weight,4.001709302046484
33730,Normal_Weight,5.958773214439266
33731,Normal_Weight,4.178300653920699
33732,Normal_Weight,5.468018475851899
33733,Normal_Weight,0.9268721012659069
33734,Normal_Weight,0.41292783854237375
33735,Normal_Weight,3.06657861216652
33736,Normal_Weight,4.147590212866533
33737,Normal_Weight,3.8325379717555146
33738,Normal_Weight,4.028241749111727
33739,Normal_Weight,6.410682400449441
33740,Normal_Weight,3.9990034848966225
33741,Normal_Weight,3.204268594345154
33742,Normal_Weight,3.3410739642224043
33743,Normal_Weight,3.9091029169732456
33744,Normal_Weight,3.0700065001317993
33745,Normal_Weight,4.038874552360858
33746,Normal_Weight,3.9074785184537815
33747,Normal_Weight,0.4086808001670727
33748,Normal_Weight,4.080022152381617
33749,Normal_Weight,3.0116256514057884
33750,Normal_Weight,5.723767142046597
33751,Normal_Weight,5.2439984946923115
33752,Normal_Weight,0.11896658646351402
33753,Normal_Weight,2.186085472031559
33754,Normal_Weight,4.166865950057382
33755,Normal_Weight,0.1417643810399284
33756,Normal_Weight,3.1493080015926758
33757,Normal_Weight,0.304818565369893
33758,Normal_Weight,5.832390581067385
33759,Normal_Weight,4.810245228170612
33760,Normal_Weight,0.4816637711859885
33761,Normal_Weight,3.0466641369694942
33762,Normal_Weight,0.21557666180867066
33763,Normal_Weight,0.07674374868521366
33764,Normal_Weight,3.0614719624445508
33765,Normal_Weight,6.27710950964979
33766,Normal_Weight,2.8225555667560087
33767,Normal_Weight,4.084577930141405
33768,Normal_Weight,3.7100278758046463
33769,Normal_Weight,4.011561618326037
33770,Normal_Weight,4.097062311404371
33771,Normal_Weight,4.14498220453286
33772,Normal_Weight,3.428441758071289
33773,Normal_Weight,2.0674614118803207
33774,Normal_Weight,4.009062848499073
33775,Normal_Weight,3.481416053620401
33776,Normal_Weight,4.96559106325965
33777,Normal_Weight,5.958299207837083
33778,Normal_Weight,1.8762129786634147
33779,Normal_Weight,3.21780733215193
33780,Normal_Weight,5.775465643624102
33781,Normal_Weight,0.43198442817873745
33782,Normal_Weight,1.423437242194647
33783,Normal_Weight,3.28307709527324
33784,Normal_Weight,0.8662808706914784
33785,Normal_Weight,2.4628788553667613
33786,Normal_Weight,4.461495659098865
33787,Normal_Weight,2.846404945280273
33788,Normal_Weight,0.27870567234566096
33789,Normal_Weight,0.2678142576882202
33790,Normal_Weight,4.081552507516853
33791,Normal_Weight,5.447955285125521
33792,Normal_Weight,2.6114453978402152
33793,Normal_Weight,2.667245201564578
33794,Normal_Weight,2.1993379939655915
33795,Normal_Weight,3.2516727652667963
33796,Normal_Weight,3.3867678358660016
33797,Normal_Weight,2.025467974129562
33798,Normal_Weight,6.248772024692661
33799,Normal_Weight,1.499815773148005
33800,Normal_Weight,4.009062848499073
33801,Normal_Weight,2.7065518008457383
33802,Normal_Weight,4.1295822668236255
33803,Normal_Weight,5.186186333109444
33804,Normal_Weight,6.263195173532709
33805,Normal_Weight,4.402944817576098
33806,Normal_Weight,4.741575584712708
33807,Normal_Weight,5.134866422939219
33808,Normal_Weight,4.174534619403325
33809,Normal_Weight,2.9527433648930934
33810,Normal_Weight,0.04766641693706349
33811,Normal_Weight,0.9737475922313009
33812,Normal_Weight,4.0248419654738745
33813,Normal_Weight,4.094363109473969
33814,Normal_Weight,4.00417976590962
33815,Normal_Weight,5.806660499284366
33816,Normal_Weight,2.9501281826675996
33817,Normal_Weight,5.334398524042856
33818,Normal_Weight,5.487088371862853
33819,Normal_Weight,0.7775975185917832
33820,Normal_Weight,3.1038190802999455
33821,Normal_Weight,2.2707991688357643
33822,Normal_Weight,0.2905237088568776
33823,Normal_Weight,0.7065773021176063
33824,Normal_Weight,1.8874264385055346
33825,Normal_Weight,2.5593926303323236
33826,Normal_Weight,3.158963864892718
33827,Normal_Weight,4.706361856517083
33828,Normal_Weight,4.9095581403397475
33829,Normal_Weight,3.0736859921695054
33830,Normal_Weight,3.436390564966834
33831,Normal_Weight,1.6630382031570643
33832,Normal_Weight,4.021981772356822
33833,Normal_Weight,1.047340043141229
33834,Normal_Weight,1.5576524793736926
33835,Normal_Weight,4.399497475683788
33836,Normal_Weight,3.4498771603346765
33837,Normal_Weight,2.7670375472543958
33838,Normal_Weight,0.22815497773308246
33839,Normal_Weight,2.4878484268906225
33840,Normal_Weight,4.038874552360858
33841,Normal_Weight,3.941902299986189
33842,Normal_Weight,5.540349436182968
33843,Normal_Weight,0.22795889090463112
33844,Normal_Weight,3.9798761316794335
33845,Normal_Weight,5.734752534922809
33846,Normal_Weight,3.2422970297828964
33847,Normal_Weight,0.11488854675778877
33848,Normal_Weight,4.59986899902117
33849,Normal_Weight,4.009734023194995
33850,Normal_Weight,2.429074844442928
33851,Normal_Weight,0.9073816100973432
33852,Normal_Weight,1.696905280522752
33853,Normal_Weight,4.435904338194929
33854,Normal_Weight,4.137010577286149
33855,Normal_Weight,5.331411268903175
33856,Normal_Weight,4.824769926394935
33857,Normal_Weight,3.8713473276251005
33858,Normal_Weight,5.141330653699293
33859,Normal_Weight,3.32630549174432
33860,Normal_Weight,5.061807050915372
33861,Normal_Weight,3.3837868750154456
33862,Normal_Weight,3.956929664529533
33863,Normal_Weight,6.131725106929683
33864,Normal_Weight,3.151770477725894
33865,Normal_Weight,0.241511580200529
33866,Normal_Weight,4.166951933849709
33867,Normal_Weight,4.841831067732891
33868,Normal_Weight,1.3535862128888645
33869,Normal_Weight,5.193835839467726
33870,Normal_Weight,3.0917504498404993
33871,Normal_Weight,4.006202655382015
33872,Normal_Weight,4.725906643055807
33873,Normal_Weight,4.139668557013083
33874,Normal_Weight,5.879630536003095
33875,Normal_Weight,3.436138498480066
33876,Normal_Weight,2.23052202343364
33877,Normal_Weight,0.36911752980369716
33878,Normal_Weight,2.0684211810893736
33879,Normal_Weight,3.317739567730844
33880,Normal_Weight,1.0357791607161142
33881,Normal_Weight,1.418457589986655
33882,Normal_Weight,3.312773596009446
33883,Normal_Weight,2.6770296367149715
33884,Normal_Weight,5.710734383083523
33885,Normal_Weight,0.20286661367836856
33886,Normal_Weight,4.006202655382015
33887,Normal_Weight,3.436703625519769
33888,Normal_Weight,0.5998380948352431
33889,Normal_Weight,4.542344755724259
33890,Normal_Weight,4.984329464714283
33891,Normal_Weight,4.6454086773395575
33892,Normal_Weight,3.7393428650181435
33893,Normal_Weight,3.921481447139861
33894,Normal_Weight,3.072625332357406
33895,Normal_Weight,2.616504861685483
33896,Normal_Weight,0.03426035635011311
33897,Normal_Weight,3.0714462801042233
33898,Normal_Weight,5.220909623161283
33899,Normal_Weight,2.5964736404154256
33900,Normal_Weight,3.0395824338260007
33901,Normal_Weight,4.464322813767681
33902,Normal_Weight,5.14400275185372
33903,Normal_Weight,1.1672179228584671
33904,Normal_Weight,4.986261107316131
33905,Normal_Weight,5.836124456528878
33906,Normal_Weight,5.053419368150212
33907,Normal_Weight,2.4841229326554055
33908,Normal_Weight,0.17946960343081797
33909,Normal_Weight,6.015161237069278
33910,Normal_Weight,3.2680272708983273
33911,Normal_Weight,5.391506576018225
33912,Normal_Weight,0.5375374984743798
33913,Normal_Weight,4.008484115890454
33914,Normal_Weight,3.1999152553268164
33915,Normal_Weight,4.944670769903935
33916,Normal_Weight,0.8611056015928434
33917,Normal_Weight,0.14645022550675718
33918,Normal_Weight,2.0030513946020894
33919,Normal_Weight,1.219944830733613
33920,Normal_Weight,3.27266938705985
33921,Normal_Weight,2.995988992011737
33922,Normal_Weight,0.51447456098033
33923,Normal_Weight,3.203658955398236
33924,Normal_Weight,4.630972830806487
33925,Normal_Weight,5.774510549686324
33926,Normal_Weight,4.350170330387671
33927,Normal_Weight,5.5923585405035645
33928,Normal_Weight,4.062731211826812
33929,Normal_Weight,-0.01222432598563421
33930,Normal_Weight,1.5413330614061347
33931,Normal_Weight,-0.022489522061638845
33932,Normal_Weight,2.2916493003729643
33933,Normal_Weight,1.1344919268425073
33934,Normal_Weight,3.3577216598593895
33935,Normal_Weight,0.511708578963465
33936,Normal_Weight,4.031267639071487
33937,Normal_Weight,0.1525444233972466
33938,Normal_Weight,3.4570436507898874
33939,Normal_Weight,5.531072298599692
33940,Normal_Weight,4.0792003123895615
33941,Normal_Weight,3.381068064793348
33942,Normal_Weight,0.3900508090632967
33943,Normal_Weight,3.946424351742061
33944,Normal_Weight,3.0361049327622776
33945,Normal_Weight,2.614438507588456
33946,Normal_Weight,0.6575120207054498
33947,Normal_Weight,4.043031137522257
33948,Normal_Weight,4.201701623283162
33949,Normal_Weight,4.097730740968175
33950,Normal_Weight,3.4064671340394064
33951,Normal_Weight,0.14887125544660684
33952,Normal_Weight,0.5175173589121369
33953,Normal_Weight,4.979875145106149
33954,Normal_Weight,0.10351752597972808
33955,Normal_Weight,4.551704093792316
33956,Normal_Weight,4.030123488358362
33957,Normal_Weight,0.5329325917405201
33958,Normal_Weight,0.9258870584806016
33959,Normal_Weight,2.842762152586586
33960,Normal_Weight,0.326512952865477
33961,Normal_Weight,3.7288643043981806
33962,Normal_Weight,4.967927896156413
33963,Normal_Weight,0.46800552622831915
33964,Normal_Weight,4.793219406482471
33965,Normal_Weight,1.017696001188574
33966,Normal_Weight,3.948704462048179
33967,Normal_Weight,4.0248419654738745
33968,Normal_Weight,3.1741500795119655
33969,Normal_Weight,0.7434088179721667
33970,Normal_Weight,5.485599467497386
33971,Normal_Weight,5.078401714497166
33972,Normal_Weight,4.201701623283162
33973,Normal_Weight,0.10071678528929116
33974,Normal_Weight,4.196867675862331
33975,Normal_Weight,4.145198665370562
33976,Normal_Weight,2.4871414199156785
33977,Normal_Weight,4.0811056159942645
33978,Normal_Weight,3.346536790945907
33979,Normal_Weight,6.280089464858472
33980,Normal_Weight,6.347124466128775
33981,Normal_Weight,2.7449276912669016
33982,Normal_Weight,3.801048699036987
33983,Normal_Weight,0.4010070003967479
33984,Normal_Weight,4.046754191742962
33985,Normal_Weight,5.963379381694747
33986,Normal_Weight,3.096302611958839
33987,Normal_Weight,4.131401514199113
33988,Normal_Weight,2.6443102733670827
33989,Normal_Weight,5.48857892140266
33990,Normal_Weight,2.9172750986184224
33991,Normal_Weight,5.819667614146055
33992,Normal_Weight,6.03681607211547
33993,Normal_Weight,-0.1400264896007461
33994,Normal_Weight,5.402734342293683
33995,Normal_Weight,4.706673997627763
33996,Normal_Weight,4.150137234980335
33997,Normal_Weight,4.0132424780074905
33998,Normal_Weight,2.119903830502861
33999,Normal_Weight,4.184077691392722
34000,Normal_Weight,0.38260534029000187
34001,Normal_Weight,2.842011432192588
34002,Normal_Weight,5.008188119253341
34003,Normal_Weight,1.7879108964807342
34004,Normal_Weight,5.435695976844573
34005,Normal_Weight,1.4230246083561546
34006,Normal_Weight,2.8881784340537218
34007,Normal_Weight,3.090185936398353
34008,Normal_Weight,3.165297419230452
34009,Normal_Weight,0.27816392904845283
34010,Normal_Weight,3.966166130093304
34011,Normal_Weight,-0.16979934411639802
34012,Normal_Weight,0.6597141551324559
34013,Normal_Weight,3.6347762697937367
34014,Normal_Weight,4.006202655382015
34015,Normal_Weight,0.44309619964553865
34016,Normal_Weight,0.5830760449611166
34017,Normal_Weight,0.47546516332921235
34018,Normal_Weight,3.8776012232358075
34019,Normal_Weight,1.5821904614934879
34020,Normal_Weight,4.081552507516853
34021,Normal_Weight,0.17055439811753684
34022,Normal_Weight,3.4208577266390576
34023,Normal_Weight,0.7995705969984236
34024,Normal_Weight,3.055413661803926
34025,Normal_Weight,6.134460879645144
34026,Normal_Weight,3.311062961197776
34027,Normal_Weight,5.9018337105057155
34028,Normal_Weight,1.173476035801244
34029,Normal_Weight,6.336343314798319
34030,Normal_Weight,0.6219980623031427
34031,Normal_Weight,2.768455557308215
34032,Normal_Weight,3.964483579022985
34033,Normal_Weight,5.242689062479546
34034,Normal_Weight,4.031267639071487
34035,Normal_Weight,3.2162053335698237
34036,Normal_Weight,4.540213593848071
34037,Normal_Weight,3.4178753970645044
34038,Normal_Weight,2.0873217405968423
34039,Normal_Weight,1.744670513658054
34040,Normal_Weight,5.011044199717802
34041,Normal_Weight,0.9068484188453706
34042,Normal_Weight,0.08495819467968252
34043,Normal_Weight,1.0461516059436435
34044,Normal_Weight,1.3403949219403557
34045,Normal_Weight,5.780672537075063
34046,Normal_Weight,3.5032058052991624
34047,Normal_Weight,3.1378999110586023
34048,Normal_Weight,1.3702322795136017
34049,Normal_Weight,4.046754191742962
34050,Normal_Weight,6.3503661722307285
34051,Normal_Weight,1.9233994478219403
34052,Normal_Weight,3.2180935118010883
34053,Normal_Weight,0.23636989036382453
34054,Normal_Weight,0.946814125398137
34055,Normal_Weight,2.8527923204289287
34056,Normal_Weight,1.3430749991624988
34057,Normal_Weight,2.998846435978928
34058,Normal_Weight,5.839378344170798
34059,Normal_Weight,2.4258603692065526
34060,Normal_Weight,0.4842291509892173
34061,Normal_Weight,4.0411487906891805
34062,Normal_Weight,4.160595569421998
34063,Normal_Weight,0.27485442750382566
34064,Normal_Weight,1.9842627668006716
34065,Normal_Weight,4.34685773922488
34066,Normal_Weight,0.27891353461512197
34067,Normal_Weight,1.6867236719162206
34068,Normal_Weight,3.5661504123012544
34069,Normal_Weight,5.2119419280723
34070,Normal_Weight,3.306802214831499
34071,Normal_Weight,2.579125706330673
34072,Normal_Weight,0.46268152651736927
34073,Normal_Weight,2.2858888814240816
34074,Normal_Weight,3.996451477163097
34075,Normal_Weight,3.9475479115198837
34076,Normal_Weight,0.9150153962545299
34077,Normal_Weight,4.016850069992907
34078,Normal_Weight,0.17842809731025516
34079,Normal_Weight,4.139053409470511
34080,Normal_Weight,2.6780379008550605
34081,Normal_Weight,2.113034863621801
34082,Normal_Weight,4.692696597804944
34083,Normal_Weight,1.7219070051872005
34084,Normal_Weight,3.2062714680000184
34085,Normal_Weight,3.099108147307054
34086,Normal_Weight,4.000022181321472
34087,Normal_Weight,2.560949215905554
34088,Normal_Weight,1.4205463101473894
34089,Normal_Weight,2.4571094193831646
34090,Normal_Weight,0.23413455468798958
34091,Normal_Weight,2.55349029464009
34092,Normal_Weight,2.8328442405414878
34093,Normal_Weight,3.2004768238218566
34094,Normal_Weight,4.172166855436303
34095,Normal_Weight,1.1389640325981283
34096,Normal_Weight,6.061435367448407
34097,Normal_Weight,0.26505593388684795
34098,Normal_Weight,3.92832862771624
34099,Normal_Weight,2.219306877119722
34100,Normal_Weight,5.696336260958749
34101,Normal_Weight,0.2088343587007748
34102,Normal_Weight,0.07397249263486835
34103,Normal_Weight,0.2996901673569991
34104,Normal_Weight,4.415225077110757
34105,Normal_Weight,2.736567622759397
34106,Normal_Weight,4.081552507516853
34107,Normal_Weight,2.8074311037687925
34108,Normal_Weight,6.205747252881281
34109,Normal_Weight,2.5780282064841695
34110,Normal_Weight,2.572576777019878
34111,Normal_Weight,3.1971841329472177
34112,Normal_Weight,0.39354502886178194
34113,Normal_Weight,5.242102920277173
34114,Normal_Weight,5.569535466489845
34115,Normal_Weight,4.066935503870566
34116,Normal_Weight,6.061157576848326
34117,Normal_Weight,1.9921165851365408
34118,Normal_Weight,4.142835992271986
34119,Normal_Weight,4.031101942228779
34120,Normal_Weight,0.245149506833395
34121,Normal_Weight,1.8178552540590456
34122,Normal_Weight,3.2339161841927977
34123,Normal_Weight,4.066935503870566
34124,Normal_Weight,-0.34936310968617107
34125,Normal_Weight,6.170496103927758
34126,Normal_Weight,4.006202655382015
34127,Normal_Weight,0.10724418630897334
34128,Normal_Weight,4.153938113951736
34129,Normal_Weight,6.343846986257775
34130,Normal_Weight,4.139434221207729
34131,Normal_Weight,4.010375905114775
34132,Normal_Weight,1.7661061510874443
34133,Normal_Weight,3.1487497195035328
34134,Normal_Weight,4.068571367922744
34135,Normal_Weight,2.116764762154342
34136,Normal_Weight,4.809054437856134
34137,Normal_Weight,4.708373368922808
34138,Normal_Weight,3.096026059532161
34139,Normal_Weight,5.551628864748399
34140,Normal_Weight,0.024054368939539255
34141,Normal_Weight,4.517592933841577
34142,Normal_Weight,5.444528072353053
34143,Normal_Weight,2.5535430721540013
34144,Normal_Weight,3.497606317047462
34145,Normal_Weight,0.4929373157350389
34146,Normal_Weight,3.1258231144235564
34147,Normal_Weight,3.025624786687194
34148,Normal_Weight,4.069725277161771
34149,Normal_Weight,3.215744359690432
34150,Normal_Weight,0.1003312339758472
34151,Normal_Weight,4.016188588236525
34152,Normal_Weight,3.2400045181420625
34153,Normal_Weight,4.910581548368638
34154,Normal_Weight,3.8803280851201434
34155,Normal_Weight,4.589178064247016
34156,Normal_Weight,3.1063316469625946
34157,Normal_Weight,2.742614445689536
34158,Normal_Weight,1.1930554131216347
34159,Normal_Weight,2.8990612432896867
34160,Normal_Weight,3.99830754101327
34161,Normal_Weight,4.009062848499073
34162,Normal_Weight,3.257312819232002
34163,Normal_Weight,1.0418786001951152
34164,Normal_Weight,4.046754191742962
34165,Normal_Weight,4.826107721933299
34166,Normal_Weight,0.8697682322596768
34167,Normal_Weight,0.7021319720790847
34168,Normal_Weight,5.532434861843586
34169,Normal_Weight,6.199204595160969
34170,Normal_Weight,5.134912758057909
34171,Normal_Weight,3.3563239393508115
34172,Normal_Weight,6.6269689651451165
34173,Normal_Weight,4.006202655382015
34174,Normal_Weight,3.3313320323254905
34175,Normal_Weight,4.87304967157603
34176,Normal_Weight,5.186992430031472
34177,Normal_Weight,3.8807899765527853
34178,Normal_Weight,4.009062848499073
34179,Normal_Weight,5.034431039767873
34180,Normal_Weight,3.0813508516679433
34181,Normal_Weight,1.0722261214116362
34182,Normal_Weight,4.215113663379693
34183,Normal_Weight,4.864941653640025
34184,Normal_Weight,4.036323521652136
34185,Normal_Weight,3.979651286235869
34186,Normal_Weight,4.917550818003402
34187,Normal_Weight,1.2970213565842295
34188,Normal_Weight,0.5548820070952614
34189,Normal_Weight,0.821096991671928
34190,Normal_Weight,5.323223979937524
34191,Normal_Weight,4.0327548491582625
34192,Normal_Weight,0.1676846829639265
34193,Normal_Weight,2.6151197431089113
34194,Normal_Weight,5.644185702028629
34195,Normal_Weight,3.8744281391853517
34196,Normal_Weight,2.9337796524372064
34197,Normal_Weight,2.1571487270389955
34198,Normal_Weight,2.6922234594330283
34199,Normal_Weight,2.9387462880496984
34200,Normal_Weight,4.493596947732947
34201,Normal_Weight,0.26350276061109906
34202,Normal_Weight,4.086285280503923
34203,Normal_Weight,2.7049956073318837
34204,Normal_Weight,4.137427416867909
34205,Normal_Weight,0.262629222478976
34206,Normal_Weight,0.5813698405677099
34207,Normal_Weight,2.4090124217720965
34208,Normal_Weight,5.434513642809377
34209,Normal_Weight,3.7758168391631868
34210,Normal_Weight,3.287851387565257
34211,Normal_Weight,3.913669535418253
34212,Normal_Weight,6.398165047305813
34213,Normal_Weight,2.5048487709594967
34214,Normal_Weight,3.951322937422958
34215,Normal_Weight,3.91933043723153
34216,Normal_Weight,3.4153781381747654
34217,Normal_Weight,3.770510432241365
34218,Normal_Weight,3.2167096489065576
34219,Normal_Weight,0.3583278521767388
34220,Normal_Weight,3.515493375973185
34221,Normal_Weight,4.723204669401357
34222,Normal_Weight,3.0248546307165998
34223,Normal_Weight,4.9226727014542275
34224,Normal_Weight,-0.06358819284901489
34225,Normal_Weight,4.030975074768159
34226,Normal_Weight,3.2937206972718043
34227,Normal_Weight,4.045905946025059
34228,Normal_Weight,5.302062326242011
34229,Normal_Weight,3.961035504120079
34230,Normal_Weight,5.720097287035821
34231,Normal_Weight,3.9528250098464754
34232,Normal_Weight,4.198896257370157
34233,Normal_Weight,4.009080894923368
34234,Normal_Weight,4.160595569421998
34235,Normal_Weight,1.479434555131784
34236,Normal_Weight,2.2429400241545157
34237,Normal_Weight,0.16369028329296184
34238,Normal_Weight,4.330818657738415
34239,Normal_Weight,6.792838510271586
34240,Normal_Weight,4.029556174630692
34241,Normal_Weight,4.009080894923368
34242,Normal_Weight,3.168400845391756
34243,Normal_Weight,0.4508076110972082
34244,Normal_Weight,2.8769339367977738
34245,Normal_Weight,3.2417137756525416
34246,Normal_Weight,5.279990650606296
34247,Normal_Weight,3.9360555675758597
34248,Normal_Weight,1.36517970447141
34249,Normal_Weight,6.046979765267658
34250,Normal_Weight,1.0144997493844585
34251,Normal_Weight,5.422806668551544
34252,Normal_Weight,3.1590788526980806
34253,Normal_Weight,3.1973501425758495
34254,Normal_Weight,0.5777913119287273
34255,Normal_Weight,4.828122894953023
34256,Normal_Weight,2.319015286655668
34257,Normal_Weight,1.279497762048473
34258,Normal_Weight,-0.017995959076547788
34259,Normal_Weight,4.834430899911007
34260,Normal_Weight,4.07839893204991
34261,Normal_Weight,2.5192994551588104
34262,Normal_Weight,4.214183674070891
34263,Normal_Weight,3.0941022493555512
34264,Normal_Weight,5.1078708010828135
34265,Normal_Weight,5.326407844642455
34266,Normal_Weight,5.716180181942029
34267,Normal_Weight,5.87077062898985
34268,Normal_Weight,5.060248217313099
34269,Normal_Weight,2.9844035973282814
34270,Normal_Weight,3.638251396165181
34271,Normal_Weight,3.8955143803795034
34272,Normal_Weight,4.555586735628981
34273,Normal_Weight,5.524174946607056
34274,Normal_Weight,4.136044021723024
34275,Normal_Weight,4.016986483081213
34276,Normal_Weight,3.3899090393389977
34277,Normal_Weight,4.096816756969006
34278,Normal_Weight,1.1793478375745932
34279,Normal_Weight,5.354013765528744
34280,Normal_Weight,4.7226209764190115
34281,Normal_Weight,0.9402074252856293
34282,Normal_Weight,5.785427510630028
34283,Normal_Weight,5.488817848300402
34284,Normal_Weight,3.1879686657354718
34285,Normal_Weight,4.031101942228779
34286,Normal_Weight,3.8836942252087487
34287,Normal_Weight,6.026880876275998
34288,Normal_Weight,3.9558302017856324
34289,Normal_Weight,3.2175381617916576
34290,Normal_Weight,5.619464286852623
34291,Normal_Weight,3.7501764887661984
34292,Normal_Weight,2.986283087092419
34293,Normal_Weight,4.119954464629938
34294,Normal_Weight,4.048399841245674
34295,Normal_Weight,0.19597866954532048
34296,Normal_Weight,2.975416321029418
34297,Normal_Weight,4.03246054209593
34298,Normal_Weight,3.3916525189205737
34299,Normal_Weight,4.367934739482433
34300,Normal_Weight,4.029571587093545
34301,Normal_Weight,1.5740388829551846
34302,Normal_Weight,4.351232763930783
34303,Normal_Weight,3.7844732438934434
34304,Normal_Weight,5.448429828871478
34305,Normal_Weight,6.151831441760831
34306,Normal_Weight,1.148797894582359
34307,Normal_Weight,3.088477173537224
34308,Normal_Weight,4.804876964436375
34309,Normal_Weight,3.1234147286976386
34310,Normal_Weight,2.689976071206261
34311,Normal_Weight,4.8762424202180545
34312,Normal_Weight,5.954360108049313
34313,Normal_Weight,3.0972812519302613
34314,Normal_Weight,4.081552507516853
34315,Normal_Weight,0.4265301746554927
34316,Normal_Weight,4.009374182687803
34317,Normal_Weight,1.5754267536465083
34318,Normal_Weight,5.1852693989001954
34319,Normal_Weight,1.8609200191023914
34320,Normal_Weight,3.9379742635052613
34321,Normal_Weight,3.9675151767924657
34322,Normal_Weight,0.1364946508195453
34323,Normal_Weight,4.346296358924336
34324,Normal_Weight,5.841807167020634
34325,Normal_Weight,4.150544369511854
34326,Normal_Weight,0.19384155848752874
34327,Normal_Weight,2.2950182839029005
34328,Normal_Weight,4.530707006265317
34329,Normal_Weight,3.7843885394356978
34330,Normal_Weight,1.319736668773879
34331,Normal_Weight,6.518917588433661
34332,Normal_Weight,3.1964107563841013
34333,Normal_Weight,2.394467166645766
34334,Normal_Weight,2.5731593306687013
34335,Normal_Weight,3.274593332573025
34336,Normal_Weight,5.900566829070258
34337,Normal_Weight,0.3008439463344255
34338,Normal_Weight,3.32777721105532
34339,Normal_Weight,1.025539883053106
34340,Normal_Weight,6.3268365822964405
34341,Normal_Weight,3.9937302397077317
34342,Normal_Weight,5.279164360520396
34343,Normal_Weight,2.5775864070935137
34344,Normal_Weight,3.2180207790869946
34345,Normal_Weight,3.1692283917272746
34346,Normal_Weight,2.660517898900853
34347,Normal_Weight,6.201674409885071
34348,Normal_Weight,0.17085967011869735
34349,Normal_Weight,4.2323191194067045
34350,Normal_Weight,1.2037967217466865
34351,Normal_Weight,3.3872521808545355
34352,Normal_Weight,0.8773774375516825
34353,Normal_Weight,0.18269988893966319
34354,Normal_Weight,3.2849444953572307
34355,Normal_Weight,3.028352036285389
34356,Normal_Weight,5.071884339559732
34357,Normal_Weight,0.26952563456002837
34358,Normal_Weight,3.1699617969395035
34359,Normal_Weight,2.208431807353718
34360,Normal_Weight,1.0596163451807803
34361,Normal_Weight,5.894093125638138
34362,Normal_Weight,2.546182074813251
34363,Normal_Weight,4.652681014345048
34364,Normal_Weight,3.305908421138238
34365,Normal_Weight,3.248215717957157
34366,Normal_Weight,3.101864606981511
34367,Normal_Weight,4.07839893204991
34368,Normal_Weight,4.926469665455199
34369,Normal_Weight,4.843374713041371
34370,Normal_Weight,1.1006153195446762
34371,Normal_Weight,3.160279969087292
34372,Normal_Weight,1.2467418383363853
34373,Normal_Weight,0.4908552630963778
34374,Normal_Weight,1.9067089397687726
34375,Normal_Weight,4.993994917970993
34376,Normal_Weight,2.993799227422034
34377,Normal_Weight,4.753948803497164
34378,Normal_Weight,4.03386134510475
34379,Normal_Weight,3.703722955514506
34380,Normal_Weight,4.006202655382015
34381,Normal_Weight,5.308110428447721
34382,Normal_Weight,2.664204170460856
34383,Normal_Weight,2.5943751362652785
34384,Normal_Weight,0.9580915293392048
34385,Normal_Weight,4.150440492429928
34386,Normal_Weight,3.978841890798618
34387,Normal_Weight,3.7841278863794856
34388,Normal_Weight,0.05702471288383078
34389,Normal_Weight,2.342435076473343
34390,Normal_Weight,0.3459872733341209
34391,Normal_Weight,0.6487223967976878
34392,Normal_Weight,3.8541083835774907
34393,Normal_Weight,3.2585289485278515
34394,Normal_Weight,1.9697932912103024
34395,Normal_Weight,1.1758006759640354
34396,Normal_Weight,1.5836805496920763
34397,Normal_Weight,4.009062848499073
34398,Normal_Weight,5.693321049789493
34399,Normal_Weight,4.006202655382015
34400,Normal_Weight,0.5551073230460125
34401,Normal_Weight,-0.09248988140424276
34402,Normal_Weight,4.10527428365932
34403,Normal_Weight,2.614624502529459
34404,Normal_Weight,0.98886716542824
34405,Normal_Weight,0.6566878284284934
34406,Normal_Weight,3.29274383974154
34407,Normal_Weight,5.853704275836372
34408,Normal_Weight,4.0248419654738745
34409,Normal_Weight,2.858421029838663
34410,Normal_Weight,2.8571292597367024
34411,Normal_Weight,2.5877487798410894
34412,Normal_Weight,2.624151751490186
34413,Normal_Weight,3.4418915407777946
34414,Normal_Weight,4.94365965295675
34415,Normal_Weight,4.870569180558782
34416,Normal_Weight,4.009062848499073
34417,Normal_Weight,1.5458562997997467
34418,Normal_Weight,3.0457651724721284
34419,Normal_Weight,5.371947665598939
34420,Normal_Weight,4.046754191742962
34421,Normal_Weight,5.783803388635271
34422,Normal_Weight,5.4656613516774355
34423,Normal_Weight,3.2628730378245487
34424,Normal_Weight,0.24475045096605877
34425,Normal_Weight,4.720031214031293
34426,Normal_Weight,2.9913594554098455
34427,Normal_Weight,3.966050443110871
34428,Normal_Weight,4.006202655382015
34429,Normal_Weight,2.6543598849919063
34430,Normal_Weight,3.954853042492846
34431,Normal_Weight,4.221658319059615
34432,Normal_Weight,3.8538215051866485
34433,Normal_Weight,2.4570218910498256
34434,Normal_Weight,4.000066035777767
34435,Normal_Weight,4.202679824283373
34436,Normal_Weight,4.570854409350997
34437,Normal_Weight,3.790256226506733
34438,Normal_Weight,2.5354930265544398
34439,Normal_Weight,1.6282411750878316
34440,Normal_Weight,4.064381460856099
34441,Normal_Weight,5.720544591320178
34442,Normal_Weight,2.9843264713823765
34443,Normal_Weight,4.398717995242328
34444,Normal_Weight,3.0431503217443967
34445,Normal_Weight,3.472037822790529
34446,Normal_Weight,2.741489247752938
34447,Normal_Weight,4.081552507516853
34448,Normal_Weight,3.3011123797594952
34449,Normal_Weight,1.152916425498349
34450,Normal_Weight,2.846317178523278
34451,Normal_Weight,0.409895425910845
34452,Normal_Weight,2.7841119897230264
34453,Normal_Weight,3.196129859036102
34454,Normal_Weight,4.857050172771202
34455,Normal_Weight,1.6370532653676368
34456,Normal_Weight,3.9081705341585202
34457,Normal_Weight,4.006202655382015
34458,Normal_Weight,4.081552507516853
34459,Normal_Weight,0.46849959131134244
34460,Normal_Weight,3.235634747104021
34461,Normal_Weight,3.4550935737704935
34462,Normal_Weight,2.399634275018198
34463,Normal_Weight,2.706977001632433
34464,Normal_Weight,4.034127832188539
34465,Normal_Weight,3.132508335521397
34466,Normal_Weight,4.006202655382015
34467,Normal_Weight,4.593256908786542
34468,Normal_Weight,4.635097149816317
34469,Normal_Weight,0.009419357523582274
34470,Normal_Weight,2.572689918401825
34471,Normal_Weight,3.268236060609315
34472,Normal_Weight,0.926888052301484
34473,Normal_Weight,0.17534491455641513
34474,Normal_Weight,1.166212482479195
34475,Normal_Weight,1.7043698734362651
34476,Normal_Weight,2.423526604872554
34477,Normal_Weight,4.734006286774729
34478,Normal_Weight,4.032438027009583
34479,Normal_Weight,2.9296876177074163
34480,Normal_Weight,4.201701623283162
34481,Normal_Weight,3.8070740032819494
34482,Normal_Weight,0.4102537121532386
34483,Normal_Weight,2.364321537054586
34484,Normal_Weight,3.997205842660711
34485,Normal_Weight,2.8315476591056905
34486,Normal_Weight,0.037882523599431894
34487,Normal_Weight,5.3548630018541505
34488,Normal_Weight,3.1850209158411116
34489,Normal_Weight,3.3933810201244503
34490,Normal_Weight,2.7805870292803756
34491,Normal_Weight,2.7413624236372454
34492,Normal_Weight,3.572883029870761
34493,Normal_Weight,4.0758034551207185
34494,Normal_Weight,3.856770928447298
34495,Normal_Weight,3.139344011226488
34496,Normal_Weight,3.9639967076872726
34497,Normal_Weight,3.167375229761551
34498,Normal_Weight,0.8302958037041384
34499,Normal_Weight,4.013841748055309
34500,Normal_Weight,0.6377004177392768
34501,Normal_Weight,2.3969149785545594
34502,Normal_Weight,1.0222678673972887
34503,Normal_Weight,0.0784141536384191
34504,Normal_Weight,4.159593649957003
34505,Normal_Weight,4.507322120868906
34506,Normal_Weight,3.945417422495097
34507,Normal_Weight,5.33998423356022
34508,Normal_Weight,1.2237154503966332
34509,Normal_Weight,0.11233054038527604
34510,Normal_Weight,4.034040041502707
34511,Normal_Weight,3.049172281557489
34512,Normal_Weight,4.006202655382015
34513,Normal_Weight,5.731027116339454
34514,Normal_Weight,4.006202655382015
34515,Normal_Weight,0.806134439369677
34516,Normal_Weight,4.006202655382015
34517,Normal_Weight,3.184392884495667
34518,Normal_Weight,2.550686795548418
34519,Normal_Weight,4.129171690948407
34520,Normal_Weight,3.3895982030662823
34521,Normal_Weight,3.8128911988128573
34522,Normal_Weight,4.4260136317678915
34523,Normal_Weight,0.4428235091343991
34524,Normal_Weight,2.0755692669735124
34525,Normal_Weight,3.4268610099463426
34526,Normal_Weight,1.1277309165720715
34527,Normal_Weight,0.08464393670687302
34528,Normal_Weight,0.18686362553861788
34529,Normal_Weight,3.241433629915966
34530,Normal_Weight,4.109145305808655
34531,Normal_Weight,3.200368392969879
34532,Normal_Weight,0.3592023655592592
34533,Normal_Weight,5.491173163060832
34534,Normal_Weight,4.031267639071487
34535,Normal_Weight,0.3191376716867362
34536,Normal_Weight,3.30780011320642
34537,Normal_Weight,3.4023865260655377
34538,Normal_Weight,4.0761286292783945
34539,Normal_Weight,3.788943698455081
34540,Normal_Weight,1.428396555869449
34541,Normal_Weight,3.07960658206286
34542,Normal_Weight,2.671896891099329
34543,Normal_Weight,3.283207939297348
34544,Normal_Weight,3.020349520815249
34545,Normal_Weight,2.9301114989576513
34546,Normal_Weight,5.243357874322496
34547,Normal_Weight,2.5418026171727264
34548,Normal_Weight,5.10416813349578
34549,Normal_Weight,4.974474936671234
34550,Normal_Weight,2.1134108817193575
34551,Normal_Weight,3.1106771572575638
34552,Normal_Weight,2.6461723278687144
34553,Normal_Weight,3.9948524954857563
34554,Normal_Weight,3.4524445116153295
34555,Normal_Weight,0.6831886403915273
34556,Normal_Weight,3.0082969237673853
34557,Normal_Weight,0.18391741125843128
34558,Normal_Weight,5.159444387141802
34559,Normal_Weight,3.9783889215926544
34560,Normal_Weight,4.0256720188478425
34561,Normal_Weight,1.3315399184952128
34562,Normal_Weight,4.566794743689911
34563,Normal_Weight,5.1513681399008
34564,Normal_Weight,2.3840889029210683
34565,Normal_Weight,0.31030222686976383
34566,Normal_Weight,3.218018347960863
34567,Normal_Weight,0.26960778272885083
34568,Normal_Weight,5.215263367889796
34569,Normal_Weight,4.551773478396271
34570,Normal_Weight,3.2927623505163077
34571,Normal_Weight,5.708740078069527
34572,Normal_Weight,4.07839893204991
34573,Normal_Weight,0.7079156669829914
34574,Normal_Weight,4.023328375473592
34575,Normal_Weight,4.671924541974012
34576,Normal_Weight,5.993845604902424
34577,Normal_Weight,3.252338009959029
34578,Normal_Weight,0.8564197847518492
34579,Normal_Weight,3.3694791106050825
34580,Normal_Weight,3.2674709057599616
34581,Normal_Weight,2.7271970887390258
34582,Normal_Weight,5.605251969796675
34583,Normal_Weight,3.218029344272089
34584,Normal_Weight,4.536087640979441
34585,Normal_Weight,3.1698759051555494
34586,Normal_Weight,3.9545748301140544
34587,Normal_Weight,2.4374096152249374
34588,Normal_Weight,2.5934178480952297
34589,Normal_Weight,1.382948832002727
34590,Normal_Weight,4.149541921630042
34591,Normal_Weight,0.019519599599873972
34592,Normal_Weight,0.15720396113988358
34593,Normal_Weight,5.651308999481706
34594,Normal_Weight,3.125426136257066
34595,Normal_Weight,0.14527228945290482
34596,Normal_Weight,1.0350168474209278
34597,Normal_Weight,3.1805673247141266
