id,NObeyesdad,Rings
20758,Normal_Weight,3.0
20759,Normal_Weight,4.16
20760,Normal_Weight,4.0
20761,Normal_Weight,2.2775
20762,Normal_Weight,4.0
20763,Normal_Weight,0.02
20764,Normal_Weight,0.02
20765,Normal_Weight,3.3725
20766,Normal_Weight,5.79
20767,Normal_Weight,0.925
20768,Normal_Weight,0.02
20769,Normal_Weight,4.0
20770,Normal_Weight,4.0
20771,Normal_Weight,4.2175
20772,Normal_Weight,4.0
20773,Normal_Weight,4.975
20774,Normal_Weight,3.6875
20775,Normal_Weight,2.9375
20776,Normal_Weight,4.0
20777,Normal_Weight,2.4725
20778,Normal_Weight,1.205
20779,Normal_Weight,4.0
20780,Normal_Weight,3.96
20781,Normal_Weight,3.025
20782,Normal_Weight,4.935
20783,Normal_Weight,2.74
20784,Normal_Weight,3.0
20785,Normal_Weight,3.9025
20786,Normal_Weight,0.0275
20787,Normal_Weight,2.63
20788,Normal_Weight,5.6775
20789,Normal_Weight,4.0
20790,Normal_Weight,3.215
20791,Normal_Weight,3.76
20792,Normal_Weight,4.0775
20793,Normal_Weight,4.6
20794,Normal_Weight,2.6
20795,Normal_Weight,0.985
20796,Normal_Weight,0.0
20797,Normal_Weight,5.8925
20798,Normal_Weight,2.9725
20799,Normal_Weight,5.7675
20800,Normal_Weight,2.94
20801,Normal_Weight,5.525
20802,Normal_Weight,3.8275
20803,Normal_Weight,0.065
20804,Normal_Weight,2.945
20805,Normal_Weight,3.0
20806,Normal_Weight,2.2625
20807,Normal_Weight,2.925
20808,Normal_Weight,2.94
20809,Normal_Weight,4.0
20810,Normal_Weight,3.97
20811,Normal_Weight,4.0
20812,Normal_Weight,3.0
20813,Normal_Weight,1.0325
20814,Normal_Weight,0.1275
20815,Normal_Weight,4.7125
20816,Normal_Weight,2.8325
20817,Normal_Weight,4.0
20818,Normal_Weight,4.7775
20819,Normal_Weight,2.9275
20820,Normal_Weight,3.815
20821,Normal_Weight,2.9925
20822,Normal_Weight,2.915
20823,Normal_Weight,2.9975
20824,Normal_Weight,0.6925
20825,Normal_Weight,0.285
20826,Normal_Weight,2.9325
20827,Normal_Weight,1.0775
20828,Normal_Weight,2.8025
20829,Normal_Weight,4.0
20830,Normal_Weight,2.9775
20831,Normal_Weight,4.0
20832,Normal_Weight,2.395
20833,Normal_Weight,4.3975
20834,Normal_Weight,2.9225
20835,Normal_Weight,2.9975
20836,Normal_Weight,4.0
20837,Normal_Weight,0.9925
20838,Normal_Weight,3.0
20839,Normal_Weight,3.9575
20840,Normal_Weight,0.0
20841,Normal_Weight,4.0
20842,Normal_Weight,0.065
20843,Normal_Weight,4.0
20844,Normal_Weight,0.0
20845,Normal_Weight,2.6775
20846,Normal_Weight,0.9925
20847,Normal_Weight,1.315
20848,Normal_Weight,4.2175
20849,Normal_Weight,4.065
20850,Normal_Weight,0.325
20851,Normal_Weight,0.895
20852,Normal_Weight,4.0
20853,Normal_Weight,4.0
20854,Normal_Weight,0.9725
20855,Normal_Weight,2.915
20856,Normal_Weight,1.1825
20857,Normal_Weight,2.025
20858,Normal_Weight,3.405
20859,Normal_Weight,4.0
20860,Normal_Weight,1.2175
20861,Normal_Weight,4.0
20862,Normal_Weight,1.87
20863,Normal_Weight,0.16
20864,Normal_Weight,4.0
20865,Normal_Weight,1.6025
20866,Normal_Weight,5.86
20867,Normal_Weight,2.7075
20868,Normal_Weight,5.61
20869,Normal_Weight,3.16
20870,Normal_Weight,2.035
20871,Normal_Weight,4.0
20872,Normal_Weight,3.995
20873,Normal_Weight,4.8975
20874,Normal_Weight,3.6525
20875,Normal_Weight,1.2375
20876,Normal_Weight,4.0
20877,Normal_Weight,4.745
20878,Normal_Weight,2.995
20879,Normal_Weight,4.0
20880,Normal_Weight,0.0
20881,Normal_Weight,2.6425
20882,Normal_Weight,0.0025
20883,Normal_Weight,5.605
20884,Normal_Weight,2.3825
20885,Normal_Weight,4.0
20886,Normal_Weight,3.505
20887,Normal_Weight,2.775
20888,Normal_Weight,2.5225
20889,Normal_Weight,4.0
20890,Normal_Weight,4.0
20891,Normal_Weight,0.035
20892,Normal_Weight,4.7825
20893,Normal_Weight,2.0
20894,Normal_Weight,2.9725
20895,Normal_Weight,0.5525
20896,Normal_Weight,0.53
20897,Normal_Weight,4.0
20898,Normal_Weight,4.0
20899,Normal_Weight,0.055
20900,Normal_Weight,3.4425
20901,Normal_Weight,3.125
20902,Normal_Weight,3.5575
20903,Normal_Weight,4.0
20904,Normal_Weight,4.54
20905,Normal_Weight,0.065
20906,Normal_Weight,1.575
20907,Normal_Weight,3.0
20908,Normal_Weight,0.05
20909,Normal_Weight,2.38
20910,Normal_Weight,3.4025
20911,Normal_Weight,4.0
20912,Normal_Weight,3.4375
20913,Normal_Weight,1.005
20914,Normal_Weight,0.0
20915,Normal_Weight,3.0
20916,Normal_Weight,1.0075
20917,Normal_Weight,2.4275
20918,Normal_Weight,2.97
20919,Normal_Weight,5.49
20920,Normal_Weight,4.9025
20921,Normal_Weight,2.37
20922,Normal_Weight,0.0025
20923,Normal_Weight,1.1775
20924,Normal_Weight,0.4
20925,Normal_Weight,4.0
20926,Normal_Weight,2.61
20927,Normal_Weight,0.4975
20928,Normal_Weight,2.0475
20929,Normal_Weight,3.935
20930,Normal_Weight,3.84
20931,Normal_Weight,2.2375
20932,Normal_Weight,4.0
20933,Normal_Weight,0.475
20934,Normal_Weight,2.5025
20935,Normal_Weight,5.56
20936,Normal_Weight,5.8225
20937,Normal_Weight,1.0775
20938,Normal_Weight,3.5525
20939,Normal_Weight,2.655
20940,Normal_Weight,3.045
20941,Normal_Weight,2.58
20942,Normal_Weight,4.0
20943,Normal_Weight,3.0725
20944,Normal_Weight,2.8825
20945,Normal_Weight,3.3125
20946,Normal_Weight,2.915
20947,Normal_Weight,5.8675
20948,Normal_Weight,4.0
20949,Normal_Weight,2.5025
20950,Normal_Weight,0.395
20951,Normal_Weight,2.665
20952,Normal_Weight,0.985
20953,Normal_Weight,0.515
20954,Normal_Weight,4.16
20955,Normal_Weight,3.5925
20956,Normal_Weight,2.2125
20957,Normal_Weight,3.0
20958,Normal_Weight,2.0475
20959,Normal_Weight,2.7075
20960,Normal_Weight,2.9175
20961,Normal_Weight,0.015
20962,Normal_Weight,2.125
20963,Normal_Weight,0.3375
20964,Normal_Weight,2.22
20965,Normal_Weight,1.185
20966,Normal_Weight,2.0
20967,Normal_Weight,2.775
20968,Normal_Weight,4.0
20969,Normal_Weight,4.65
20970,Normal_Weight,2.795
20971,Normal_Weight,4.0
20972,Normal_Weight,2.9975
20973,Normal_Weight,3.5075
20974,Normal_Weight,2.69
20975,Normal_Weight,5.76
20976,Normal_Weight,2.5875
20977,Normal_Weight,2.39
20978,Normal_Weight,4.765
20979,Normal_Weight,5.6575
20980,Normal_Weight,4.8175
20981,Normal_Weight,5.7025
20982,Normal_Weight,4.0
20983,Normal_Weight,2.56
20984,Normal_Weight,2.99
20985,Normal_Weight,2.975
20986,Normal_Weight,0.025
20987,Normal_Weight,1.4125
20988,Normal_Weight,3.7425
20989,Normal_Weight,4.0
20990,Normal_Weight,4.0
20991,Normal_Weight,4.4575
20992,Normal_Weight,3.515
20993,Normal_Weight,0.04
20994,Normal_Weight,0.3275
20995,Normal_Weight,5.8875
20996,Normal_Weight,4.7275
20997,Normal_Weight,3.6075
20998,Normal_Weight,0.6125
20999,Normal_Weight,4.2525
21000,Normal_Weight,4.3175
21001,Normal_Weight,0.005
21002,Normal_Weight,4.0
21003,Normal_Weight,4.8975
21004,Normal_Weight,0.425
21005,Normal_Weight,4.7675
21006,Normal_Weight,1.7825
21007,Normal_Weight,4.0
21008,Normal_Weight,5.93
21009,Normal_Weight,3.9475
21010,Normal_Weight,3.165
21011,Normal_Weight,1.1725
21012,Normal_Weight,4.8225
21013,Normal_Weight,2.9975
21014,Normal_Weight,0.5125
21015,Normal_Weight,0.5575
21016,Normal_Weight,4.0
21017,Normal_Weight,0.9825
21018,Normal_Weight,4.0
21019,Normal_Weight,0.23
21020,Normal_Weight,4.0
21021,Normal_Weight,4.0
21022,Normal_Weight,0.0175
21023,Normal_Weight,4.605
21024,Normal_Weight,4.9275
21025,Normal_Weight,5.0425
21026,Normal_Weight,4.6225
21027,Normal_Weight,2.995
21028,Normal_Weight,4.0
21029,Normal_Weight,4.0
21030,Normal_Weight,4.0
21031,Normal_Weight,5.0025
21032,Normal_Weight,3.0
21033,Normal_Weight,3.395
21034,Normal_Weight,4.515
21035,Normal_Weight,2.2025
21036,Normal_Weight,0.505
21037,Normal_Weight,3.8925
21038,Normal_Weight,4.0
21039,Normal_Weight,4.0
21040,Normal_Weight,0.01
21041,Normal_Weight,4.0
21042,Normal_Weight,1.7
21043,Normal_Weight,3.7425
21044,Normal_Weight,4.0
21045,Normal_Weight,0.9975
21046,Normal_Weight,4.0
21047,Normal_Weight,2.96
21048,Normal_Weight,3.6625
21049,Normal_Weight,5.725
21050,Normal_Weight,4.0
21051,Normal_Weight,2.5625
21052,Normal_Weight,0.8175
21053,Normal_Weight,2.5575
21054,Normal_Weight,5.235
21055,Normal_Weight,2.9875
21056,Normal_Weight,2.9925
21057,Normal_Weight,5.92
21058,Normal_Weight,3.425
21059,Normal_Weight,3.905
21060,Normal_Weight,3.585
21061,Normal_Weight,2.97
21062,Normal_Weight,0.375
21063,Normal_Weight,0.0325
21064,Normal_Weight,4.0
21065,Normal_Weight,2.95
21066,Normal_Weight,3.48
21067,Normal_Weight,4.0
21068,Normal_Weight,1.005
21069,Normal_Weight,4.0
21070,Normal_Weight,4.9925
21071,Normal_Weight,2.0425
21072,Normal_Weight,4.61
21073,Normal_Weight,2.545
21074,Normal_Weight,4.755
21075,Normal_Weight,4.4225
21076,Normal_Weight,2.925
21077,Normal_Weight,3.1375
21078,Normal_Weight,1.185
21079,Normal_Weight,2.995
21080,Normal_Weight,2.9975
21081,Normal_Weight,4.9175
21082,Normal_Weight,2.3775
21083,Normal_Weight,4.83
21084,Normal_Weight,2.01
21085,Normal_Weight,4.0
21086,Normal_Weight,3.3725
21087,Normal_Weight,1.5225
21088,Normal_Weight,4.0
21089,Normal_Weight,1.495
21090,Normal_Weight,4.0
21091,Normal_Weight,5.62
21092,Normal_Weight,4.0
21093,Normal_Weight,3.0
21094,Normal_Weight,4.0
21095,Normal_Weight,4.0
21096,Normal_Weight,4.0
21097,Normal_Weight,2.955
21098,Normal_Weight,2.95
21099,Normal_Weight,3.11
21100,Normal_Weight,0.33
21101,Normal_Weight,2.5225
21102,Normal_Weight,1.5925
21103,Normal_Weight,2.935
21104,Normal_Weight,2.3075
21105,Normal_Weight,4.0
21106,Normal_Weight,4.0
21107,Normal_Weight,4.3625
21108,Normal_Weight,4.0
21109,Normal_Weight,2.8125
21110,Normal_Weight,4.16
21111,Normal_Weight,0.0725
21112,Normal_Weight,2.955
21113,Normal_Weight,4.815
21114,Normal_Weight,4.0
21115,Normal_Weight,2.9575
21116,Normal_Weight,2.3475
21117,Normal_Weight,5.0075
21118,Normal_Weight,4.0
21119,Normal_Weight,3.58
21120,Normal_Weight,2.8975
21121,Normal_Weight,3.4275
21122,Normal_Weight,2.2525
21123,Normal_Weight,1.29
21124,Normal_Weight,4.0
21125,Normal_Weight,4.92
21126,Normal_Weight,5.7575
21127,Normal_Weight,2.0275
21128,Normal_Weight,4.0
21129,Normal_Weight,0.0475
21130,Normal_Weight,0.0125
21131,Normal_Weight,3.6025
21132,Normal_Weight,3.29
21133,Normal_Weight,5.62
21134,Normal_Weight,0.0975
21135,Normal_Weight,3.0
21136,Normal_Weight,2.4775
21137,Normal_Weight,4.0
21138,Normal_Weight,2.345
21139,Normal_Weight,0.975
21140,Normal_Weight,2.415
21141,Normal_Weight,1.2075
21142,Normal_Weight,4.275
21143,Normal_Weight,3.81
21144,Normal_Weight,2.5075
21145,Normal_Weight,0.1825
21146,Normal_Weight,4.0
21147,Normal_Weight,4.0
21148,Normal_Weight,2.97
21149,Normal_Weight,4.0
21150,Normal_Weight,0.015
21151,Normal_Weight,5.8475
21152,Normal_Weight,4.0
21153,Normal_Weight,0.905
21154,Normal_Weight,2.9625
21155,Normal_Weight,2.79
21156,Normal_Weight,4.0
21157,Normal_Weight,3.9225
21158,Normal_Weight,4.34
21159,Normal_Weight,5.585
21160,Normal_Weight,4.0
21161,Normal_Weight,4.0
21162,Normal_Weight,2.915
21163,Normal_Weight,0.2125
21164,Normal_Weight,3.04
21165,Normal_Weight,2.03
21166,Normal_Weight,2.5125
21167,Normal_Weight,4.0
21168,Normal_Weight,2.2
21169,Normal_Weight,0.0025
21170,Normal_Weight,2.2175
21171,Normal_Weight,2.555
21172,Normal_Weight,2.77
21173,Normal_Weight,2.6675
21174,Normal_Weight,2.945
21175,Normal_Weight,4.7575
21176,Normal_Weight,3.895
21177,Normal_Weight,0.045
21178,Normal_Weight,2.9375
21179,Normal_Weight,2.96
21180,Normal_Weight,2.0
21181,Normal_Weight,2.6075
21182,Normal_Weight,0.005
21183,Normal_Weight,4.0
21184,Normal_Weight,2.8675
21185,Normal_Weight,3.0
21186,Normal_Weight,2.9975
21187,Normal_Weight,4.0
21188,Normal_Weight,3.1975
21189,Normal_Weight,5.52
21190,Normal_Weight,0.12
21191,Normal_Weight,0.7425
21192,Normal_Weight,4.0
21193,Normal_Weight,0.0025
21194,Normal_Weight,4.3825
21195,Normal_Weight,4.7975
21196,Normal_Weight,4.0
21197,Normal_Weight,4.7425
21198,Normal_Weight,4.0
21199,Normal_Weight,3.215
21200,Normal_Weight,3.79
21201,Normal_Weight,4.82
21202,Normal_Weight,4.0
21203,Normal_Weight,3.035
21204,Normal_Weight,4.0
21205,Normal_Weight,3.1
21206,Normal_Weight,4.18
21207,Normal_Weight,4.0
21208,Normal_Weight,1.1075
21209,Normal_Weight,2.995
21210,Normal_Weight,0.0075
21211,Normal_Weight,2.9675
21212,Normal_Weight,2.9975
21213,Normal_Weight,4.0
21214,Normal_Weight,4.0
21215,Normal_Weight,4.0
21216,Normal_Weight,1.0
21217,Normal_Weight,2.96
21218,Normal_Weight,4.3
21219,Normal_Weight,2.0525
21220,Normal_Weight,1.225
21221,Normal_Weight,2.8
21222,Normal_Weight,0.45
21223,Normal_Weight,0.245
21224,Normal_Weight,4.0
21225,Normal_Weight,2.965
21226,Normal_Weight,3.9075
21227,Normal_Weight,4.2975
21228,Normal_Weight,2.0025
21229,Normal_Weight,0.515
21230,Normal_Weight,2.9525
21231,Normal_Weight,2.9725
21232,Normal_Weight,2.9375
21233,Normal_Weight,1.93
21234,Normal_Weight,5.1075
21235,Normal_Weight,0.6575
21236,Normal_Weight,4.0
21237,Normal_Weight,0.19
21238,Normal_Weight,3.2725
21239,Normal_Weight,1.2225
21240,Normal_Weight,4.0
21241,Normal_Weight,2.425
21242,Normal_Weight,4.7275
21243,Normal_Weight,4.0
21244,Normal_Weight,4.0
21245,Normal_Weight,4.7225
21246,Normal_Weight,1.06
21247,Normal_Weight,3.91
21248,Normal_Weight,2.97
21249,Normal_Weight,3.355
21250,Normal_Weight,2.8125
21251,Normal_Weight,1.0175
21252,Normal_Weight,4.0
21253,Normal_Weight,1.14
21254,Normal_Weight,5.0375
21255,Normal_Weight,2.915
21256,Normal_Weight,3.0
21257,Normal_Weight,2.585
21258,Normal_Weight,5.915
21259,Normal_Weight,0.925
21260,Normal_Weight,0.0125
21261,Normal_Weight,4.0
21262,Normal_Weight,4.0
21263,Normal_Weight,5.7175
21264,Normal_Weight,4.0
21265,Normal_Weight,5.0625
21266,Normal_Weight,4.685
21267,Normal_Weight,1.905
21268,Normal_Weight,1.545
21269,Normal_Weight,3.6075
21270,Normal_Weight,2.985
21271,Normal_Weight,2.0
21272,Normal_Weight,4.0
21273,Normal_Weight,4.8525
21274,Normal_Weight,4.0
21275,Normal_Weight,0.2125
21276,Normal_Weight,2.9825
21277,Normal_Weight,4.0
21278,Normal_Weight,3.835
21279,Normal_Weight,1.75
21280,Normal_Weight,0.9775
21281,Normal_Weight,0.2225
21282,Normal_Weight,2.19
21283,Normal_Weight,2.92
21284,Normal_Weight,4.0
21285,Normal_Weight,5.3275
21286,Normal_Weight,2.95
21287,Normal_Weight,4.0
21288,Normal_Weight,2.965
21289,Normal_Weight,4.0
21290,Normal_Weight,2.4725
21291,Normal_Weight,4.255
21292,Normal_Weight,2.6225
21293,Normal_Weight,2.5525
21294,Normal_Weight,4.8875
21295,Normal_Weight,0.53
21296,Normal_Weight,0.53
21297,Normal_Weight,4.5425
21298,Normal_Weight,3.5375
21299,Normal_Weight,2.8875
21300,Normal_Weight,5.95
21301,Normal_Weight,3.51
21302,Normal_Weight,2.9625
21303,Normal_Weight,4.0
21304,Normal_Weight,5.1625
21305,Normal_Weight,2.98
21306,Normal_Weight,2.9725
21307,Normal_Weight,4.0
21308,Normal_Weight,0.0025
21309,Normal_Weight,2.9025
21310,Normal_Weight,0.505
21311,Normal_Weight,4.0
21312,Normal_Weight,2.755
21313,Normal_Weight,0.0375
21314,Normal_Weight,4.865
21315,Normal_Weight,0.55
21316,Normal_Weight,4.0
21317,Normal_Weight,0.5275
21318,Normal_Weight,4.0
21319,Normal_Weight,0.3875
21320,Normal_Weight,3.06
21321,Normal_Weight,4.0
21322,Normal_Weight,2.9975
21323,Normal_Weight,3.11
21324,Normal_Weight,2.47
21325,Normal_Weight,2.865
21326,Normal_Weight,4.975
21327,Normal_Weight,5.54
21328,Normal_Weight,2.92
21329,Normal_Weight,5.5925
21330,Normal_Weight,2.5325
21331,Normal_Weight,3.2775
21332,Normal_Weight,2.945
21333,Normal_Weight,1.955
21334,Normal_Weight,0.1975
21335,Normal_Weight,2.9825
21336,Normal_Weight,2.6825
21337,Normal_Weight,4.6675
21338,Normal_Weight,4.8275
21339,Normal_Weight,0.4725
21340,Normal_Weight,1.28
21341,Normal_Weight,4.175
21342,Normal_Weight,0.005
21343,Normal_Weight,2.8725
21344,Normal_Weight,1.0325
21345,Normal_Weight,4.0
21346,Normal_Weight,0.225
21347,Normal_Weight,2.9775
21348,Normal_Weight,4.0
21349,Normal_Weight,3.3875
21350,Normal_Weight,1.015
21351,Normal_Weight,2.55
21352,Normal_Weight,2.6975
21353,Normal_Weight,4.0
21354,Normal_Weight,0.0725
21355,Normal_Weight,2.85
21356,Normal_Weight,4.0
21357,Normal_Weight,5.795
21358,Normal_Weight,4.0
21359,Normal_Weight,2.96
21360,Normal_Weight,5.1575
21361,Normal_Weight,4.3975
21362,Normal_Weight,4.0
21363,Normal_Weight,3.44
21364,Normal_Weight,4.0
21365,Normal_Weight,5.8225
21366,Normal_Weight,2.5475
21367,Normal_Weight,4.0
21368,Normal_Weight,2.3125
21369,Normal_Weight,0.6625
21370,Normal_Weight,4.0
21371,Normal_Weight,4.0
21372,Normal_Weight,4.0
21373,Normal_Weight,3.0425
21374,Normal_Weight,2.825
21375,Normal_Weight,2.9675
21376,Normal_Weight,2.9975
21377,Normal_Weight,4.0
21378,Normal_Weight,2.7025
21379,Normal_Weight,4.0
21380,Normal_Weight,0.0075
21381,Normal_Weight,4.0
21382,Normal_Weight,1.655
21383,Normal_Weight,2.0
21384,Normal_Weight,0.1325
21385,Normal_Weight,4.565
21386,Normal_Weight,4.0
21387,Normal_Weight,3.6425
21388,Normal_Weight,2.825
21389,Normal_Weight,4.515
21390,Normal_Weight,4.0
21391,Normal_Weight,4.0
21392,Normal_Weight,4.0
21393,Normal_Weight,5.9025
21394,Normal_Weight,5.005
21395,Normal_Weight,2.8075
21396,Normal_Weight,0.005
21397,Normal_Weight,4.0
21398,Normal_Weight,4.0
21399,Normal_Weight,4.0
21400,Normal_Weight,4.0
21401,Normal_Weight,2.9825
21402,Normal_Weight,2.93
21403,Normal_Weight,0.9075
21404,Normal_Weight,0.03
21405,Normal_Weight,0.015
21406,Normal_Weight,4.0
21407,Normal_Weight,5.405
21408,Normal_Weight,5.845
21409,Normal_Weight,4.0
21410,Normal_Weight,4.9125
21411,Normal_Weight,0.16
21412,Normal_Weight,4.0
21413,Normal_Weight,1.0
21414,Normal_Weight,3.98
21415,Normal_Weight,2.9975
21416,Normal_Weight,5.9025
21417,Normal_Weight,0.555
21418,Normal_Weight,1.5725
21419,Normal_Weight,0.1025
21420,Normal_Weight,3.315
21421,Normal_Weight,1.2075
21422,Normal_Weight,4.15
21423,Normal_Weight,5.565
21424,Normal_Weight,4.2475
21425,Normal_Weight,0.135
21426,Normal_Weight,2.96
21427,Normal_Weight,0.4875
21428,Normal_Weight,0.26
21429,Normal_Weight,2.965
21430,Normal_Weight,5.71
21431,Normal_Weight,0.3075
21432,Normal_Weight,4.0
21433,Normal_Weight,4.9775
21434,Normal_Weight,3.6025
21435,Normal_Weight,1.2675
21436,Normal_Weight,4.225
21437,Normal_Weight,2.975
21438,Normal_Weight,0.9625
21439,Normal_Weight,2.98
21440,Normal_Weight,2.945
21441,Normal_Weight,0.8675
21442,Normal_Weight,5.525
21443,Normal_Weight,4.0
21444,Normal_Weight,5.695
21445,Normal_Weight,1.92
21446,Normal_Weight,5.79
21447,Normal_Weight,4.0
21448,Normal_Weight,4.0
21449,Normal_Weight,3.1625
21450,Normal_Weight,5.5325
21451,Normal_Weight,4.0
21452,Normal_Weight,2.8975
21453,Normal_Weight,3.075
21454,Normal_Weight,5.57
21455,Normal_Weight,2.875
21456,Normal_Weight,4.5125
21457,Normal_Weight,4.965
21458,Normal_Weight,4.0
21459,Normal_Weight,4.0
21460,Normal_Weight,4.2575
21461,Normal_Weight,2.3475
21462,Normal_Weight,0.0
21463,Normal_Weight,4.0
21464,Normal_Weight,3.6475
21465,Normal_Weight,4.8075
21466,Normal_Weight,5.27
21467,Normal_Weight,0.0525
21468,Normal_Weight,4.0
21469,Normal_Weight,4.0
21470,Normal_Weight,1.6425
21471,Normal_Weight,4.7375
21472,Normal_Weight,2.9975
21473,Normal_Weight,4.0
21474,Normal_Weight,5.7025
21475,Normal_Weight,2.895
21476,Normal_Weight,1.01
21477,Normal_Weight,4.0
21478,Normal_Weight,3.0675
21479,Normal_Weight,1.5625
21480,Normal_Weight,2.505
21481,Normal_Weight,0.9225
21482,Normal_Weight,3.0
21483,Normal_Weight,2.9975
21484,Normal_Weight,4.45
21485,Normal_Weight,4.7475
21486,Normal_Weight,2.57
21487,Normal_Weight,4.0
21488,Normal_Weight,4.0
21489,Normal_Weight,0.89
21490,Normal_Weight,0.9825
21491,Normal_Weight,0.0525
21492,Normal_Weight,4.7075
21493,Normal_Weight,0.0375
21494,Normal_Weight,2.875
21495,Normal_Weight,4.0
21496,Normal_Weight,3.06
21497,Normal_Weight,1.295
21498,Normal_Weight,0.015
21499,Normal_Weight,4.34
21500,Normal_Weight,4.0
21501,Normal_Weight,4.0
21502,Normal_Weight,4.0
21503,Normal_Weight,2.995
21504,Normal_Weight,2.93
21505,Normal_Weight,4.0
21506,Normal_Weight,2.0525
21507,Normal_Weight,2.995
21508,Normal_Weight,3.8525
21509,Normal_Weight,2.525
21510,Normal_Weight,4.0
21511,Normal_Weight,4.0
21512,Normal_Weight,0.005
21513,Normal_Weight,0.6525
21514,Normal_Weight,0.69
21515,Normal_Weight,2.105
21516,Normal_Weight,1.0875
21517,Normal_Weight,4.3025
21518,Normal_Weight,1.1825
21519,Normal_Weight,4.0
21520,Normal_Weight,0.0025
21521,Normal_Weight,4.0
21522,Normal_Weight,4.14
21523,Normal_Weight,4.0
21524,Normal_Weight,4.4575
21525,Normal_Weight,1.61
21526,Normal_Weight,4.47
21527,Normal_Weight,3.335
21528,Normal_Weight,4.0
21529,Normal_Weight,2.09
21530,Normal_Weight,1.59
21531,Normal_Weight,2.775
21532,Normal_Weight,2.97
21533,Normal_Weight,2.9825
21534,Normal_Weight,4.0
21535,Normal_Weight,3.9
21536,Normal_Weight,4.9375
21537,Normal_Weight,1.3525
21538,Normal_Weight,2.4225
21539,Normal_Weight,4.035
21540,Normal_Weight,3.3825
21541,Normal_Weight,4.37
21542,Normal_Weight,4.4025
21543,Normal_Weight,4.36
21544,Normal_Weight,2.7275
21545,Normal_Weight,4.89
21546,Normal_Weight,4.0
21547,Normal_Weight,2.82
21548,Normal_Weight,0.9875
21549,Normal_Weight,2.01
21550,Normal_Weight,4.0
21551,Normal_Weight,1.3575
21552,Normal_Weight,0.965
21553,Normal_Weight,5.555
21554,Normal_Weight,2.975
21555,Normal_Weight,4.415
21556,Normal_Weight,0.8425
21557,Normal_Weight,5.4325
21558,Normal_Weight,1.6075
21559,Normal_Weight,4.2525
21560,Normal_Weight,2.2125
21561,Normal_Weight,4.9375
21562,Normal_Weight,2.985
21563,Normal_Weight,5.025
21564,Normal_Weight,4.0
21565,Normal_Weight,4.565
21566,Normal_Weight,2.9625
21567,Normal_Weight,3.75
21568,Normal_Weight,3.9625
21569,Normal_Weight,5.75
21570,Normal_Weight,4.0
21571,Normal_Weight,4.0
21572,Normal_Weight,2.9725
21573,Normal_Weight,1.5825
21574,Normal_Weight,3.535
21575,Normal_Weight,4.0
21576,Normal_Weight,3.0
21577,Normal_Weight,3.395
21578,Normal_Weight,3.35
21579,Normal_Weight,5.865
21580,Normal_Weight,0.325
21581,Normal_Weight,4.0
21582,Normal_Weight,2.995
21583,Normal_Weight,0.085
21584,Normal_Weight,3.615
21585,Normal_Weight,4.68
21586,Normal_Weight,4.335
21587,Normal_Weight,3.82
21588,Normal_Weight,4.0425
21589,Normal_Weight,3.1725
21590,Normal_Weight,4.015
21591,Normal_Weight,4.0
21592,Normal_Weight,4.0
21593,Normal_Weight,2.975
21594,Normal_Weight,4.245
21595,Normal_Weight,4.0
21596,Normal_Weight,3.7725
21597,Normal_Weight,4.3125
21598,Normal_Weight,4.0
21599,Normal_Weight,2.5375
21600,Normal_Weight,4.0
21601,Normal_Weight,4.0
21602,Normal_Weight,4.2825
21603,Normal_Weight,1.4925
21604,Normal_Weight,3.79
21605,Normal_Weight,0.79
21606,Normal_Weight,0.21
21607,Normal_Weight,2.5875
21608,Normal_Weight,4.0
21609,Normal_Weight,0.0725
21610,Normal_Weight,4.51
21611,Normal_Weight,2.1875
21612,Normal_Weight,4.0
21613,Normal_Weight,2.2675
21614,Normal_Weight,5.3425
21615,Normal_Weight,2.095
21616,Normal_Weight,2.805
21617,Normal_Weight,0.405
21618,Normal_Weight,2.9225
21619,Normal_Weight,0.0475
21620,Normal_Weight,4.23
21621,Normal_Weight,5.255
21622,Normal_Weight,4.8025
21623,Normal_Weight,2.02
21624,Normal_Weight,4.22
21625,Normal_Weight,2.3475
21626,Normal_Weight,2.545
21627,Normal_Weight,2.945
21628,Normal_Weight,2.99
21629,Normal_Weight,4.49
21630,Normal_Weight,2.9475
21631,Normal_Weight,0.01
21632,Normal_Weight,2.0
21633,Normal_Weight,3.8575
21634,Normal_Weight,2.9775
21635,Normal_Weight,1.2775
21636,Normal_Weight,3.745
21637,Normal_Weight,4.0
21638,Normal_Weight,5.67
21639,Normal_Weight,4.0
21640,Normal_Weight,0.0725
21641,Normal_Weight,0.3
21642,Normal_Weight,4.9125
21643,Normal_Weight,4.0
21644,Normal_Weight,3.975
21645,Normal_Weight,4.0
21646,Normal_Weight,5.6225
21647,Normal_Weight,0.87
21648,Normal_Weight,4.5525
21649,Normal_Weight,4.0025
21650,Normal_Weight,5.4725
21651,Normal_Weight,5.6425
21652,Normal_Weight,2.115
21653,Normal_Weight,4.615
21654,Normal_Weight,4.905
21655,Normal_Weight,3.1675
21656,Normal_Weight,5.7575
21657,Normal_Weight,3.0825
21658,Normal_Weight,5.1
21659,Normal_Weight,3.3075
21660,Normal_Weight,4.725
21661,Normal_Weight,3.14
21662,Normal_Weight,2.995
21663,Normal_Weight,2.9825
21664,Normal_Weight,2.3575
21665,Normal_Weight,0.2275
21666,Normal_Weight,2.11
21667,Normal_Weight,3.67
21668,Normal_Weight,3.99
21669,Normal_Weight,2.925
21670,Normal_Weight,0.3125
21671,Normal_Weight,4.745
21672,Normal_Weight,2.4175
21673,Normal_Weight,2.82
21674,Normal_Weight,5.215
21675,Normal_Weight,2.9825
21676,Normal_Weight,3.44
21677,Normal_Weight,3.2675
21678,Normal_Weight,3.0
21679,Normal_Weight,2.6575
21680,Normal_Weight,2.9975
21681,Normal_Weight,0.7525
21682,Normal_Weight,2.5725
21683,Normal_Weight,4.0
21684,Normal_Weight,2.995
21685,Normal_Weight,5.6
21686,Normal_Weight,2.9225
21687,Normal_Weight,1.425
21688,Normal_Weight,2.9425
21689,Normal_Weight,2.98
21690,Normal_Weight,5.015
21691,Normal_Weight,2.115
21692,Normal_Weight,0.0175
21693,Normal_Weight,2.5675
21694,Normal_Weight,1.3425
21695,Normal_Weight,2.86
21696,Normal_Weight,0.8775
21697,Normal_Weight,3.9075
21698,Normal_Weight,0.995
21699,Normal_Weight,4.0
21700,Normal_Weight,1.5475
21701,Normal_Weight,4.0
21702,Normal_Weight,4.0
21703,Normal_Weight,4.8075
21704,Normal_Weight,5.025
21705,Normal_Weight,3.0
21706,Normal_Weight,1.0825
21707,Normal_Weight,2.905
21708,Normal_Weight,2.9875
21709,Normal_Weight,0.15
21710,Normal_Weight,0.0975
21711,Normal_Weight,4.0
21712,Normal_Weight,4.59
21713,Normal_Weight,1.2775
21714,Normal_Weight,4.695
21715,Normal_Weight,5.8325
21716,Normal_Weight,0.995
21717,Normal_Weight,0.2875
21718,Normal_Weight,4.625
21719,Normal_Weight,3.625
21720,Normal_Weight,3.795
21721,Normal_Weight,3.615
21722,Normal_Weight,2.4725
21723,Normal_Weight,4.0
21724,Normal_Weight,4.0
21725,Normal_Weight,1.81
21726,Normal_Weight,4.0
21727,Normal_Weight,2.9125
21728,Normal_Weight,4.0
21729,Normal_Weight,0.205
21730,Normal_Weight,0.1125
21731,Normal_Weight,1.79
21732,Normal_Weight,0.9425
21733,Normal_Weight,2.0
21734,Normal_Weight,0.1575
21735,Normal_Weight,5.79
21736,Normal_Weight,3.635
21737,Normal_Weight,4.5425
21738,Normal_Weight,5.085
21739,Normal_Weight,2.96
21740,Normal_Weight,0.1
21741,Normal_Weight,0.5875
21742,Normal_Weight,4.0
21743,Normal_Weight,3.0
21744,Normal_Weight,0.9775
21745,Normal_Weight,1.2075
21746,Normal_Weight,5.0175
21747,Normal_Weight,4.5625
21748,Normal_Weight,5.69
21749,Normal_Weight,2.9725
21750,Normal_Weight,2.045
21751,Normal_Weight,2.9925
21752,Normal_Weight,4.0
21753,Normal_Weight,4.9075
21754,Normal_Weight,3.7025
21755,Normal_Weight,0.1525
21756,Normal_Weight,0.195
21757,Normal_Weight,0.4425
21758,Normal_Weight,4.0
21759,Normal_Weight,4.0
21760,Normal_Weight,4.0
21761,Normal_Weight,4.17
21762,Normal_Weight,5.4675
21763,Normal_Weight,5.465
21764,Normal_Weight,4.0
21765,Normal_Weight,4.0
21766,Normal_Weight,3.8625
21767,Normal_Weight,2.6025
21768,Normal_Weight,5.6475
21769,Normal_Weight,1.21
21770,Normal_Weight,0.015
21771,Normal_Weight,0.9825
21772,Normal_Weight,2.995
21773,Normal_Weight,4.9275
21774,Normal_Weight,0.4625
21775,Normal_Weight,0.95
21776,Normal_Weight,4.9275
21777,Normal_Weight,3.0
21778,Normal_Weight,4.735
21779,Normal_Weight,2.425
21780,Normal_Weight,4.0
21781,Normal_Weight,2.9975
21782,Normal_Weight,3.94
21783,Normal_Weight,0.995
21784,Normal_Weight,2.595
21785,Normal_Weight,4.0
21786,Normal_Weight,3.5575
21787,Normal_Weight,2.71
21788,Normal_Weight,2.6625
21789,Normal_Weight,2.99
21790,Normal_Weight,3.8325
21791,Normal_Weight,5.3175
21792,Normal_Weight,4.0
21793,Normal_Weight,4.3975
21794,Normal_Weight,5.52
21795,Normal_Weight,1.185
21796,Normal_Weight,4.0
21797,Normal_Weight,0.5375
21798,Normal_Weight,0.3325
21799,Normal_Weight,2.87
21800,Normal_Weight,4.8325
21801,Normal_Weight,2.9925
21802,Normal_Weight,2.6325
21803,Normal_Weight,4.0
21804,Normal_Weight,2.74
21805,Normal_Weight,3.0
21806,Normal_Weight,5.935
21807,Normal_Weight,4.8325
21808,Normal_Weight,5.915
21809,Normal_Weight,3.3675
21810,Normal_Weight,5.845
21811,Normal_Weight,5.5025
21812,Normal_Weight,4.8
21813,Normal_Weight,0.185
21814,Normal_Weight,4.0
21815,Normal_Weight,0.0025
21816,Normal_Weight,2.6025
21817,Normal_Weight,0.5775
21818,Normal_Weight,4.7325
21819,Normal_Weight,0.0975
21820,Normal_Weight,4.2975
21821,Normal_Weight,4.81
21822,Normal_Weight,3.4975
21823,Normal_Weight,4.6325
21824,Normal_Weight,2.5625
21825,Normal_Weight,2.06
21826,Normal_Weight,0.96
21827,Normal_Weight,4.36
21828,Normal_Weight,5.6525
21829,Normal_Weight,0.01
21830,Normal_Weight,4.97
21831,Normal_Weight,4.0
21832,Normal_Weight,4.9475
21833,Normal_Weight,0.3275
21834,Normal_Weight,2.47
21835,Normal_Weight,5.32
21836,Normal_Weight,2.57
21837,Normal_Weight,4.0
21838,Normal_Weight,1.0
21839,Normal_Weight,4.0
21840,Normal_Weight,0.46
21841,Normal_Weight,3.72
21842,Normal_Weight,1.67
21843,Normal_Weight,0.0025
21844,Normal_Weight,0.0525
21845,Normal_Weight,2.0875
21846,Normal_Weight,0.1575
21847,Normal_Weight,2.985
21848,Normal_Weight,4.0
21849,Normal_Weight,1.2275
21850,Normal_Weight,4.0475
21851,Normal_Weight,0.7625
21852,Normal_Weight,2.7925
21853,Normal_Weight,2.125
21854,Normal_Weight,3.16
21855,Normal_Weight,0.0
21856,Normal_Weight,4.0
21857,Normal_Weight,4.735
21858,Normal_Weight,3.2025
21859,Normal_Weight,4.0
21860,Normal_Weight,2.8225
21861,Normal_Weight,0.7575
21862,Normal_Weight,2.495
21863,Normal_Weight,3.79
21864,Normal_Weight,4.9075
21865,Normal_Weight,4.595
21866,Normal_Weight,0.0775
21867,Normal_Weight,2.965
21868,Normal_Weight,3.2525
21869,Normal_Weight,4.0
21870,Normal_Weight,5.6
21871,Normal_Weight,2.9375
21872,Normal_Weight,4.0
21873,Normal_Weight,4.0
21874,Normal_Weight,0.045
21875,Normal_Weight,2.55
21876,Normal_Weight,5.5275
21877,Normal_Weight,5.4925
21878,Normal_Weight,4.7925
21879,Normal_Weight,0.0
21880,Normal_Weight,5.83
21881,Normal_Weight,5.8
21882,Normal_Weight,5.2575
21883,Normal_Weight,4.0
21884,Normal_Weight,4.0
21885,Normal_Weight,5.59
21886,Normal_Weight,3.8
21887,Normal_Weight,0.05
21888,Normal_Weight,4.0
21889,Normal_Weight,5.8225
21890,Normal_Weight,2.9875
21891,Normal_Weight,0.99
21892,Normal_Weight,0.565
21893,Normal_Weight,4.0
21894,Normal_Weight,2.9575
21895,Normal_Weight,2.9975
21896,Normal_Weight,4.635
21897,Normal_Weight,0.62
21898,Normal_Weight,2.03
21899,Normal_Weight,4.0
21900,Normal_Weight,3.4675
21901,Normal_Weight,4.0
21902,Normal_Weight,0.025
21903,Normal_Weight,4.445
21904,Normal_Weight,5.6575
21905,Normal_Weight,4.7575
21906,Normal_Weight,2.87
21907,Normal_Weight,3.015
21908,Normal_Weight,3.0
21909,Normal_Weight,4.0
21910,Normal_Weight,1.4975
21911,Normal_Weight,0.0125
21912,Normal_Weight,4.0
21913,Normal_Weight,4.0
21914,Normal_Weight,4.1025
21915,Normal_Weight,4.0
21916,Normal_Weight,5.075
21917,Normal_Weight,3.0
21918,Normal_Weight,0.49
21919,Normal_Weight,4.0
21920,Normal_Weight,2.02
21921,Normal_Weight,5.39
21922,Normal_Weight,5.8625
21923,Normal_Weight,5.3425
21924,Normal_Weight,4.4025
21925,Normal_Weight,4.0
21926,Normal_Weight,5.19
21927,Normal_Weight,4.0
21928,Normal_Weight,2.7275
21929,Normal_Weight,2.5275
21930,Normal_Weight,0.0175
21931,Normal_Weight,4.77
21932,Normal_Weight,4.0
21933,Normal_Weight,5.79
21934,Normal_Weight,0.14
21935,Normal_Weight,2.14
21936,Normal_Weight,0.045
21937,Normal_Weight,4.0
21938,Normal_Weight,4.0
21939,Normal_Weight,5.595
21940,Normal_Weight,1.7875
21941,Normal_Weight,0.8025
21942,Normal_Weight,5.155
21943,Normal_Weight,0.61
21944,Normal_Weight,4.8275
21945,Normal_Weight,4.0
21946,Normal_Weight,4.0
21947,Normal_Weight,0.15
21948,Normal_Weight,4.0
21949,Normal_Weight,4.0
21950,Normal_Weight,1.0225
21951,Normal_Weight,4.01
21952,Normal_Weight,2.83
21953,Normal_Weight,4.0
21954,Normal_Weight,4.875
21955,Normal_Weight,4.6575
21956,Normal_Weight,3.8825
21957,Normal_Weight,1.7825
21958,Normal_Weight,2.305
21959,Normal_Weight,1.005
21960,Normal_Weight,2.9975
21961,Normal_Weight,4.0
21962,Normal_Weight,4.0
21963,Normal_Weight,2.45
21964,Normal_Weight,3.0
21965,Normal_Weight,2.1375
21966,Normal_Weight,4.06
21967,Normal_Weight,4.0375
21968,Normal_Weight,1.73
21969,Normal_Weight,4.825
21970,Normal_Weight,0.0125
21971,Normal_Weight,0.16
21972,Normal_Weight,4.5975
21973,Normal_Weight,1.205
21974,Normal_Weight,4.705
21975,Normal_Weight,5.745
21976,Normal_Weight,5.2325
21977,Normal_Weight,3.8725
21978,Normal_Weight,0.01
21979,Normal_Weight,0.0025
21980,Normal_Weight,3.835
21981,Normal_Weight,3.0025
21982,Normal_Weight,5.6275
21983,Normal_Weight,4.0
21984,Normal_Weight,2.685
21985,Normal_Weight,3.6025
21986,Normal_Weight,3.0825
21987,Normal_Weight,5.865
21988,Normal_Weight,3.935
21989,Normal_Weight,5.445
21990,Normal_Weight,4.065
21991,Normal_Weight,4.85
21992,Normal_Weight,5.3225
21993,Normal_Weight,2.8925
21994,Normal_Weight,5.5625
21995,Normal_Weight,0.6625
21996,Normal_Weight,2.8625
21997,Normal_Weight,3.68
21998,Normal_Weight,0.24
21999,Normal_Weight,3.0
22000,Normal_Weight,5.12
22001,Normal_Weight,2.9975
22002,Normal_Weight,1.095
22003,Normal_Weight,4.0
22004,Normal_Weight,5.045
22005,Normal_Weight,0.0525
22006,Normal_Weight,4.0
22007,Normal_Weight,3.315
22008,Normal_Weight,3.0
22009,Normal_Weight,2.97
22010,Normal_Weight,2.9375
22011,Normal_Weight,4.8125
22012,Normal_Weight,2.6525
22013,Normal_Weight,2.6875
22014,Normal_Weight,2.945
22015,Normal_Weight,0.4325
22016,Normal_Weight,2.9525
22017,Normal_Weight,4.0
22018,Normal_Weight,1.1225
22019,Normal_Weight,0.0975
22020,Normal_Weight,5.7925
22021,Normal_Weight,0.6425
22022,Normal_Weight,0.415
22023,Normal_Weight,2.2125
22024,Normal_Weight,4.8
22025,Normal_Weight,4.0
22026,Normal_Weight,2.9725
22027,Normal_Weight,3.6625
22028,Normal_Weight,0.43
22029,Normal_Weight,0.105
22030,Normal_Weight,4.0
22031,Normal_Weight,4.0
22032,Normal_Weight,2.0
22033,Normal_Weight,2.185
22034,Normal_Weight,0.73
22035,Normal_Weight,5.3425
22036,Normal_Weight,3.7375
22037,Normal_Weight,2.8925
22038,Normal_Weight,2.5575
22039,Normal_Weight,1.0225
22040,Normal_Weight,2.9925
22041,Normal_Weight,0.955
22042,Normal_Weight,5.615
22043,Normal_Weight,2.4525
22044,Normal_Weight,2.9525
22045,Normal_Weight,3.915
22046,Normal_Weight,0.6975
22047,Normal_Weight,5.8075
22048,Normal_Weight,5.495
22049,Normal_Weight,4.0
22050,Normal_Weight,2.98
22051,Normal_Weight,2.4725
22052,Normal_Weight,2.52
22053,Normal_Weight,0.4975
22054,Normal_Weight,4.89
22055,Normal_Weight,2.9625
22056,Normal_Weight,3.3675
22057,Normal_Weight,2.93
22058,Normal_Weight,3.755
22059,Normal_Weight,0.015
22060,Normal_Weight,4.0
22061,Normal_Weight,4.0
22062,Normal_Weight,3.915
22063,Normal_Weight,2.885
22064,Normal_Weight,2.9525
22065,Normal_Weight,3.0
22066,Normal_Weight,2.17
22067,Normal_Weight,3.9325
22068,Normal_Weight,2.13
22069,Normal_Weight,2.97
22070,Normal_Weight,4.4475
22071,Normal_Weight,2.8575
22072,Normal_Weight,1.1875
22073,Normal_Weight,3.375
22074,Normal_Weight,2.7825
22075,Normal_Weight,3.755
22076,Normal_Weight,3.0
22077,Normal_Weight,4.0
22078,Normal_Weight,2.41
22079,Normal_Weight,3.8575
22080,Normal_Weight,0.2325
22081,Normal_Weight,2.895
22082,Normal_Weight,4.0
22083,Normal_Weight,4.7525
22084,Normal_Weight,0.05
22085,Normal_Weight,5.63
22086,Normal_Weight,0.0075
22087,Normal_Weight,4.9
22088,Normal_Weight,3.0
22089,Normal_Weight,0.8925
22090,Normal_Weight,4.0275
22091,Normal_Weight,0.035
22092,Normal_Weight,3.985
22093,Normal_Weight,4.745
22094,Normal_Weight,4.3175
22095,Normal_Weight,2.9375
22096,Normal_Weight,5.63
22097,Normal_Weight,4.0
22098,Normal_Weight,0.07
22099,Normal_Weight,3.6875
22100,Normal_Weight,0.0025
22101,Normal_Weight,4.0
22102,Normal_Weight,0.27
22103,Normal_Weight,0.5625
22104,Normal_Weight,0.8275
22105,Normal_Weight,5.35
22106,Normal_Weight,3.4575
22107,Normal_Weight,5.6775
22108,Normal_Weight,4.0
22109,Normal_Weight,2.135
22110,Normal_Weight,4.0
22111,Normal_Weight,5.36
22112,Normal_Weight,4.0
22113,Normal_Weight,5.82
22114,Normal_Weight,0.09
22115,Normal_Weight,0.1
22116,Normal_Weight,2.945
22117,Normal_Weight,4.0
22118,Normal_Weight,5.72
22119,Normal_Weight,0.275
22120,Normal_Weight,4.0
22121,Normal_Weight,3.365
22122,Normal_Weight,0.37
22123,Normal_Weight,4.0
22124,Normal_Weight,3.0775
22125,Normal_Weight,5.5125
22126,Normal_Weight,2.535
22127,Normal_Weight,1.1975
22128,Normal_Weight,2.8125
22129,Normal_Weight,3.6225
22130,Normal_Weight,3.52
22131,Normal_Weight,1.0125
22132,Normal_Weight,4.975
22133,Normal_Weight,2.9975
22134,Normal_Weight,1.3975
22135,Normal_Weight,2.9525
22136,Normal_Weight,4.0
22137,Normal_Weight,0.0
22138,Normal_Weight,0.7025
22139,Normal_Weight,0.0375
22140,Normal_Weight,2.535
22141,Normal_Weight,2.995
22142,Normal_Weight,1.1975
22143,Normal_Weight,4.0
22144,Normal_Weight,4.0
22145,Normal_Weight,1.4675
22146,Normal_Weight,4.0
22147,Normal_Weight,1.2275
22148,Normal_Weight,4.0
22149,Normal_Weight,0.0
22150,Normal_Weight,2.4175
22151,Normal_Weight,3.2925
22152,Normal_Weight,5.0025
22153,Normal_Weight,4.0
22154,Normal_Weight,5.08
22155,Normal_Weight,0.0125
22156,Normal_Weight,0.77
22157,Normal_Weight,2.995
22158,Normal_Weight,3.73
22159,Normal_Weight,4.3975
22160,Normal_Weight,1.2175
22161,Normal_Weight,4.06
22162,Normal_Weight,0.5525
22163,Normal_Weight,2.045
22164,Normal_Weight,0.0125
22165,Normal_Weight,4.8725
22166,Normal_Weight,4.7975
22167,Normal_Weight,4.0
22168,Normal_Weight,2.24
22169,Normal_Weight,3.0675
22170,Normal_Weight,4.9275
22171,Normal_Weight,4.0
22172,Normal_Weight,2.5075
22173,Normal_Weight,2.785
22174,Normal_Weight,4.595
22175,Normal_Weight,0.0
22176,Normal_Weight,4.0
22177,Normal_Weight,4.0
22178,Normal_Weight,2.6875
22179,Normal_Weight,4.0
22180,Normal_Weight,2.2575
22181,Normal_Weight,5.7925
22182,Normal_Weight,1.1925
22183,Normal_Weight,0.66
22184,Normal_Weight,3.945
22185,Normal_Weight,4.0
22186,Normal_Weight,4.0
22187,Normal_Weight,0.01
22188,Normal_Weight,0.435
22189,Normal_Weight,4.0
22190,Normal_Weight,2.8775
22191,Normal_Weight,0.525
22192,Normal_Weight,2.45
22193,Normal_Weight,1.0
22194,Normal_Weight,4.0
22195,Normal_Weight,5.1125
22196,Normal_Weight,4.0
22197,Normal_Weight,2.555
22198,Normal_Weight,1.2125
22199,Normal_Weight,5.4425
22200,Normal_Weight,4.3425
22201,Normal_Weight,2.9475
22202,Normal_Weight,0.0
22203,Normal_Weight,5.15
22204,Normal_Weight,2.8
22205,Normal_Weight,3.955
22206,Normal_Weight,5.18
22207,Normal_Weight,4.0
22208,Normal_Weight,4.0525
22209,Normal_Weight,1.015
22210,Normal_Weight,4.0
22211,Normal_Weight,4.0
22212,Normal_Weight,4.0
22213,Normal_Weight,2.04
22214,Normal_Weight,4.0
22215,Normal_Weight,0.2425
22216,Normal_Weight,3.43
22217,Normal_Weight,1.1875
22218,Normal_Weight,4.825
22219,Normal_Weight,1.525
22220,Normal_Weight,2.4375
22221,Normal_Weight,2.9975
22222,Normal_Weight,4.4125
22223,Normal_Weight,4.0
22224,Normal_Weight,0.025
22225,Normal_Weight,4.87
22226,Normal_Weight,4.0
22227,Normal_Weight,1.7425
22228,Normal_Weight,3.0675
22229,Normal_Weight,3.0
22230,Normal_Weight,5.0225
22231,Normal_Weight,4.0
22232,Normal_Weight,0.005
22233,Normal_Weight,1.52
22234,Normal_Weight,2.3675
22235,Normal_Weight,2.955
22236,Normal_Weight,4.0
22237,Normal_Weight,2.5625
22238,Normal_Weight,2.57
22239,Normal_Weight,4.0
22240,Normal_Weight,1.205
22241,Normal_Weight,4.0
22242,Normal_Weight,4.0
22243,Normal_Weight,3.3525
22244,Normal_Weight,4.0
22245,Normal_Weight,4.0
22246,Normal_Weight,4.0
22247,Normal_Weight,4.98
22248,Normal_Weight,2.9675
22249,Normal_Weight,4.0
22250,Normal_Weight,1.185
22251,Normal_Weight,3.9525
22252,Normal_Weight,0.0675
22253,Normal_Weight,2.94
22254,Normal_Weight,2.915
22255,Normal_Weight,2.5875
22256,Normal_Weight,0.9675
22257,Normal_Weight,4.7525
22258,Normal_Weight,4.9875
22259,Normal_Weight,5.19
22260,Normal_Weight,2.9475
22261,Normal_Weight,3.5475
22262,Normal_Weight,3.0
22263,Normal_Weight,3.3725
22264,Normal_Weight,3.7
22265,Normal_Weight,1.18
22266,Normal_Weight,2.8825
22267,Normal_Weight,0.5975
22268,Normal_Weight,4.445
22269,Normal_Weight,0.4925
22270,Normal_Weight,0.005
22271,Normal_Weight,4.0
22272,Normal_Weight,2.95
22273,Normal_Weight,1.8275
22274,Normal_Weight,2.6075
22275,Normal_Weight,0.0675
22276,Normal_Weight,2.4975
22277,Normal_Weight,0.73
22278,Normal_Weight,2.9875
22279,Normal_Weight,4.99
22280,Normal_Weight,0.6375
22281,Normal_Weight,2.93
22282,Normal_Weight,1.475
22283,Normal_Weight,5.7125
22284,Normal_Weight,4.7625
22285,Normal_Weight,5.0525
22286,Normal_Weight,2.8675
22287,Normal_Weight,4.0
22288,Normal_Weight,4.0
22289,Normal_Weight,2.72
22290,Normal_Weight,3.0075
22291,Normal_Weight,2.43
22292,Normal_Weight,4.0
22293,Normal_Weight,4.0
22294,Normal_Weight,3.6675
22295,Normal_Weight,5.8725
22296,Normal_Weight,1.04
22297,Normal_Weight,5.2275
22298,Normal_Weight,4.0
22299,Normal_Weight,3.97
22300,Normal_Weight,4.085
22301,Normal_Weight,0.005
22302,Normal_Weight,0.4625
22303,Normal_Weight,4.0
22304,Normal_Weight,3.6375
22305,Normal_Weight,5.915
22306,Normal_Weight,2.71
22307,Normal_Weight,2.83
22308,Normal_Weight,0.3425
22309,Normal_Weight,1.345
22310,Normal_Weight,2.085
22311,Normal_Weight,2.6175
22312,Normal_Weight,3.0
22313,Normal_Weight,5.765
22314,Normal_Weight,4.0
22315,Normal_Weight,4.9625
22316,Normal_Weight,0.59
22317,Normal_Weight,2.3325
22318,Normal_Weight,1.7775
22319,Normal_Weight,3.5
22320,Normal_Weight,4.0
22321,Normal_Weight,4.735
22322,Normal_Weight,3.7
22323,Normal_Weight,0.005
22324,Normal_Weight,0.2025
22325,Normal_Weight,4.0
22326,Normal_Weight,0.045
22327,Normal_Weight,2.5575
22328,Normal_Weight,3.935
22329,Normal_Weight,0.3325
22330,Normal_Weight,4.0675
22331,Normal_Weight,2.485
22332,Normal_Weight,4.0
22333,Normal_Weight,4.42
22334,Normal_Weight,0.0
22335,Normal_Weight,1.495
22336,Normal_Weight,2.4575
22337,Normal_Weight,4.605
22338,Normal_Weight,4.0
22339,Normal_Weight,4.0
22340,Normal_Weight,4.0
22341,Normal_Weight,1.545
22342,Normal_Weight,2.945
22343,Normal_Weight,0.025
22344,Normal_Weight,5.1675
22345,Normal_Weight,4.8225
22346,Normal_Weight,2.995
22347,Normal_Weight,4.0
22348,Normal_Weight,4.8
22349,Normal_Weight,4.955
22350,Normal_Weight,2.0525
22351,Normal_Weight,4.0
22352,Normal_Weight,5.195
22353,Normal_Weight,2.9525
22354,Normal_Weight,0.405
22355,Normal_Weight,2.9975
22356,Normal_Weight,4.0
22357,Normal_Weight,0.2775
22358,Normal_Weight,4.0
22359,Normal_Weight,2.47
22360,Normal_Weight,2.9975
22361,Normal_Weight,4.0
22362,Normal_Weight,5.9
22363,Normal_Weight,5.8925
22364,Normal_Weight,5.51
22365,Normal_Weight,5.6925
22366,Normal_Weight,4.11
22367,Normal_Weight,1.75
22368,Normal_Weight,3.8525
22369,Normal_Weight,0.5225
22370,Normal_Weight,2.7675
22371,Normal_Weight,5.81
22372,Normal_Weight,4.8625
22373,Normal_Weight,2.0
22374,Normal_Weight,2.2275
22375,Normal_Weight,4.0
22376,Normal_Weight,3.0
22377,Normal_Weight,3.2875
22378,Normal_Weight,2.63
22379,Normal_Weight,4.0
22380,Normal_Weight,3.8025
22381,Normal_Weight,0.13
22382,Normal_Weight,1.7925
22383,Normal_Weight,4.9875
22384,Normal_Weight,2.7725
22385,Normal_Weight,4.0
22386,Normal_Weight,4.0
22387,Normal_Weight,3.2775
22388,Normal_Weight,5.01
22389,Normal_Weight,4.0
22390,Normal_Weight,3.095
22391,Normal_Weight,5.6575
22392,Normal_Weight,1.85
22393,Normal_Weight,5.705
22394,Normal_Weight,2.4275
22395,Normal_Weight,1.045
22396,Normal_Weight,4.7575
22397,Normal_Weight,0.1575
22398,Normal_Weight,1.185
22399,Normal_Weight,0.945
22400,Normal_Weight,0.305
22401,Normal_Weight,0.0225
22402,Normal_Weight,3.8125
22403,Normal_Weight,0.03
22404,Normal_Weight,5.5275
22405,Normal_Weight,3.2025
22406,Normal_Weight,4.0
22407,Normal_Weight,2.125
22408,Normal_Weight,2.4775
22409,Normal_Weight,4.0
22410,Normal_Weight,4.8275
22411,Normal_Weight,4.61
22412,Normal_Weight,2.975
22413,Normal_Weight,5.8225
22414,Normal_Weight,2.15
22415,Normal_Weight,0.0125
22416,Normal_Weight,4.0
22417,Normal_Weight,2.03
22418,Normal_Weight,5.3575
22419,Normal_Weight,2.9975
22420,Normal_Weight,2.9625
22421,Normal_Weight,3.4975
22422,Normal_Weight,2.99
22423,Normal_Weight,3.695
22424,Normal_Weight,2.0
22425,Normal_Weight,3.185
22426,Normal_Weight,4.0
22427,Normal_Weight,2.9825
22428,Normal_Weight,4.0
22429,Normal_Weight,2.395
22430,Normal_Weight,2.81
22431,Normal_Weight,5.0475
22432,Normal_Weight,4.5025
22433,Normal_Weight,4.0
22434,Normal_Weight,3.5325
22435,Normal_Weight,0.435
22436,Normal_Weight,5.5
22437,Normal_Weight,2.055
22438,Normal_Weight,0.0025
22439,Normal_Weight,4.0
22440,Normal_Weight,0.1275
22441,Normal_Weight,5.8775
22442,Normal_Weight,0.695
22443,Normal_Weight,0.39
22444,Normal_Weight,3.515
22445,Normal_Weight,0.01
22446,Normal_Weight,4.0
22447,Normal_Weight,3.6075
22448,Normal_Weight,4.3425
22449,Normal_Weight,4.845
22450,Normal_Weight,4.0
22451,Normal_Weight,4.255
22452,Normal_Weight,2.985
22453,Normal_Weight,2.7475
22454,Normal_Weight,0.0975
22455,Normal_Weight,4.0
22456,Normal_Weight,4.1825
22457,Normal_Weight,0.6925
22458,Normal_Weight,5.6325
22459,Normal_Weight,4.0
22460,Normal_Weight,3.4925
22461,Normal_Weight,5.5875
22462,Normal_Weight,2.3275
22463,Normal_Weight,2.965
22464,Normal_Weight,2.9925
22465,Normal_Weight,4.9725
22466,Normal_Weight,4.0
22467,Normal_Weight,4.0
22468,Normal_Weight,1.505
22469,Normal_Weight,3.0925
22470,Normal_Weight,5.0825
22471,Normal_Weight,2.9275
22472,Normal_Weight,2.9625
22473,Normal_Weight,4.0
22474,Normal_Weight,0.2225
22475,Normal_Weight,4.0
22476,Normal_Weight,4.0
22477,Normal_Weight,0.0
22478,Normal_Weight,2.0
22479,Normal_Weight,5.68
22480,Normal_Weight,3.125
22481,Normal_Weight,5.335
22482,Normal_Weight,0.16
22483,Normal_Weight,0.275
22484,Normal_Weight,3.8275
22485,Normal_Weight,5.57
22486,Normal_Weight,2.5425
22487,Normal_Weight,4.0
22488,Normal_Weight,4.535
22489,Normal_Weight,4.0
22490,Normal_Weight,3.0
22491,Normal_Weight,4.465
22492,Normal_Weight,5.79
22493,Normal_Weight,4.0
22494,Normal_Weight,3.525
22495,Normal_Weight,3.43
22496,Normal_Weight,4.0
22497,Normal_Weight,3.505
22498,Normal_Weight,5.0425
22499,Normal_Weight,4.2125
22500,Normal_Weight,0.8775
22501,Normal_Weight,0.0375
22502,Normal_Weight,4.8175
22503,Normal_Weight,5.685
22504,Normal_Weight,3.0
22505,Normal_Weight,4.0
22506,Normal_Weight,0.115
22507,Normal_Weight,4.6625
22508,Normal_Weight,5.8925
22509,Normal_Weight,2.9375
22510,Normal_Weight,4.9775
22511,Normal_Weight,4.0
22512,Normal_Weight,4.0
22513,Normal_Weight,4.905
22514,Normal_Weight,5.065
22515,Normal_Weight,4.0
22516,Normal_Weight,1.1625
22517,Normal_Weight,4.0
22518,Normal_Weight,4.0
22519,Normal_Weight,0.61
22520,Normal_Weight,4.0
22521,Normal_Weight,0.2425
22522,Normal_Weight,0.76
22523,Normal_Weight,2.96
22524,Normal_Weight,2.6475
22525,Normal_Weight,2.565
22526,Normal_Weight,3.0
22527,Normal_Weight,2.96
22528,Normal_Weight,4.0
22529,Normal_Weight,4.0
22530,Normal_Weight,2.91
22531,Normal_Weight,3.0
22532,Normal_Weight,2.96
22533,Normal_Weight,4.0
22534,Normal_Weight,5.67
22535,Normal_Weight,0.2625
22536,Normal_Weight,2.01
22537,Normal_Weight,2.395
22538,Normal_Weight,3.705
22539,Normal_Weight,2.9925
22540,Normal_Weight,1.2
22541,Normal_Weight,4.0
22542,Normal_Weight,2.995
22543,Normal_Weight,2.67
22544,Normal_Weight,4.2125
22545,Normal_Weight,4.0
22546,Normal_Weight,0.145
22547,Normal_Weight,4.0
22548,Normal_Weight,5.22
22549,Normal_Weight,4.47
22550,Normal_Weight,0.4175
22551,Normal_Weight,2.9825
22552,Normal_Weight,0.845
22553,Normal_Weight,4.755
22554,Normal_Weight,4.0
22555,Normal_Weight,4.0
22556,Normal_Weight,4.66
22557,Normal_Weight,5.8375
22558,Normal_Weight,0.0975
22559,Normal_Weight,0.0025
22560,Normal_Weight,4.0
22561,Normal_Weight,4.0
22562,Normal_Weight,3.7075
22563,Normal_Weight,5.77
22564,Normal_Weight,4.0
22565,Normal_Weight,2.25
22566,Normal_Weight,4.0
22567,Normal_Weight,2.9975
22568,Normal_Weight,1.24
22569,Normal_Weight,4.0
22570,Normal_Weight,2.8375
22571,Normal_Weight,2.67
22572,Normal_Weight,1.185
22573,Normal_Weight,5.815
22574,Normal_Weight,4.835
22575,Normal_Weight,0.2375
22576,Normal_Weight,5.0
22577,Normal_Weight,0.5025
22578,Normal_Weight,3.0
22579,Normal_Weight,2.73
22580,Normal_Weight,3.0
22581,Normal_Weight,4.7225
22582,Normal_Weight,3.2225
22583,Normal_Weight,2.685
22584,Normal_Weight,4.0
22585,Normal_Weight,5.5925
22586,Normal_Weight,2.9925
22587,Normal_Weight,3.3525
22588,Normal_Weight,3.9
22589,Normal_Weight,2.995
22590,Normal_Weight,2.06
22591,Normal_Weight,4.0
22592,Normal_Weight,4.9975
22593,Normal_Weight,0.4
22594,Normal_Weight,0.2075
22595,Normal_Weight,2.975
22596,Normal_Weight,2.3825
22597,Normal_Weight,5.0875
22598,Normal_Weight,4.72
22599,Normal_Weight,2.25
22600,Normal_Weight,3.98
22601,Normal_Weight,4.9775
22602,Normal_Weight,2.9125
22603,Normal_Weight,4.0
22604,Normal_Weight,4.0
22605,Normal_Weight,4.8525
22606,Normal_Weight,0.015
22607,Normal_Weight,2.84
22608,Normal_Weight,0.0025
22609,Normal_Weight,0.1375
22610,Normal_Weight,5.3775
22611,Normal_Weight,2.0
22612,Normal_Weight,2.9675
22613,Normal_Weight,0.9975
22614,Normal_Weight,4.0
22615,Normal_Weight,0.02
22616,Normal_Weight,3.675
22617,Normal_Weight,2.9975
22618,Normal_Weight,1.0575
22619,Normal_Weight,2.8025
22620,Normal_Weight,4.0
22621,Normal_Weight,4.0
22622,Normal_Weight,4.0
22623,Normal_Weight,2.9925
22624,Normal_Weight,3.35
22625,Normal_Weight,4.78
22626,Normal_Weight,0.0
22627,Normal_Weight,4.0
22628,Normal_Weight,4.87
22629,Normal_Weight,0.2825
22630,Normal_Weight,2.9975
22631,Normal_Weight,4.56
22632,Normal_Weight,5.9125
22633,Normal_Weight,2.03
22634,Normal_Weight,0.0125
22635,Normal_Weight,0.0
22636,Normal_Weight,1.24
22637,Normal_Weight,4.0
22638,Normal_Weight,3.7225
22639,Normal_Weight,5.9225
22640,Normal_Weight,1.2225
22641,Normal_Weight,2.805
22642,Normal_Weight,3.0
22643,Normal_Weight,0.095
22644,Normal_Weight,2.0775
22645,Normal_Weight,4.0
22646,Normal_Weight,0.21
22647,Normal_Weight,0.1775
22648,Normal_Weight,0.15
22649,Normal_Weight,4.3975
22650,Normal_Weight,4.0
22651,Normal_Weight,2.9775
22652,Normal_Weight,0.6475
22653,Normal_Weight,1.1075
22654,Normal_Weight,5.8075
22655,Normal_Weight,1.0375
22656,Normal_Weight,3.475
22657,Normal_Weight,4.065
22658,Normal_Weight,4.145
22659,Normal_Weight,2.995
22660,Normal_Weight,2.4175
22661,Normal_Weight,2.7675
22662,Normal_Weight,2.205
22663,Normal_Weight,4.0
22664,Normal_Weight,4.0
22665,Normal_Weight,3.01
22666,Normal_Weight,4.0
22667,Normal_Weight,4.41
22668,Normal_Weight,1.1775
22669,Normal_Weight,0.385
22670,Normal_Weight,1.0
22671,Normal_Weight,4.0
22672,Normal_Weight,2.8525
22673,Normal_Weight,0.01
22674,Normal_Weight,2.9975
22675,Normal_Weight,4.6775
22676,Normal_Weight,2.995
22677,Normal_Weight,1.1675
22678,Normal_Weight,5.855
22679,Normal_Weight,4.0
22680,Normal_Weight,2.8525
22681,Normal_Weight,4.0
22682,Normal_Weight,3.3725
22683,Normal_Weight,4.0
22684,Normal_Weight,4.0
22685,Normal_Weight,5.58
22686,Normal_Weight,4.755
22687,Normal_Weight,4.745
22688,Normal_Weight,4.12
22689,Normal_Weight,5.0925
22690,Normal_Weight,0.81
22691,Normal_Weight,0.2275
22692,Normal_Weight,4.9975
22693,Normal_Weight,4.685
22694,Normal_Weight,5.6625
22695,Normal_Weight,2.61
22696,Normal_Weight,0.9075
22697,Normal_Weight,2.81
22698,Normal_Weight,1.0325
22699,Normal_Weight,0.605
22700,Normal_Weight,4.0
22701,Normal_Weight,0.545
22702,Normal_Weight,1.2175
22703,Normal_Weight,4.0
22704,Normal_Weight,3.54
22705,Normal_Weight,4.065
22706,Normal_Weight,2.5325
22707,Normal_Weight,0.7925
22708,Normal_Weight,2.795
22709,Normal_Weight,1.9625
22710,Normal_Weight,2.9675
22711,Normal_Weight,4.0
22712,Normal_Weight,4.5425
22713,Normal_Weight,5.0875
22714,Normal_Weight,4.0
22715,Normal_Weight,0.1275
22716,Normal_Weight,4.0
22717,Normal_Weight,3.6675
22718,Normal_Weight,2.56
22719,Normal_Weight,5.4925
22720,Normal_Weight,4.0
22721,Normal_Weight,4.7675
22722,Normal_Weight,2.07
22723,Normal_Weight,2.5425
22724,Normal_Weight,4.0
22725,Normal_Weight,1.3025
22726,Normal_Weight,1.1725
22727,Normal_Weight,4.0
22728,Normal_Weight,4.175
22729,Normal_Weight,5.025
22730,Normal_Weight,4.8675
22731,Normal_Weight,4.0
22732,Normal_Weight,5.57
22733,Normal_Weight,3.3325
22734,Normal_Weight,5.2325
22735,Normal_Weight,1.185
22736,Normal_Weight,3.0625
22737,Normal_Weight,0.0025
22738,Normal_Weight,2.9975
22739,Normal_Weight,0.085
22740,Normal_Weight,4.7625
22741,Normal_Weight,3.0
22742,Normal_Weight,4.025
22743,Normal_Weight,0.4125
22744,Normal_Weight,4.0675
22745,Normal_Weight,1.44
22746,Normal_Weight,2.9475
22747,Normal_Weight,1.235
22748,Normal_Weight,3.7125
22749,Normal_Weight,3.0
22750,Normal_Weight,3.0
22751,Normal_Weight,5.3675
22752,Normal_Weight,2.5825
22753,Normal_Weight,4.0
22754,Normal_Weight,4.0
22755,Normal_Weight,4.0
22756,Normal_Weight,1.695
22757,Normal_Weight,3.6925
22758,Normal_Weight,4.705
22759,Normal_Weight,3.025
22760,Normal_Weight,5.0025
22761,Normal_Weight,3.4875
22762,Normal_Weight,2.935
22763,Normal_Weight,1.34
22764,Normal_Weight,4.485
22765,Normal_Weight,4.0
22766,Normal_Weight,4.66
22767,Normal_Weight,3.0
22768,Normal_Weight,2.99
22769,Normal_Weight,1.645
22770,Normal_Weight,1.0725
22771,Normal_Weight,4.0
22772,Normal_Weight,5.1725
22773,Normal_Weight,1.4725
22774,Normal_Weight,2.9975
22775,Normal_Weight,5.4825
22776,Normal_Weight,3.8875
22777,Normal_Weight,0.405
22778,Normal_Weight,4.0
22779,Normal_Weight,5.2775
22780,Normal_Weight,4.0
22781,Normal_Weight,2.92
22782,Normal_Weight,2.7475
22783,Normal_Weight,3.41
22784,Normal_Weight,4.0
22785,Normal_Weight,5.545
22786,Normal_Weight,5.5975
22787,Normal_Weight,5.87
22788,Normal_Weight,4.0
22789,Normal_Weight,5.88
22790,Normal_Weight,5.195
22791,Normal_Weight,5.3225
22792,Normal_Weight,4.0
22793,Normal_Weight,0.575
22794,Normal_Weight,3.925
22795,Normal_Weight,4.565
22796,Normal_Weight,3.0
22797,Normal_Weight,5.125
22798,Normal_Weight,4.605
22799,Normal_Weight,4.0
22800,Normal_Weight,1.6175
22801,Normal_Weight,0.0025
22802,Normal_Weight,4.505
22803,Normal_Weight,3.81
22804,Normal_Weight,0.275
22805,Normal_Weight,2.985
22806,Normal_Weight,4.605
22807,Normal_Weight,5.115
22808,Normal_Weight,3.0
22809,Normal_Weight,2.535
22810,Normal_Weight,4.0
22811,Normal_Weight,2.415
22812,Normal_Weight,3.8175
22813,Normal_Weight,4.1075
22814,Normal_Weight,4.6425
22815,Normal_Weight,4.9375
22816,Normal_Weight,2.3
22817,Normal_Weight,2.9775
22818,Normal_Weight,4.2875
22819,Normal_Weight,4.0
22820,Normal_Weight,4.0025
22821,Normal_Weight,5.84
22822,Normal_Weight,0.4775
22823,Normal_Weight,4.0
22824,Normal_Weight,4.42
22825,Normal_Weight,4.0
22826,Normal_Weight,2.0
22827,Normal_Weight,5.18
22828,Normal_Weight,4.0
22829,Normal_Weight,2.9975
22830,Normal_Weight,0.62
22831,Normal_Weight,5.92
22832,Normal_Weight,2.6875
22833,Normal_Weight,4.1825
22834,Normal_Weight,4.0
22835,Normal_Weight,2.01
22836,Normal_Weight,4.0
22837,Normal_Weight,0.0025
22838,Normal_Weight,0.4825
22839,Normal_Weight,4.0
22840,Normal_Weight,2.9375
22841,Normal_Weight,2.9975
22842,Normal_Weight,2.5825
22843,Normal_Weight,0.8725
22844,Normal_Weight,0.035
22845,Normal_Weight,0.085
22846,Normal_Weight,1.02
22847,Normal_Weight,4.6975
22848,Normal_Weight,1.745
22849,Normal_Weight,4.0
22850,Normal_Weight,0.0175
22851,Normal_Weight,4.5975
22852,Normal_Weight,5.6
22853,Normal_Weight,2.57
22854,Normal_Weight,4.0
22855,Normal_Weight,2.855
22856,Normal_Weight,1.355
22857,Normal_Weight,5.835
22858,Normal_Weight,3.0
22859,Normal_Weight,5.485
22860,Normal_Weight,2.92
22861,Normal_Weight,2.16
22862,Normal_Weight,2.55
22863,Normal_Weight,2.65
22864,Normal_Weight,0.6025
22865,Normal_Weight,4.0
22866,Normal_Weight,2.985
22867,Normal_Weight,5.0075
22868,Normal_Weight,4.9775
22869,Normal_Weight,4.0
22870,Normal_Weight,4.0
22871,Normal_Weight,0.0025
22872,Normal_Weight,5.69
22873,Normal_Weight,0.31
22874,Normal_Weight,4.0
22875,Normal_Weight,2.305
22876,Normal_Weight,2.995
22877,Normal_Weight,4.0
22878,Normal_Weight,0.0025
22879,Normal_Weight,1.185
22880,Normal_Weight,4.195
22881,Normal_Weight,4.8675
22882,Normal_Weight,2.3425
22883,Normal_Weight,2.3875
22884,Normal_Weight,4.0
22885,Normal_Weight,3.0
22886,Normal_Weight,0.6875
22887,Normal_Weight,4.5725
22888,Normal_Weight,0.515
22889,Normal_Weight,1.64
22890,Normal_Weight,1.245
22891,Normal_Weight,4.0
22892,Normal_Weight,0.6
22893,Normal_Weight,2.27
22894,Normal_Weight,0.005
22895,Normal_Weight,4.0025
22896,Normal_Weight,4.0
22897,Normal_Weight,0.04
22898,Normal_Weight,1.13
22899,Normal_Weight,1.9675
22900,Normal_Weight,2.1025
22901,Normal_Weight,3.0
22902,Normal_Weight,0.985
22903,Normal_Weight,0.5025
22904,Normal_Weight,0.5875
22905,Normal_Weight,3.675
22906,Normal_Weight,3.8825
22907,Normal_Weight,4.0
22908,Normal_Weight,5.76
22909,Normal_Weight,2.41
22910,Normal_Weight,2.8125
22911,Normal_Weight,2.99
22912,Normal_Weight,2.7725
22913,Normal_Weight,3.77
22914,Normal_Weight,4.6925
22915,Normal_Weight,4.0
22916,Normal_Weight,2.97
22917,Normal_Weight,0.99
22918,Normal_Weight,3.8675
22919,Normal_Weight,2.81
22920,Normal_Weight,1.0025
22921,Normal_Weight,4.0
22922,Normal_Weight,4.0
22923,Normal_Weight,1.185
22924,Normal_Weight,2.9475
22925,Normal_Weight,4.0
22926,Normal_Weight,4.8175
22927,Normal_Weight,4.0
22928,Normal_Weight,0.945
22929,Normal_Weight,2.5675
22930,Normal_Weight,1.0275
22931,Normal_Weight,4.26
22932,Normal_Weight,4.855
22933,Normal_Weight,1.225
22934,Normal_Weight,2.995
22935,Normal_Weight,5.035
22936,Normal_Weight,4.0
22937,Normal_Weight,3.7375
22938,Normal_Weight,0.0025
22939,Normal_Weight,4.97
22940,Normal_Weight,0.02
22941,Normal_Weight,2.6
22942,Normal_Weight,1.205
22943,Normal_Weight,4.5725
22944,Normal_Weight,0.8575
22945,Normal_Weight,0.985
22946,Normal_Weight,2.985
22947,Normal_Weight,4.0
22948,Normal_Weight,3.0
22949,Normal_Weight,2.0475
22950,Normal_Weight,2.975
22951,Normal_Weight,0.03
22952,Normal_Weight,4.64
22953,Normal_Weight,5.6125
22954,Normal_Weight,0.0075
22955,Normal_Weight,0.3625
22956,Normal_Weight,5.35
22957,Normal_Weight,3.49
22958,Normal_Weight,0.0425
22959,Normal_Weight,4.08
22960,Normal_Weight,3.0
22961,Normal_Weight,4.0
22962,Normal_Weight,2.6375
22963,Normal_Weight,5.11
22964,Normal_Weight,4.82
22965,Normal_Weight,2.5525
22966,Normal_Weight,0.275
22967,Normal_Weight,5.735
22968,Normal_Weight,2.975
22969,Normal_Weight,2.0525
22970,Normal_Weight,2.085
22971,Normal_Weight,4.2775
22972,Normal_Weight,2.9575
22973,Normal_Weight,2.7525
22974,Normal_Weight,0.785
22975,Normal_Weight,3.1825
22976,Normal_Weight,2.16
22977,Normal_Weight,0.1025
22978,Normal_Weight,4.935
22979,Normal_Weight,0.2375
22980,Normal_Weight,3.785
22981,Normal_Weight,2.9975
22982,Normal_Weight,4.0
22983,Normal_Weight,0.7125
22984,Normal_Weight,2.14
22985,Normal_Weight,4.21
22986,Normal_Weight,1.46
22987,Normal_Weight,4.6775
22988,Normal_Weight,0.7825
22989,Normal_Weight,2.9725
22990,Normal_Weight,2.995
22991,Normal_Weight,2.1875
22992,Normal_Weight,4.0
22993,Normal_Weight,0.115
22994,Normal_Weight,2.99
22995,Normal_Weight,4.0
22996,Normal_Weight,0.2475
22997,Normal_Weight,4.0
22998,Normal_Weight,0.24
22999,Normal_Weight,5.1925
23000,Normal_Weight,4.0
23001,Normal_Weight,0.6475
23002,Normal_Weight,0.8775
23003,Normal_Weight,2.5575
23004,Normal_Weight,4.0
23005,Normal_Weight,4.0
23006,Normal_Weight,3.35
23007,Normal_Weight,3.9375
23008,Normal_Weight,5.025
23009,Normal_Weight,2.9475
23010,Normal_Weight,1.0
23011,Normal_Weight,4.0
23012,Normal_Weight,2.9975
23013,Normal_Weight,4.1575
23014,Normal_Weight,2.9475
23015,Normal_Weight,4.0325
23016,Normal_Weight,4.0
23017,Normal_Weight,3.97
23018,Normal_Weight,4.0
23019,Normal_Weight,4.0575
23020,Normal_Weight,2.9425
23021,Normal_Weight,1.5675
23022,Normal_Weight,4.0
23023,Normal_Weight,4.0
23024,Normal_Weight,2.63
23025,Normal_Weight,1.1925
23026,Normal_Weight,3.59
23027,Normal_Weight,5.0225
23028,Normal_Weight,3.0
23029,Normal_Weight,4.0
23030,Normal_Weight,3.17
23031,Normal_Weight,0.6525
23032,Normal_Weight,5.0075
23033,Normal_Weight,5.3325
23034,Normal_Weight,0.3025
23035,Normal_Weight,2.9375
23036,Normal_Weight,2.6575
23037,Normal_Weight,0.8125
23038,Normal_Weight,2.9825
23039,Normal_Weight,2.1825
23040,Normal_Weight,4.535
23041,Normal_Weight,4.0
23042,Normal_Weight,4.56
23043,Normal_Weight,3.1975
23044,Normal_Weight,2.92
23045,Normal_Weight,0.225
23046,Normal_Weight,2.105
23047,Normal_Weight,4.915
23048,Normal_Weight,2.45
23049,Normal_Weight,1.915
23050,Normal_Weight,4.0
23051,Normal_Weight,5.8775
23052,Normal_Weight,4.2425
23053,Normal_Weight,0.3525
23054,Normal_Weight,4.0
23055,Normal_Weight,0.04
23056,Normal_Weight,4.0
23057,Normal_Weight,4.0
23058,Normal_Weight,2.9625
23059,Normal_Weight,1.15
23060,Normal_Weight,0.025
23061,Normal_Weight,2.0025
23062,Normal_Weight,3.36
23063,Normal_Weight,1.75
23064,Normal_Weight,4.58
23065,Normal_Weight,4.8925
23066,Normal_Weight,0.2875
23067,Normal_Weight,4.0
23068,Normal_Weight,4.0
23069,Normal_Weight,2.83
23070,Normal_Weight,2.795
23071,Normal_Weight,4.985
23072,Normal_Weight,2.9975
23073,Normal_Weight,4.0
23074,Normal_Weight,4.0
23075,Normal_Weight,5.795
23076,Normal_Weight,4.0
23077,Normal_Weight,4.0
23078,Normal_Weight,5.13
23079,Normal_Weight,4.5425
23080,Normal_Weight,2.425
23081,Normal_Weight,0.035
23082,Normal_Weight,2.72
23083,Normal_Weight,2.9775
23084,Normal_Weight,1.295
23085,Normal_Weight,5.7725
23086,Normal_Weight,4.04
23087,Normal_Weight,0.755
23088,Normal_Weight,5.14
23089,Normal_Weight,2.035
23090,Normal_Weight,2.955
23091,Normal_Weight,1.8325
23092,Normal_Weight,2.9975
23093,Normal_Weight,5.8475
23094,Normal_Weight,2.93
23095,Normal_Weight,2.0025
23096,Normal_Weight,0.0575
23097,Normal_Weight,2.92
23098,Normal_Weight,2.94
23099,Normal_Weight,1.0
23100,Normal_Weight,4.0
23101,Normal_Weight,4.095
23102,Normal_Weight,1.925
23103,Normal_Weight,0.0
23104,Normal_Weight,5.4125
23105,Normal_Weight,4.7375
23106,Normal_Weight,0.0725
23107,Normal_Weight,0.6275
23108,Normal_Weight,2.03
23109,Normal_Weight,3.0
23110,Normal_Weight,4.075
23111,Normal_Weight,0.6425
23112,Normal_Weight,5.445
23113,Normal_Weight,4.0
23114,Normal_Weight,0.68
23115,Normal_Weight,0.3125
23116,Normal_Weight,2.9975
23117,Normal_Weight,2.485
23118,Normal_Weight,2.22
23119,Normal_Weight,4.0
23120,Normal_Weight,4.0
23121,Normal_Weight,4.8025
23122,Normal_Weight,4.0
23123,Normal_Weight,4.0
23124,Normal_Weight,0.6825
23125,Normal_Weight,5.7225
23126,Normal_Weight,5.04
23127,Normal_Weight,0.01
23128,Normal_Weight,4.0
23129,Normal_Weight,0.01
23130,Normal_Weight,4.2275
23131,Normal_Weight,4.315
23132,Normal_Weight,2.555
23133,Normal_Weight,3.2625
23134,Normal_Weight,3.41
23135,Normal_Weight,2.69
23136,Normal_Weight,0.59
23137,Normal_Weight,3.1475
23138,Normal_Weight,2.9775
23139,Normal_Weight,4.0
23140,Normal_Weight,4.0
23141,Normal_Weight,0.0725
23142,Normal_Weight,1.865
23143,Normal_Weight,0.22
23144,Normal_Weight,4.0
23145,Normal_Weight,2.9475
23146,Normal_Weight,3.805
23147,Normal_Weight,2.5825
23148,Normal_Weight,3.455
23149,Normal_Weight,4.0
23150,Normal_Weight,3.9975
23151,Normal_Weight,4.0
23152,Normal_Weight,4.0
23153,Normal_Weight,4.0
23154,Normal_Weight,4.0
23155,Normal_Weight,2.9475
23156,Normal_Weight,5.055
23157,Normal_Weight,0.04
23158,Normal_Weight,2.0025
23159,Normal_Weight,1.325
23160,Normal_Weight,4.0
23161,Normal_Weight,2.96
23162,Normal_Weight,4.9975
23163,Normal_Weight,3.0
23164,Normal_Weight,0.2475
23165,Normal_Weight,5.125
23166,Normal_Weight,4.83
23167,Normal_Weight,2.915
23168,Normal_Weight,0.005
23169,Normal_Weight,4.0
23170,Normal_Weight,4.865
23171,Normal_Weight,2.265
23172,Normal_Weight,2.9275
23173,Normal_Weight,0.0
23174,Normal_Weight,0.06
23175,Normal_Weight,4.0
23176,Normal_Weight,3.755
23177,Normal_Weight,5.53
23178,Normal_Weight,4.0
23179,Normal_Weight,0.485
23180,Normal_Weight,1.61
23181,Normal_Weight,1.6125
23182,Normal_Weight,0.9925
23183,Normal_Weight,2.5475
23184,Normal_Weight,3.1925
23185,Normal_Weight,3.645
23186,Normal_Weight,1.07
23187,Normal_Weight,0.175
23188,Normal_Weight,3.935
23189,Normal_Weight,0.4525
23190,Normal_Weight,0.045
23191,Normal_Weight,3.72
23192,Normal_Weight,4.495
23193,Normal_Weight,4.0
23194,Normal_Weight,3.8525
23195,Normal_Weight,4.3475
23196,Normal_Weight,4.0
23197,Normal_Weight,4.75
23198,Normal_Weight,1.1975
23199,Normal_Weight,2.7175
23200,Normal_Weight,2.9575
23201,Normal_Weight,3.61
23202,Normal_Weight,4.0
23203,Normal_Weight,3.9475
23204,Normal_Weight,2.4975
23205,Normal_Weight,2.9975
23206,Normal_Weight,0.045
23207,Normal_Weight,2.02
23208,Normal_Weight,0.7775
23209,Normal_Weight,4.0
23210,Normal_Weight,2.2575
23211,Normal_Weight,0.9725
23212,Normal_Weight,5.6825
23213,Normal_Weight,5.5825
23214,Normal_Weight,0.1275
23215,Normal_Weight,3.1725
23216,Normal_Weight,5.66
23217,Normal_Weight,1.0
23218,Normal_Weight,4.255
23219,Normal_Weight,1.2125
23220,Normal_Weight,2.9975
23221,Normal_Weight,2.5775
23222,Normal_Weight,0.565
23223,Normal_Weight,0.985
23224,Normal_Weight,3.4
23225,Normal_Weight,4.0
23226,Normal_Weight,0.99
23227,Normal_Weight,4.0
23228,Normal_Weight,4.0
23229,Normal_Weight,2.4
23230,Normal_Weight,4.9425
23231,Normal_Weight,2.0
23232,Normal_Weight,5.36
23233,Normal_Weight,3.5
23234,Normal_Weight,2.8025
23235,Normal_Weight,4.11
23236,Normal_Weight,4.0
23237,Normal_Weight,4.0
23238,Normal_Weight,0.0
23239,Normal_Weight,4.155
23240,Normal_Weight,4.0
23241,Normal_Weight,4.0
23242,Normal_Weight,1.0425
23243,Normal_Weight,5.74
23244,Normal_Weight,4.54
23245,Normal_Weight,4.9125
23246,Normal_Weight,0.9775
23247,Normal_Weight,0.065
23248,Normal_Weight,3.0
23249,Normal_Weight,1.545
23250,Normal_Weight,5.41
23251,Normal_Weight,4.645
23252,Normal_Weight,0.0875
23253,Normal_Weight,0.995
23254,Normal_Weight,0.0075
23255,Normal_Weight,1.0575
23256,Normal_Weight,0.7025
23257,Normal_Weight,2.4575
23258,Normal_Weight,1.0
23259,Normal_Weight,2.4775
23260,Normal_Weight,4.0
23261,Normal_Weight,0.0
23262,Normal_Weight,2.9975
23263,Normal_Weight,2.025
23264,Normal_Weight,3.0
23265,Normal_Weight,3.0425
23266,Normal_Weight,5.755
23267,Normal_Weight,5.9125
23268,Normal_Weight,0.985
23269,Normal_Weight,4.0
23270,Normal_Weight,3.635
23271,Normal_Weight,5.76
23272,Normal_Weight,2.95
23273,Normal_Weight,4.0
23274,Normal_Weight,2.5575
23275,Normal_Weight,2.96
23276,Normal_Weight,4.0
23277,Normal_Weight,4.0
23278,Normal_Weight,2.9275
23279,Normal_Weight,5.0575
23280,Normal_Weight,0.18
23281,Normal_Weight,4.2475
23282,Normal_Weight,4.3475
23283,Normal_Weight,4.28
23284,Normal_Weight,2.98
23285,Normal_Weight,2.895
23286,Normal_Weight,2.99
23287,Normal_Weight,3.6275
23288,Normal_Weight,3.99
23289,Normal_Weight,0.69
23290,Normal_Weight,4.57
23291,Normal_Weight,0.31
23292,Normal_Weight,4.0
23293,Normal_Weight,1.395
23294,Normal_Weight,0.9875
23295,Normal_Weight,4.0
23296,Normal_Weight,4.0
23297,Normal_Weight,4.0
23298,Normal_Weight,4.645
23299,Normal_Weight,2.4875
23300,Normal_Weight,2.8825
23301,Normal_Weight,1.01
23302,Normal_Weight,1.485
23303,Normal_Weight,3.3375
23304,Normal_Weight,2.3675
23305,Normal_Weight,2.725
23306,Normal_Weight,0.3825
23307,Normal_Weight,2.9925
23308,Normal_Weight,5.7475
23309,Normal_Weight,4.9075
23310,Normal_Weight,3.0
23311,Normal_Weight,1.005
23312,Normal_Weight,2.9975
23313,Normal_Weight,3.045
23314,Normal_Weight,3.3825
23315,Normal_Weight,1.0725
23316,Normal_Weight,4.0
23317,Normal_Weight,3.375
23318,Normal_Weight,3.945
23319,Normal_Weight,5.9025
23320,Normal_Weight,0.09
23321,Normal_Weight,4.0
23322,Normal_Weight,2.9975
23323,Normal_Weight,0.01
23324,Normal_Weight,3.83
23325,Normal_Weight,0.0
23326,Normal_Weight,4.0
23327,Normal_Weight,4.5725
23328,Normal_Weight,4.0
23329,Normal_Weight,0.2925
23330,Normal_Weight,4.0
23331,Normal_Weight,4.0
23332,Normal_Weight,4.0
23333,Normal_Weight,3.6125
23334,Normal_Weight,0.435
23335,Normal_Weight,3.475
23336,Normal_Weight,2.64
23337,Normal_Weight,0.6875
23338,Normal_Weight,4.33
23339,Normal_Weight,4.8975
23340,Normal_Weight,3.395
23341,Normal_Weight,3.89
23342,Normal_Weight,2.9725
23343,Normal_Weight,2.3825
23344,Normal_Weight,4.485
23345,Normal_Weight,0.0
23346,Normal_Weight,2.505
23347,Normal_Weight,4.365
23348,Normal_Weight,2.88
23349,Normal_Weight,2.5625
23350,Normal_Weight,0.7175
23351,Normal_Weight,0.0
23352,Normal_Weight,5.7075
23353,Normal_Weight,5.31
23354,Normal_Weight,4.0
23355,Normal_Weight,3.81
23356,Normal_Weight,5.245
23357,Normal_Weight,0.0525
23358,Normal_Weight,3.99
23359,Normal_Weight,4.0
23360,Normal_Weight,3.0
23361,Normal_Weight,0.0
23362,Normal_Weight,3.77
23363,Normal_Weight,2.7425
23364,Normal_Weight,0.045
23365,Normal_Weight,5.91
23366,Normal_Weight,2.015
23367,Normal_Weight,5.7775
23368,Normal_Weight,3.0
23369,Normal_Weight,4.0
23370,Normal_Weight,0.99
23371,Normal_Weight,5.8775
23372,Normal_Weight,4.0
23373,Normal_Weight,5.5125
23374,Normal_Weight,4.0
23375,Normal_Weight,0.0
23376,Normal_Weight,3.9225
23377,Normal_Weight,3.17
23378,Normal_Weight,2.9575
23379,Normal_Weight,5.5375
23380,Normal_Weight,0.1175
23381,Normal_Weight,2.995
23382,Normal_Weight,2.7925
23383,Normal_Weight,5.6125
23384,Normal_Weight,5.585
23385,Normal_Weight,3.16
23386,Normal_Weight,2.5725
23387,Normal_Weight,4.56
23388,Normal_Weight,2.495
23389,Normal_Weight,3.0
23390,Normal_Weight,4.0
23391,Normal_Weight,2.975
23392,Normal_Weight,3.495
23393,Normal_Weight,0.3925
23394,Normal_Weight,0.0
23395,Normal_Weight,0.0775
23396,Normal_Weight,5.46
23397,Normal_Weight,3.92
23398,Normal_Weight,2.835
23399,Normal_Weight,3.9675
23400,Normal_Weight,4.0
23401,Normal_Weight,3.08
23402,Normal_Weight,4.0
23403,Normal_Weight,5.86
23404,Normal_Weight,3.0
23405,Normal_Weight,2.95
23406,Normal_Weight,0.5475
23407,Normal_Weight,2.9525
23408,Normal_Weight,2.8225
23409,Normal_Weight,5.3025
23410,Normal_Weight,2.4225
23411,Normal_Weight,1.29
23412,Normal_Weight,1.79
23413,Normal_Weight,2.925
23414,Normal_Weight,5.4675
23415,Normal_Weight,2.7075
23416,Normal_Weight,5.7125
23417,Normal_Weight,2.5325
23418,Normal_Weight,0.0425
23419,Normal_Weight,2.515
23420,Normal_Weight,4.0
23421,Normal_Weight,2.075
23422,Normal_Weight,2.545
23423,Normal_Weight,2.525
23424,Normal_Weight,5.18
23425,Normal_Weight,5.2475
23426,Normal_Weight,4.545
23427,Normal_Weight,3.515
23428,Normal_Weight,4.74
23429,Normal_Weight,1.735
23430,Normal_Weight,0.055
23431,Normal_Weight,4.0
23432,Normal_Weight,0.0525
23433,Normal_Weight,2.9325
23434,Normal_Weight,4.7325
23435,Normal_Weight,4.695
23436,Normal_Weight,3.935
23437,Normal_Weight,0.1025
23438,Normal_Weight,0.585
23439,Normal_Weight,4.0
23440,Normal_Weight,4.915
23441,Normal_Weight,1.1225
23442,Normal_Weight,2.43
23443,Normal_Weight,4.0
23444,Normal_Weight,0.7125
23445,Normal_Weight,3.4225
23446,Normal_Weight,4.0
23447,Normal_Weight,4.92
23448,Normal_Weight,0.8975
23449,Normal_Weight,1.185
23450,Normal_Weight,1.785
23451,Normal_Weight,2.5375
23452,Normal_Weight,4.0
23453,Normal_Weight,2.9675
23454,Normal_Weight,5.805
23455,Normal_Weight,0.6025
23456,Normal_Weight,4.625
23457,Normal_Weight,0.2225
23458,Normal_Weight,3.4575
23459,Normal_Weight,5.0525
23460,Normal_Weight,2.545
23461,Normal_Weight,4.0
23462,Normal_Weight,4.0
23463,Normal_Weight,2.97
23464,Normal_Weight,2.8
23465,Normal_Weight,1.205
23466,Normal_Weight,4.895
23467,Normal_Weight,4.5925
23468,Normal_Weight,0.115
23469,Normal_Weight,4.0
23470,Normal_Weight,1.7775
23471,Normal_Weight,2.9675
23472,Normal_Weight,3.2925
23473,Normal_Weight,4.0
23474,Normal_Weight,0.095
23475,Normal_Weight,4.2775
23476,Normal_Weight,5.5725
23477,Normal_Weight,2.0775
23478,Normal_Weight,5.305
23479,Normal_Weight,0.045
23480,Normal_Weight,4.7425
23481,Normal_Weight,5.0325
23482,Normal_Weight,5.555
23483,Normal_Weight,1.035
23484,Normal_Weight,0.145
23485,Normal_Weight,4.0
23486,Normal_Weight,4.9925
23487,Normal_Weight,4.0
23488,Normal_Weight,4.0
23489,Normal_Weight,1.46
23490,Normal_Weight,0.34
23491,Normal_Weight,2.8375
23492,Normal_Weight,3.74
23493,Normal_Weight,4.0
23494,Normal_Weight,4.0
23495,Normal_Weight,5.055
23496,Normal_Weight,2.2625
23497,Normal_Weight,0.11
23498,Normal_Weight,2.065
23499,Normal_Weight,2.995
23500,Normal_Weight,2.9975
23501,Normal_Weight,4.0
23502,Normal_Weight,0.705
23503,Normal_Weight,1.0
23504,Normal_Weight,2.315
23505,Normal_Weight,3.1125
23506,Normal_Weight,2.9675
23507,Normal_Weight,0.47
23508,Normal_Weight,5.87
23509,Normal_Weight,0.4025
23510,Normal_Weight,4.0
23511,Normal_Weight,2.9775
23512,Normal_Weight,3.0
23513,Normal_Weight,5.6625
23514,Normal_Weight,5.5475
23515,Normal_Weight,0.575
23516,Normal_Weight,4.995
23517,Normal_Weight,0.62
23518,Normal_Weight,0.645
23519,Normal_Weight,2.6225
23520,Normal_Weight,4.0
23521,Normal_Weight,2.925
23522,Normal_Weight,2.9825
23523,Normal_Weight,3.4425
23524,Normal_Weight,3.0
23525,Normal_Weight,2.9775
23526,Normal_Weight,4.0
23527,Normal_Weight,4.0
23528,Normal_Weight,4.0
23529,Normal_Weight,2.5525
23530,Normal_Weight,2.4625
23531,Normal_Weight,4.5175
23532,Normal_Weight,1.7625
23533,Normal_Weight,5.785
23534,Normal_Weight,5.74
23535,Normal_Weight,0.0675
23536,Normal_Weight,3.7225
23537,Normal_Weight,5.8625
23538,Normal_Weight,2.155
23539,Normal_Weight,4.0
23540,Normal_Weight,2.935
23541,Normal_Weight,4.5725
23542,Normal_Weight,1.15
23543,Normal_Weight,4.0
23544,Normal_Weight,3.0
23545,Normal_Weight,2.115
23546,Normal_Weight,2.035
23547,Normal_Weight,1.31
23548,Normal_Weight,1.05
23549,Normal_Weight,2.9775
23550,Normal_Weight,1.17
23551,Normal_Weight,2.69
23552,Normal_Weight,4.485
23553,Normal_Weight,5.1775
23554,Normal_Weight,4.0
23555,Normal_Weight,4.0
23556,Normal_Weight,2.9575
23557,Normal_Weight,0.4525
23558,Normal_Weight,1.2425
23559,Normal_Weight,0.005
23560,Normal_Weight,4.9825
23561,Normal_Weight,4.0
23562,Normal_Weight,4.9725
23563,Normal_Weight,0.0125
23564,Normal_Weight,2.33
23565,Normal_Weight,2.69
23566,Normal_Weight,4.99
23567,Normal_Weight,4.99
23568,Normal_Weight,1.7175
23569,Normal_Weight,4.0
23570,Normal_Weight,3.6025
23571,Normal_Weight,5.575
23572,Normal_Weight,4.0
23573,Normal_Weight,3.6425
23574,Normal_Weight,5.94
23575,Normal_Weight,4.0
23576,Normal_Weight,4.0
23577,Normal_Weight,2.845
23578,Normal_Weight,1.3425
23579,Normal_Weight,0.3975
23580,Normal_Weight,4.0
23581,Normal_Weight,0.2325
23582,Normal_Weight,1.185
23583,Normal_Weight,4.8675
23584,Normal_Weight,2.9075
23585,Normal_Weight,4.0
23586,Normal_Weight,5.7975
23587,Normal_Weight,0.155
23588,Normal_Weight,2.5575
23589,Normal_Weight,0.5875
23590,Normal_Weight,4.0
23591,Normal_Weight,2.745
23592,Normal_Weight,2.0
23593,Normal_Weight,3.625
23594,Normal_Weight,4.0
23595,Normal_Weight,0.6725
23596,Normal_Weight,2.5625
23597,Normal_Weight,0.0475
23598,Normal_Weight,5.8525
23599,Normal_Weight,2.995
23600,Normal_Weight,3.855
23601,Normal_Weight,1.005
23602,Normal_Weight,5.8225
23603,Normal_Weight,4.0
23604,Normal_Weight,2.9325
23605,Normal_Weight,4.8225
23606,Normal_Weight,2.995
23607,Normal_Weight,2.8225
23608,Normal_Weight,4.0
23609,Normal_Weight,0.09
23610,Normal_Weight,4.14
23611,Normal_Weight,4.0
23612,Normal_Weight,3.7775
23613,Normal_Weight,4.88
23614,Normal_Weight,2.815
23615,Normal_Weight,2.015
23616,Normal_Weight,4.86
23617,Normal_Weight,5.2
23618,Normal_Weight,0.055
23619,Normal_Weight,4.9775
23620,Normal_Weight,5.86
23621,Normal_Weight,2.5625
23622,Normal_Weight,1.0
23623,Normal_Weight,4.0
23624,Normal_Weight,2.975
23625,Normal_Weight,3.805
23626,Normal_Weight,3.6725
23627,Normal_Weight,0.1425
23628,Normal_Weight,2.8975
23629,Normal_Weight,0.025
23630,Normal_Weight,4.0
23631,Normal_Weight,4.0
23632,Normal_Weight,3.335
23633,Normal_Weight,4.7875
23634,Normal_Weight,4.3175
23635,Normal_Weight,2.07
23636,Normal_Weight,2.025
23637,Normal_Weight,4.77
23638,Normal_Weight,0.1125
23639,Normal_Weight,2.4225
23640,Normal_Weight,2.455
23641,Normal_Weight,4.44
23642,Normal_Weight,4.0
23643,Normal_Weight,0.545
23644,Normal_Weight,4.035
23645,Normal_Weight,0.0175
23646,Normal_Weight,0.18
23647,Normal_Weight,2.165
23648,Normal_Weight,0.0025
23649,Normal_Weight,0.235
23650,Normal_Weight,2.68
23651,Normal_Weight,4.0
23652,Normal_Weight,3.6175
23653,Normal_Weight,4.0
23654,Normal_Weight,2.995
23655,Normal_Weight,4.0
23656,Normal_Weight,4.8975
23657,Normal_Weight,1.01
23658,Normal_Weight,2.9625
23659,Normal_Weight,4.53
23660,Normal_Weight,0.0175
23661,Normal_Weight,5.8425
23662,Normal_Weight,0.86
23663,Normal_Weight,0.9725
23664,Normal_Weight,0.28
23665,Normal_Weight,4.0
23666,Normal_Weight,2.505
23667,Normal_Weight,2.8125
23668,Normal_Weight,0.1575
23669,Normal_Weight,2.815
23670,Normal_Weight,0.1575
23671,Normal_Weight,0.3675
23672,Normal_Weight,3.6525
23673,Normal_Weight,0.005
23674,Normal_Weight,1.0675
23675,Normal_Weight,4.0825
23676,Normal_Weight,2.3775
23677,Normal_Weight,3.85
23678,Normal_Weight,2.8925
23679,Normal_Weight,3.0
23680,Normal_Weight,0.005
23681,Normal_Weight,4.535
23682,Normal_Weight,4.0
23683,Normal_Weight,4.0
23684,Normal_Weight,4.0
23685,Normal_Weight,0.075
23686,Normal_Weight,5.45
23687,Normal_Weight,3.2725
23688,Normal_Weight,1.935
23689,Normal_Weight,0.8475
23690,Normal_Weight,4.0
23691,Normal_Weight,4.7675
23692,Normal_Weight,5.175
23693,Normal_Weight,4.0
23694,Normal_Weight,4.0
23695,Normal_Weight,2.9625
23696,Normal_Weight,2.415
23697,Normal_Weight,4.0
23698,Normal_Weight,2.865
23699,Normal_Weight,4.0
23700,Normal_Weight,5.57
23701,Normal_Weight,2.4725
23702,Normal_Weight,0.265
23703,Normal_Weight,3.5875
23704,Normal_Weight,2.9975
23705,Normal_Weight,4.7725
23706,Normal_Weight,0.92
23707,Normal_Weight,5.715
23708,Normal_Weight,4.645
23709,Normal_Weight,4.0
23710,Normal_Weight,5.8775
23711,Normal_Weight,4.0
23712,Normal_Weight,2.9975
23713,Normal_Weight,2.825
23714,Normal_Weight,5.085
23715,Normal_Weight,1.2
23716,Normal_Weight,4.0
23717,Normal_Weight,5.1
23718,Normal_Weight,4.9125
23719,Normal_Weight,3.1125
23720,Normal_Weight,4.0
23721,Normal_Weight,4.0
23722,Normal_Weight,5.6575
23723,Normal_Weight,1.2725
23724,Normal_Weight,2.2225
23725,Normal_Weight,4.0
23726,Normal_Weight,2.0825
23727,Normal_Weight,4.505
23728,Normal_Weight,4.875
23729,Normal_Weight,4.0
23730,Normal_Weight,0.465
23731,Normal_Weight,5.2275
23732,Normal_Weight,0.585
23733,Normal_Weight,4.0
23734,Normal_Weight,4.2825
23735,Normal_Weight,3.7625
23736,Normal_Weight,4.0
23737,Normal_Weight,2.8475
23738,Normal_Weight,3.0
23739,Normal_Weight,1.015
23740,Normal_Weight,5.0225
23741,Normal_Weight,0.0
23742,Normal_Weight,0.25
23743,Normal_Weight,4.0
23744,Normal_Weight,4.0
23745,Normal_Weight,4.5025
23746,Normal_Weight,4.0
23747,Normal_Weight,4.615
23748,Normal_Weight,4.0
23749,Normal_Weight,5.805
23750,Normal_Weight,5.65
23751,Normal_Weight,2.9625
23752,Normal_Weight,1.1975
23753,Normal_Weight,4.97
23754,Normal_Weight,4.7975
23755,Normal_Weight,2.505
23756,Normal_Weight,4.0
23757,Normal_Weight,5.5075
23758,Normal_Weight,5.45
23759,Normal_Weight,4.0
23760,Normal_Weight,1.77
23761,Normal_Weight,4.0
23762,Normal_Weight,5.845
23763,Normal_Weight,4.1625
23764,Normal_Weight,2.985
23765,Normal_Weight,2.985
23766,Normal_Weight,3.37
23767,Normal_Weight,2.575
23768,Normal_Weight,3.225
23769,Normal_Weight,3.3375
23770,Normal_Weight,4.0
23771,Normal_Weight,4.0
23772,Normal_Weight,4.0
23773,Normal_Weight,3.8175
23774,Normal_Weight,4.0
23775,Normal_Weight,4.0
23776,Normal_Weight,0.51
23777,Normal_Weight,4.0
23778,Normal_Weight,2.965
23779,Normal_Weight,2.98
23780,Normal_Weight,5.0075
23781,Normal_Weight,1.1275
23782,Normal_Weight,4.0
23783,Normal_Weight,2.5725
23784,Normal_Weight,3.6
23785,Normal_Weight,3.73
23786,Normal_Weight,4.0
23787,Normal_Weight,0.3125
23788,Normal_Weight,4.0
23789,Normal_Weight,2.99
23790,Normal_Weight,0.0975
23791,Normal_Weight,3.6525
23792,Normal_Weight,4.0
23793,Normal_Weight,0.2175
23794,Normal_Weight,0.075
23795,Normal_Weight,0.205
23796,Normal_Weight,4.0
23797,Normal_Weight,0.2125
23798,Normal_Weight,2.965
23799,Normal_Weight,3.0
23800,Normal_Weight,3.285
23801,Normal_Weight,1.875
23802,Normal_Weight,0.0
23803,Normal_Weight,0.42
23804,Normal_Weight,4.45
23805,Normal_Weight,3.0
23806,Normal_Weight,3.595
23807,Normal_Weight,4.0
23808,Normal_Weight,0.1125
23809,Normal_Weight,4.1525
23810,Normal_Weight,5.8675
23811,Normal_Weight,2.8475
23812,Normal_Weight,3.6325
23813,Normal_Weight,0.98
23814,Normal_Weight,2.825
23815,Normal_Weight,3.0
23816,Normal_Weight,0.0775
23817,Normal_Weight,0.1425
23818,Normal_Weight,2.8575
23819,Normal_Weight,0.9925
23820,Normal_Weight,2.625
23821,Normal_Weight,5.7925
23822,Normal_Weight,1.25
23823,Normal_Weight,4.0
23824,Normal_Weight,1.0875
23825,Normal_Weight,0.0
23826,Normal_Weight,0.0
23827,Normal_Weight,5.3925
23828,Normal_Weight,2.9425
23829,Normal_Weight,3.96
23830,Normal_Weight,2.125
23831,Normal_Weight,4.0
23832,Normal_Weight,3.0
23833,Normal_Weight,2.945
23834,Normal_Weight,1.935
23835,Normal_Weight,3.99
23836,Normal_Weight,4.0
23837,Normal_Weight,1.88
23838,Normal_Weight,2.565
23839,Normal_Weight,2.7875
23840,Normal_Weight,1.0025
23841,Normal_Weight,2.9925
23842,Normal_Weight,4.0
23843,Normal_Weight,5.075
23844,Normal_Weight,3.03
23845,Normal_Weight,2.875
23846,Normal_Weight,4.35
23847,Normal_Weight,4.3925
23848,Normal_Weight,3.83
23849,Normal_Weight,2.92
23850,Normal_Weight,2.9975
23851,Normal_Weight,1.5175
23852,Normal_Weight,1.11
23853,Normal_Weight,4.0
23854,Normal_Weight,2.92
23855,Normal_Weight,4.155
23856,Normal_Weight,4.6625
23857,Normal_Weight,3.205
23858,Normal_Weight,2.33
23859,Normal_Weight,2.355
23860,Normal_Weight,0.3975
23861,Normal_Weight,2.7025
23862,Normal_Weight,2.055
23863,Normal_Weight,0.6975
23864,Normal_Weight,1.195
23865,Normal_Weight,0.1975
23866,Normal_Weight,5.78
23867,Normal_Weight,3.0
23868,Normal_Weight,4.9625
23869,Normal_Weight,2.995
23870,Normal_Weight,5.865
23871,Normal_Weight,4.025
23872,Normal_Weight,2.4125
23873,Normal_Weight,2.84
23874,Normal_Weight,3.235
23875,Normal_Weight,0.99
23876,Normal_Weight,0.985
23877,Normal_Weight,2.995
23878,Normal_Weight,1.0925
23879,Normal_Weight,4.95
23880,Normal_Weight,4.0
23881,Normal_Weight,5.07
23882,Normal_Weight,1.3
23883,Normal_Weight,2.96
23884,Normal_Weight,2.7375
23885,Normal_Weight,4.0
23886,Normal_Weight,4.0
23887,Normal_Weight,3.0725
23888,Normal_Weight,4.0
23889,Normal_Weight,2.545
23890,Normal_Weight,0.005
23891,Normal_Weight,4.345
23892,Normal_Weight,0.0
23893,Normal_Weight,2.7025
23894,Normal_Weight,5.2
23895,Normal_Weight,5.0625
23896,Normal_Weight,2.275
23897,Normal_Weight,3.0
23898,Normal_Weight,2.5575
23899,Normal_Weight,4.7575
23900,Normal_Weight,4.0
23901,Normal_Weight,2.8625
23902,Normal_Weight,4.0
23903,Normal_Weight,4.0
23904,Normal_Weight,2.965
23905,Normal_Weight,5.795
23906,Normal_Weight,3.5725
23907,Normal_Weight,1.7475
23908,Normal_Weight,4.0
23909,Normal_Weight,2.695
23910,Normal_Weight,1.0275
23911,Normal_Weight,2.06
23912,Normal_Weight,4.0
23913,Normal_Weight,2.6425
23914,Normal_Weight,2.36
23915,Normal_Weight,5.2725
23916,Normal_Weight,3.4575
23917,Normal_Weight,2.5425
23918,Normal_Weight,4.0
23919,Normal_Weight,1.0075
23920,Normal_Weight,0.2175
23921,Normal_Weight,4.0
23922,Normal_Weight,0.4975
23923,Normal_Weight,1.46
23924,Normal_Weight,5.44
23925,Normal_Weight,4.91
23926,Normal_Weight,3.8725
23927,Normal_Weight,0.945
23928,Normal_Weight,0.7175
23929,Normal_Weight,0.77
23930,Normal_Weight,2.6875
23931,Normal_Weight,3.265
23932,Normal_Weight,4.0
23933,Normal_Weight,2.4375
23934,Normal_Weight,3.495
23935,Normal_Weight,4.0
23936,Normal_Weight,5.0175
23937,Normal_Weight,5.46
23938,Normal_Weight,4.0
23939,Normal_Weight,3.0
23940,Normal_Weight,5.49
23941,Normal_Weight,4.0
23942,Normal_Weight,2.405
23943,Normal_Weight,4.0
23944,Normal_Weight,2.9325
23945,Normal_Weight,0.0725
23946,Normal_Weight,2.34
23947,Normal_Weight,3.94
23948,Normal_Weight,5.78
23949,Normal_Weight,0.285
23950,Normal_Weight,2.95
23951,Normal_Weight,4.0
23952,Normal_Weight,4.0
23953,Normal_Weight,4.0
23954,Normal_Weight,4.8275
23955,Normal_Weight,2.055
23956,Normal_Weight,4.0
23957,Normal_Weight,0.2575
23958,Normal_Weight,0.245
23959,Normal_Weight,3.6325
23960,Normal_Weight,1.9675
23961,Normal_Weight,3.2725
23962,Normal_Weight,3.605
23963,Normal_Weight,0.0425
23964,Normal_Weight,2.9725
23965,Normal_Weight,4.0
23966,Normal_Weight,1.37
23967,Normal_Weight,2.545
23968,Normal_Weight,3.19
23969,Normal_Weight,3.2125
23970,Normal_Weight,5.78
23971,Normal_Weight,4.8175
23972,Normal_Weight,5.2525
23973,Normal_Weight,0.035
23974,Normal_Weight,1.225
23975,Normal_Weight,3.4275
23976,Normal_Weight,4.8125
23977,Normal_Weight,2.895
23978,Normal_Weight,1.9225
23979,Normal_Weight,3.0
23980,Normal_Weight,2.5275
23981,Normal_Weight,4.0
23982,Normal_Weight,2.9425
23983,Normal_Weight,5.31
23984,Normal_Weight,2.815
23985,Normal_Weight,1.5125
23986,Normal_Weight,2.56
23987,Normal_Weight,2.9925
23988,Normal_Weight,4.6525
23989,Normal_Weight,5.79
23990,Normal_Weight,5.6275
23991,Normal_Weight,3.3225
23992,Normal_Weight,4.0
23993,Normal_Weight,5.8525
23994,Normal_Weight,0.0525
23995,Normal_Weight,0.4925
23996,Normal_Weight,2.9875
23997,Normal_Weight,2.29
23998,Normal_Weight,2.37
23999,Normal_Weight,4.0
24000,Normal_Weight,2.9325
24001,Normal_Weight,4.0
24002,Normal_Weight,0.905
24003,Normal_Weight,0.04
24004,Normal_Weight,2.0825
24005,Normal_Weight,3.0225
24006,Normal_Weight,2.9675
24007,Normal_Weight,0.295
24008,Normal_Weight,5.8525
24009,Normal_Weight,0.7075
24010,Normal_Weight,4.0
24011,Normal_Weight,3.405
24012,Normal_Weight,5.62
24013,Normal_Weight,4.8225
24014,Normal_Weight,2.71
24015,Normal_Weight,4.42
24016,Normal_Weight,5.675
24017,Normal_Weight,0.03
24018,Normal_Weight,4.0
24019,Normal_Weight,2.5375
24020,Normal_Weight,2.95
24021,Normal_Weight,5.8975
24022,Normal_Weight,3.825
24023,Normal_Weight,5.8725
24024,Normal_Weight,0.9925
24025,Normal_Weight,4.0
24026,Normal_Weight,4.0
24027,Normal_Weight,4.0
24028,Normal_Weight,0.5825
24029,Normal_Weight,4.69
24030,Normal_Weight,2.935
24031,Normal_Weight,4.0
24032,Normal_Weight,2.995
24033,Normal_Weight,5.53
24034,Normal_Weight,0.38
24035,Normal_Weight,1.185
24036,Normal_Weight,2.9975
24037,Normal_Weight,3.475
24038,Normal_Weight,1.5325
24039,Normal_Weight,5.66
24040,Normal_Weight,2.9625
24041,Normal_Weight,2.6575
24042,Normal_Weight,0.5575
24043,Normal_Weight,2.84
24044,Normal_Weight,2.9425
24045,Normal_Weight,4.75
24046,Normal_Weight,3.0
24047,Normal_Weight,4.845
24048,Normal_Weight,1.3625
24049,Normal_Weight,2.96
24050,Normal_Weight,5.1
24051,Normal_Weight,4.6125
24052,Normal_Weight,0.99
24053,Normal_Weight,0.19
24054,Normal_Weight,3.8375
24055,Normal_Weight,3.0
24056,Normal_Weight,2.9125
24057,Normal_Weight,2.485
24058,Normal_Weight,0.0025
24059,Normal_Weight,3.42
24060,Normal_Weight,5.625
24061,Normal_Weight,4.0
24062,Normal_Weight,3.6025
24063,Normal_Weight,4.6025
24064,Normal_Weight,2.72
24065,Normal_Weight,0.0125
24066,Normal_Weight,1.475
24067,Normal_Weight,1.1775
24068,Normal_Weight,3.875
24069,Normal_Weight,4.0
24070,Normal_Weight,1.0975
24071,Normal_Weight,3.215
24072,Normal_Weight,5.675
24073,Normal_Weight,0.0
24074,Normal_Weight,4.0
24075,Normal_Weight,2.5575
24076,Normal_Weight,0.01
24077,Normal_Weight,2.9025
24078,Normal_Weight,2.835
24079,Normal_Weight,4.76
24080,Normal_Weight,0.3375
24081,Normal_Weight,5.865
24082,Normal_Weight,5.305
24083,Normal_Weight,4.8525
24084,Normal_Weight,5.6625
24085,Normal_Weight,2.7375
24086,Normal_Weight,4.0
24087,Normal_Weight,2.875
24088,Normal_Weight,2.9725
24089,Normal_Weight,4.915
24090,Normal_Weight,4.0575
24091,Normal_Weight,2.9825
24092,Normal_Weight,2.855
24093,Normal_Weight,3.5375
24094,Normal_Weight,5.1875
24095,Normal_Weight,2.6975
24096,Normal_Weight,0.175
24097,Normal_Weight,0.0075
24098,Normal_Weight,1.9775
24099,Normal_Weight,2.3625
24100,Normal_Weight,3.455
24101,Normal_Weight,2.555
24102,Normal_Weight,2.9975
24103,Normal_Weight,5.885
24104,Normal_Weight,4.0
24105,Normal_Weight,2.96
24106,Normal_Weight,0.25
24107,Normal_Weight,4.0
24108,Normal_Weight,2.91
24109,Normal_Weight,2.99
24110,Normal_Weight,0.71
24111,Normal_Weight,2.8225
24112,Normal_Weight,2.0275
24113,Normal_Weight,2.7375
24114,Normal_Weight,0.7125
24115,Normal_Weight,2.945
24116,Normal_Weight,2.72
24117,Normal_Weight,4.0
24118,Normal_Weight,4.0
24119,Normal_Weight,5.8575
24120,Normal_Weight,1.03
24121,Normal_Weight,3.5125
24122,Normal_Weight,5.405
24123,Normal_Weight,4.0
24124,Normal_Weight,5.755
24125,Normal_Weight,0.015
24126,Normal_Weight,2.2875
24127,Normal_Weight,4.0
24128,Normal_Weight,2.575
24129,Normal_Weight,2.95
24130,Normal_Weight,3.1225
24131,Normal_Weight,5.6575
24132,Normal_Weight,3.77
24133,Normal_Weight,4.4625
24134,Normal_Weight,3.0
24135,Normal_Weight,2.4675
24136,Normal_Weight,0.9725
24137,Normal_Weight,1.715
24138,Normal_Weight,3.01
24139,Normal_Weight,4.925
24140,Normal_Weight,4.0575
24141,Normal_Weight,0.1575
24142,Normal_Weight,0.87
24143,Normal_Weight,3.2075
24144,Normal_Weight,0.0625
24145,Normal_Weight,2.9225
24146,Normal_Weight,3.0
24147,Normal_Weight,4.0
24148,Normal_Weight,3.2425
24149,Normal_Weight,2.6025
24150,Normal_Weight,5.025
24151,Normal_Weight,0.7575
24152,Normal_Weight,2.3625
24153,Normal_Weight,1.175
24154,Normal_Weight,0.3525
24155,Normal_Weight,2.5675
24156,Normal_Weight,2.92
24157,Normal_Weight,2.41
24158,Normal_Weight,5.5575
24159,Normal_Weight,3.375
24160,Normal_Weight,4.3675
24161,Normal_Weight,5.8625
24162,Normal_Weight,4.2875
24163,Normal_Weight,5.84
24164,Normal_Weight,2.0475
24165,Normal_Weight,3.75
24166,Normal_Weight,1.155
24167,Normal_Weight,4.0
24168,Normal_Weight,2.5625
24169,Normal_Weight,0.9875
24170,Normal_Weight,0.0
24171,Normal_Weight,1.65
24172,Normal_Weight,3.0
24173,Normal_Weight,3.085
24174,Normal_Weight,4.0
24175,Normal_Weight,4.0
24176,Normal_Weight,2.01
24177,Normal_Weight,1.7175
24178,Normal_Weight,4.0
24179,Normal_Weight,4.0
24180,Normal_Weight,2.2175
24181,Normal_Weight,2.995
24182,Normal_Weight,4.0
24183,Normal_Weight,5.765
24184,Normal_Weight,1.06
24185,Normal_Weight,2.9175
24186,Normal_Weight,2.3225
24187,Normal_Weight,4.8025
24188,Normal_Weight,5.01
24189,Normal_Weight,3.5175
24190,Normal_Weight,4.87
24191,Normal_Weight,4.0
24192,Normal_Weight,4.8175
24193,Normal_Weight,5.7925
24194,Normal_Weight,0.1125
24195,Normal_Weight,4.24
24196,Normal_Weight,5.875
24197,Normal_Weight,0.22
24198,Normal_Weight,3.0
24199,Normal_Weight,1.39
24200,Normal_Weight,2.9875
24201,Normal_Weight,3.37
24202,Normal_Weight,5.805
24203,Normal_Weight,2.9425
24204,Normal_Weight,4.4325
24205,Normal_Weight,3.525
24206,Normal_Weight,2.4775
24207,Normal_Weight,2.9825
24208,Normal_Weight,4.3975
24209,Normal_Weight,4.0
24210,Normal_Weight,0.9825
24211,Normal_Weight,2.98
24212,Normal_Weight,4.18
24213,Normal_Weight,4.0
24214,Normal_Weight,2.7925
24215,Normal_Weight,4.9225
24216,Normal_Weight,4.0
24217,Normal_Weight,5.785
24218,Normal_Weight,5.44
24219,Normal_Weight,3.3125
24220,Normal_Weight,5.0425
24221,Normal_Weight,0.82
24222,Normal_Weight,5.5425
24223,Normal_Weight,2.7975
24224,Normal_Weight,3.0
24225,Normal_Weight,5.005
24226,Normal_Weight,4.0
24227,Normal_Weight,2.5625
24228,Normal_Weight,5.5325
24229,Normal_Weight,3.37
24230,Normal_Weight,1.975
24231,Normal_Weight,3.0125
24232,Normal_Weight,4.0
24233,Normal_Weight,2.6975
24234,Normal_Weight,4.63
24235,Normal_Weight,4.0
24236,Normal_Weight,3.67
24237,Normal_Weight,1.8775
24238,Normal_Weight,4.0
24239,Normal_Weight,4.9375
24240,Normal_Weight,2.065
24241,Normal_Weight,4.855
24242,Normal_Weight,0.415
24243,Normal_Weight,2.555
24244,Normal_Weight,4.0
24245,Normal_Weight,4.0
24246,Normal_Weight,4.37
24247,Normal_Weight,0.2725
24248,Normal_Weight,2.5625
24249,Normal_Weight,2.69
24250,Normal_Weight,2.9675
24251,Normal_Weight,4.0
24252,Normal_Weight,4.0075
24253,Normal_Weight,0.8
24254,Normal_Weight,3.15
24255,Normal_Weight,4.0
24256,Normal_Weight,2.985
24257,Normal_Weight,2.22
24258,Normal_Weight,0.02
24259,Normal_Weight,5.5825
24260,Normal_Weight,4.0
24261,Normal_Weight,0.4975
24262,Normal_Weight,4.0
24263,Normal_Weight,0.02
24264,Normal_Weight,4.9775
24265,Normal_Weight,4.0
24266,Normal_Weight,1.805
24267,Normal_Weight,4.0
24268,Normal_Weight,1.195
24269,Normal_Weight,0.595
24270,Normal_Weight,3.115
24271,Normal_Weight,2.915
24272,Normal_Weight,2.93
24273,Normal_Weight,4.0
24274,Normal_Weight,3.0
24275,Normal_Weight,4.5125
24276,Normal_Weight,0.6725
24277,Normal_Weight,4.0
24278,Normal_Weight,2.44
24279,Normal_Weight,1.38
24280,Normal_Weight,5.4425
24281,Normal_Weight,2.98
24282,Normal_Weight,0.02
24283,Normal_Weight,0.03
24284,Normal_Weight,4.0
24285,Normal_Weight,5.3175
24286,Normal_Weight,1.185
24287,Normal_Weight,2.185
24288,Normal_Weight,2.935
24289,Normal_Weight,0.5875
24290,Normal_Weight,2.9375
24291,Normal_Weight,4.0
24292,Normal_Weight,2.745
24293,Normal_Weight,2.915
24294,Normal_Weight,0.725
24295,Normal_Weight,5.265
24296,Normal_Weight,4.12
24297,Normal_Weight,0.97
24298,Normal_Weight,3.6125
24299,Normal_Weight,4.0
24300,Normal_Weight,2.2125
24301,Normal_Weight,4.9525
24302,Normal_Weight,2.425
24303,Normal_Weight,4.0
24304,Normal_Weight,0.8225
24305,Normal_Weight,4.565
24306,Normal_Weight,4.0
24307,Normal_Weight,2.98
24308,Normal_Weight,2.975
24309,Normal_Weight,5.8775
24310,Normal_Weight,1.185
24311,Normal_Weight,2.255
24312,Normal_Weight,4.845
24313,Normal_Weight,0.0975
24314,Normal_Weight,4.615
24315,Normal_Weight,5.7625
24316,Normal_Weight,0.6475
24317,Normal_Weight,3.0
24318,Normal_Weight,5.7
24319,Normal_Weight,2.99
24320,Normal_Weight,2.04
24321,Normal_Weight,3.965
24322,Normal_Weight,4.0125
24323,Normal_Weight,0.035
24324,Normal_Weight,2.99
24325,Normal_Weight,2.955
24326,Normal_Weight,4.905
24327,Normal_Weight,0.2325
24328,Normal_Weight,2.555
24329,Normal_Weight,2.4475
24330,Normal_Weight,0.0
24331,Normal_Weight,4.0
24332,Normal_Weight,4.0
24333,Normal_Weight,4.525
24334,Normal_Weight,3.14
24335,Normal_Weight,2.0
24336,Normal_Weight,0.7775
24337,Normal_Weight,4.795
24338,Normal_Weight,2.9775
24339,Normal_Weight,2.555
24340,Normal_Weight,4.93
24341,Normal_Weight,1.195
24342,Normal_Weight,4.0
24343,Normal_Weight,3.07
24344,Normal_Weight,2.9525
24345,Normal_Weight,3.0
24346,Normal_Weight,3.0
24347,Normal_Weight,4.31
24348,Normal_Weight,4.8475
24349,Normal_Weight,2.7575
24350,Normal_Weight,2.5375
24351,Normal_Weight,3.2125
24352,Normal_Weight,4.0
24353,Normal_Weight,2.9875
24354,Normal_Weight,4.0
24355,Normal_Weight,0.9825
24356,Normal_Weight,3.0225
24357,Normal_Weight,2.56
24358,Normal_Weight,0.0375
24359,Normal_Weight,4.285
24360,Normal_Weight,4.5775
24361,Normal_Weight,5.53
24362,Normal_Weight,4.0
24363,Normal_Weight,2.9825
24364,Normal_Weight,2.1875
24365,Normal_Weight,2.5625
24366,Normal_Weight,1.43
24367,Normal_Weight,2.03
24368,Normal_Weight,4.9475
24369,Normal_Weight,4.57
24370,Normal_Weight,5.6325
24371,Normal_Weight,0.3975
24372,Normal_Weight,3.88
24373,Normal_Weight,2.99
24374,Normal_Weight,4.0
24375,Normal_Weight,1.08
24376,Normal_Weight,4.0
24377,Normal_Weight,4.285
24378,Normal_Weight,2.9375
24379,Normal_Weight,4.0
24380,Normal_Weight,2.57
24381,Normal_Weight,3.94
24382,Normal_Weight,3.91
24383,Normal_Weight,1.17
24384,Normal_Weight,2.995
24385,Normal_Weight,4.0
24386,Normal_Weight,0.0275
24387,Normal_Weight,2.9275
24388,Normal_Weight,2.0375
24389,Normal_Weight,2.33
24390,Normal_Weight,4.715
24391,Normal_Weight,3.0775
24392,Normal_Weight,2.5325
24393,Normal_Weight,0.94
24394,Normal_Weight,4.0
24395,Normal_Weight,5.7
24396,Normal_Weight,2.945
24397,Normal_Weight,3.4875
24398,Normal_Weight,3.6
24399,Normal_Weight,0.6075
24400,Normal_Weight,0.975
24401,Normal_Weight,4.57
24402,Normal_Weight,4.92
24403,Normal_Weight,0.7475
24404,Normal_Weight,1.2025
24405,Normal_Weight,2.6325
24406,Normal_Weight,4.0
24407,Normal_Weight,2.9875
24408,Normal_Weight,2.03
24409,Normal_Weight,2.945
24410,Normal_Weight,2.7775
24411,Normal_Weight,2.66
24412,Normal_Weight,5.8975
24413,Normal_Weight,3.7625
24414,Normal_Weight,4.36
24415,Normal_Weight,5.275
24416,Normal_Weight,4.0
24417,Normal_Weight,4.0
24418,Normal_Weight,4.0
24419,Normal_Weight,4.005
24420,Normal_Weight,2.98
24421,Normal_Weight,0.985
24422,Normal_Weight,1.4225
24423,Normal_Weight,2.9675
24424,Normal_Weight,0.9275
24425,Normal_Weight,2.52
24426,Normal_Weight,4.0
24427,Normal_Weight,2.93
24428,Normal_Weight,3.965
24429,Normal_Weight,0.2275
24430,Normal_Weight,3.0
24431,Normal_Weight,4.55
24432,Normal_Weight,4.86
24433,Normal_Weight,2.9975
24434,Normal_Weight,2.4525
24435,Normal_Weight,0.9725
24436,Normal_Weight,3.0
24437,Normal_Weight,4.9725
24438,Normal_Weight,0.355
24439,Normal_Weight,4.0
24440,Normal_Weight,1.7425
24441,Normal_Weight,5.0725
24442,Normal_Weight,4.18
24443,Normal_Weight,4.0
24444,Normal_Weight,4.6625
24445,Normal_Weight,1.2575
24446,Normal_Weight,1.0725
24447,Normal_Weight,4.8925
24448,Normal_Weight,1.0
24449,Normal_Weight,2.905
24450,Normal_Weight,2.5925
24451,Normal_Weight,2.0825
24452,Normal_Weight,4.325
24453,Normal_Weight,2.945
24454,Normal_Weight,0.585
24455,Normal_Weight,5.705
24456,Normal_Weight,0.025
24457,Normal_Weight,1.1125
24458,Normal_Weight,2.0725
24459,Normal_Weight,2.9375
24460,Normal_Weight,0.205
24461,Normal_Weight,3.6175
24462,Normal_Weight,4.0275
24463,Normal_Weight,5.5075
24464,Normal_Weight,4.0
24465,Normal_Weight,4.0
24466,Normal_Weight,1.6275
24467,Normal_Weight,4.0
24468,Normal_Weight,5.2325
24469,Normal_Weight,3.0
24470,Normal_Weight,0.675
24471,Normal_Weight,3.995
24472,Normal_Weight,2.96
24473,Normal_Weight,3.7375
24474,Normal_Weight,1.9075
24475,Normal_Weight,4.0
24476,Normal_Weight,3.0
24477,Normal_Weight,5.0525
24478,Normal_Weight,4.0
24479,Normal_Weight,3.37
24480,Normal_Weight,2.535
24481,Normal_Weight,5.0075
24482,Normal_Weight,4.9425
24483,Normal_Weight,2.92
24484,Normal_Weight,0.1725
24485,Normal_Weight,2.3925
24486,Normal_Weight,5.885
24487,Normal_Weight,0.7925
24488,Normal_Weight,1.205
24489,Normal_Weight,4.0
24490,Normal_Weight,1.7325
24491,Normal_Weight,2.68
24492,Normal_Weight,0.115
24493,Normal_Weight,4.705
24494,Normal_Weight,4.3125
24495,Normal_Weight,3.83
24496,Normal_Weight,4.74
24497,Normal_Weight,0.68
24498,Normal_Weight,5.2975
24499,Normal_Weight,4.0
24500,Normal_Weight,4.0
24501,Normal_Weight,4.0
24502,Normal_Weight,1.0225
24503,Normal_Weight,4.0
24504,Normal_Weight,2.1425
24505,Normal_Weight,2.9975
24506,Normal_Weight,4.3025
24507,Normal_Weight,1.025
24508,Normal_Weight,5.7675
24509,Normal_Weight,4.0
24510,Normal_Weight,2.92
24511,Normal_Weight,1.58
24512,Normal_Weight,4.0
24513,Normal_Weight,0.9725
24514,Normal_Weight,5.6075
24515,Normal_Weight,5.7
24516,Normal_Weight,2.3825
24517,Normal_Weight,2.995
24518,Normal_Weight,1.0075
24519,Normal_Weight,0.4675
24520,Normal_Weight,0.1825
24521,Normal_Weight,5.8925
24522,Normal_Weight,4.8875
24523,Normal_Weight,4.0
24524,Normal_Weight,3.755
24525,Normal_Weight,4.0
24526,Normal_Weight,5.33
24527,Normal_Weight,0.0125
24528,Normal_Weight,2.2025
24529,Normal_Weight,2.14
24530,Normal_Weight,3.0
24531,Normal_Weight,2.0825
24532,Normal_Weight,2.9975
24533,Normal_Weight,4.0
24534,Normal_Weight,3.675
24535,Normal_Weight,2.5725
24536,Normal_Weight,2.9975
24537,Normal_Weight,0.0925
24538,Normal_Weight,2.955
24539,Normal_Weight,1.1
24540,Normal_Weight,3.0
24541,Normal_Weight,5.8675
24542,Normal_Weight,4.0
24543,Normal_Weight,4.0
24544,Normal_Weight,3.7725
24545,Normal_Weight,4.63
24546,Normal_Weight,2.9525
24547,Normal_Weight,4.9975
24548,Normal_Weight,2.71
24549,Normal_Weight,4.0
24550,Normal_Weight,0.0
24551,Normal_Weight,5.07
24552,Normal_Weight,4.4275
24553,Normal_Weight,2.905
24554,Normal_Weight,4.0
24555,Normal_Weight,4.7575
24556,Normal_Weight,4.0
24557,Normal_Weight,4.965
24558,Normal_Weight,4.3675
24559,Normal_Weight,4.0
24560,Normal_Weight,0.0275
24561,Normal_Weight,2.7975
24562,Normal_Weight,4.0
24563,Normal_Weight,2.9675
24564,Normal_Weight,3.42
24565,Normal_Weight,2.5125
24566,Normal_Weight,3.0
24567,Normal_Weight,3.8225
24568,Normal_Weight,1.7175
24569,Normal_Weight,4.3525
24570,Normal_Weight,4.0
24571,Normal_Weight,3.8425
24572,Normal_Weight,2.92
24573,Normal_Weight,2.7375
24574,Normal_Weight,5.82
24575,Normal_Weight,4.0
24576,Normal_Weight,5.5575
24577,Normal_Weight,2.5675
24578,Normal_Weight,4.0
24579,Normal_Weight,0.0675
24580,Normal_Weight,2.985
24581,Normal_Weight,0.23
24582,Normal_Weight,4.0
24583,Normal_Weight,0.91
24584,Normal_Weight,2.525
24585,Normal_Weight,2.7975
24586,Normal_Weight,2.5075
24587,Normal_Weight,1.77
24588,Normal_Weight,5.81
24589,Normal_Weight,4.145
24590,Normal_Weight,5.58
24591,Normal_Weight,4.0
24592,Normal_Weight,2.9225
24593,Normal_Weight,4.0
24594,Normal_Weight,0.105
24595,Normal_Weight,3.175
24596,Normal_Weight,2.4925
24597,Normal_Weight,4.0
24598,Normal_Weight,2.5275
24599,Normal_Weight,3.725
24600,Normal_Weight,1.62
24601,Normal_Weight,4.0
24602,Normal_Weight,4.0
24603,Normal_Weight,0.6775
24604,Normal_Weight,4.0
24605,Normal_Weight,4.0
24606,Normal_Weight,4.0
24607,Normal_Weight,3.0
24608,Normal_Weight,5.1725
24609,Normal_Weight,3.4625
24610,Normal_Weight,3.0525
24611,Normal_Weight,2.955
24612,Normal_Weight,3.075
24613,Normal_Weight,4.5675
24614,Normal_Weight,1.145
24615,Normal_Weight,4.97
24616,Normal_Weight,0.1525
24617,Normal_Weight,2.92
24618,Normal_Weight,2.9925
24619,Normal_Weight,0.995
24620,Normal_Weight,4.29
24621,Normal_Weight,4.0
24622,Normal_Weight,0.9975
24623,Normal_Weight,4.0
24624,Normal_Weight,4.6725
24625,Normal_Weight,2.9825
24626,Normal_Weight,3.0
24627,Normal_Weight,3.1525
24628,Normal_Weight,1.5
24629,Normal_Weight,2.97
24630,Normal_Weight,5.3075
24631,Normal_Weight,4.1725
24632,Normal_Weight,0.45
24633,Normal_Weight,5.7025
24634,Normal_Weight,2.3625
24635,Normal_Weight,4.0
24636,Normal_Weight,2.7075
24637,Normal_Weight,4.0
24638,Normal_Weight,5.12
24639,Normal_Weight,4.8375
24640,Normal_Weight,0.01
24641,Normal_Weight,3.0
24642,Normal_Weight,2.6875
24643,Normal_Weight,1.445
24644,Normal_Weight,3.0875
24645,Normal_Weight,4.0
24646,Normal_Weight,4.0
24647,Normal_Weight,2.7875
24648,Normal_Weight,0.2575
24649,Normal_Weight,4.0
24650,Normal_Weight,3.975
24651,Normal_Weight,4.285
24652,Normal_Weight,5.685
24653,Normal_Weight,0.05
24654,Normal_Weight,5.7625
24655,Normal_Weight,1.285
24656,Normal_Weight,2.9925
24657,Normal_Weight,5.65
24658,Normal_Weight,1.1
24659,Normal_Weight,4.0
24660,Normal_Weight,4.0375
24661,Normal_Weight,2.9525
24662,Normal_Weight,4.5175
24663,Normal_Weight,4.6425
24664,Normal_Weight,0.7925
24665,Normal_Weight,0.07
24666,Normal_Weight,4.0
24667,Normal_Weight,1.195
24668,Normal_Weight,1.185
24669,Normal_Weight,4.0
24670,Normal_Weight,5.8775
24671,Normal_Weight,3.9975
24672,Normal_Weight,2.9125
24673,Normal_Weight,4.0
24674,Normal_Weight,0.14
24675,Normal_Weight,3.555
24676,Normal_Weight,4.0
24677,Normal_Weight,5.795
24678,Normal_Weight,2.985
24679,Normal_Weight,4.0
24680,Normal_Weight,1.755
24681,Normal_Weight,5.03
24682,Normal_Weight,0.1925
24683,Normal_Weight,2.89
24684,Normal_Weight,4.0
24685,Normal_Weight,1.6975
24686,Normal_Weight,2.805
24687,Normal_Weight,4.0
24688,Normal_Weight,0.0
24689,Normal_Weight,0.0325
24690,Normal_Weight,4.0
24691,Normal_Weight,1.8275
24692,Normal_Weight,3.4175
24693,Normal_Weight,2.9175
24694,Normal_Weight,4.0
24695,Normal_Weight,4.0
24696,Normal_Weight,4.2125
24697,Normal_Weight,5.82
24698,Normal_Weight,2.9675
24699,Normal_Weight,2.975
24700,Normal_Weight,4.0
24701,Normal_Weight,4.6075
24702,Normal_Weight,3.145
24703,Normal_Weight,4.095
24704,Normal_Weight,0.8675
24705,Normal_Weight,4.0
24706,Normal_Weight,4.77
24707,Normal_Weight,5.515
24708,Normal_Weight,0.175
24709,Normal_Weight,5.7475
24710,Normal_Weight,0.14
24711,Normal_Weight,2.5075
24712,Normal_Weight,4.0
24713,Normal_Weight,4.0
24714,Normal_Weight,0.9675
24715,Normal_Weight,3.875
24716,Normal_Weight,0.7325
24717,Normal_Weight,4.0
24718,Normal_Weight,4.0
24719,Normal_Weight,4.0
24720,Normal_Weight,2.9175
24721,Normal_Weight,2.85
24722,Normal_Weight,0.4575
24723,Normal_Weight,2.16
24724,Normal_Weight,1.165
24725,Normal_Weight,4.0575
24726,Normal_Weight,2.875
24727,Normal_Weight,4.0
24728,Normal_Weight,2.9675
24729,Normal_Weight,4.295
24730,Normal_Weight,4.0
24731,Normal_Weight,0.715
24732,Normal_Weight,2.5325
24733,Normal_Weight,0.115
24734,Normal_Weight,5.3025
24735,Normal_Weight,4.285
24736,Normal_Weight,2.8775
24737,Normal_Weight,3.0
24738,Normal_Weight,2.095
24739,Normal_Weight,3.38
24740,Normal_Weight,3.66
24741,Normal_Weight,1.105
24742,Normal_Weight,5.7625
24743,Normal_Weight,2.9925
24744,Normal_Weight,3.0
24745,Normal_Weight,2.8
24746,Normal_Weight,4.765
24747,Normal_Weight,2.9475
24748,Normal_Weight,2.9825
24749,Normal_Weight,4.0
24750,Normal_Weight,4.0
24751,Normal_Weight,2.0
24752,Normal_Weight,4.55
24753,Normal_Weight,2.4475
24754,Normal_Weight,4.0
24755,Normal_Weight,0.0075
24756,Normal_Weight,4.0225
24757,Normal_Weight,5.855
24758,Normal_Weight,5.05
24759,Normal_Weight,4.0
24760,Normal_Weight,3.3975
24761,Normal_Weight,1.195
24762,Normal_Weight,2.0625
24763,Normal_Weight,0.9875
24764,Normal_Weight,0.1525
24765,Normal_Weight,1.01
24766,Normal_Weight,0.3525
24767,Normal_Weight,2.1975
24768,Normal_Weight,2.04
24769,Normal_Weight,2.8675
24770,Normal_Weight,4.8725
24771,Normal_Weight,4.375
24772,Normal_Weight,3.3475
24773,Normal_Weight,0.13
24774,Normal_Weight,2.65
24775,Normal_Weight,4.0
24776,Normal_Weight,4.0
24777,Normal_Weight,2.395
24778,Normal_Weight,4.0
24779,Normal_Weight,2.94
24780,Normal_Weight,2.0825
24781,Normal_Weight,1.38
24782,Normal_Weight,0.0
24783,Normal_Weight,4.535
24784,Normal_Weight,0.715
24785,Normal_Weight,5.88
24786,Normal_Weight,3.485
24787,Normal_Weight,5.0125
24788,Normal_Weight,0.0
24789,Normal_Weight,2.99
24790,Normal_Weight,0.9875
24791,Normal_Weight,2.0525
24792,Normal_Weight,4.97
24793,Normal_Weight,4.5925
24794,Normal_Weight,2.84
24795,Normal_Weight,2.39
24796,Normal_Weight,2.5625
24797,Normal_Weight,4.5975
24798,Normal_Weight,4.0
24799,Normal_Weight,3.0
24800,Normal_Weight,2.9525
24801,Normal_Weight,0.2575
24802,Normal_Weight,0.4075
24803,Normal_Weight,4.915
24804,Normal_Weight,3.45
24805,Normal_Weight,0.0
24806,Normal_Weight,4.0
24807,Normal_Weight,1.87
24808,Normal_Weight,5.89
24809,Normal_Weight,2.9975
24810,Normal_Weight,4.0
24811,Normal_Weight,1.9175
24812,Normal_Weight,1.0425
24813,Normal_Weight,4.75
24814,Normal_Weight,0.0875
24815,Normal_Weight,3.485
24816,Normal_Weight,5.455
24817,Normal_Weight,5.54
24818,Normal_Weight,3.0
24819,Normal_Weight,3.0
24820,Normal_Weight,1.59
24821,Normal_Weight,2.565
24822,Normal_Weight,2.96
24823,Normal_Weight,4.2025
24824,Normal_Weight,1.1825
24825,Normal_Weight,3.985
24826,Normal_Weight,4.0
24827,Normal_Weight,3.365
24828,Normal_Weight,0.0025
24829,Normal_Weight,4.0
24830,Normal_Weight,4.0925
24831,Normal_Weight,3.1725
24832,Normal_Weight,4.0
24833,Normal_Weight,3.945
24834,Normal_Weight,4.88
24835,Normal_Weight,2.9775
24836,Normal_Weight,2.415
24837,Normal_Weight,3.4675
24838,Normal_Weight,4.695
24839,Normal_Weight,5.1375
24840,Normal_Weight,2.9525
24841,Normal_Weight,4.855
24842,Normal_Weight,5.66
24843,Normal_Weight,4.0
24844,Normal_Weight,1.5425
24845,Normal_Weight,1.2575
24846,Normal_Weight,4.83
24847,Normal_Weight,2.9625
24848,Normal_Weight,3.7975
24849,Normal_Weight,4.9
24850,Normal_Weight,4.74
24851,Normal_Weight,2.9475
24852,Normal_Weight,2.9975
24853,Normal_Weight,3.0
24854,Normal_Weight,4.0
24855,Normal_Weight,2.235
24856,Normal_Weight,3.0
24857,Normal_Weight,3.0
24858,Normal_Weight,3.0
24859,Normal_Weight,2.6675
24860,Normal_Weight,4.0
24861,Normal_Weight,0.73
24862,Normal_Weight,3.3025
24863,Normal_Weight,3.6425
24864,Normal_Weight,4.8225
24865,Normal_Weight,5.675
24866,Normal_Weight,4.8875
24867,Normal_Weight,5.0875
24868,Normal_Weight,0.5875
24869,Normal_Weight,3.995
24870,Normal_Weight,4.0
24871,Normal_Weight,2.9325
24872,Normal_Weight,4.015
24873,Normal_Weight,0.1625
24874,Normal_Weight,0.0475
24875,Normal_Weight,0.92
24876,Normal_Weight,2.115
24877,Normal_Weight,2.56
24878,Normal_Weight,0.0025
24879,Normal_Weight,0.13
24880,Normal_Weight,3.175
24881,Normal_Weight,3.0
24882,Normal_Weight,4.835
24883,Normal_Weight,2.195
24884,Normal_Weight,2.5675
24885,Normal_Weight,1.17
24886,Normal_Weight,4.0
24887,Normal_Weight,4.27
24888,Normal_Weight,3.0
24889,Normal_Weight,2.1725
24890,Normal_Weight,0.02
24891,Normal_Weight,4.1675
24892,Normal_Weight,3.5075
24893,Normal_Weight,4.0
24894,Normal_Weight,4.0
24895,Normal_Weight,0.045
24896,Normal_Weight,5.73
24897,Normal_Weight,4.0
24898,Normal_Weight,4.0
24899,Normal_Weight,4.0
24900,Normal_Weight,3.91
24901,Normal_Weight,1.185
24902,Normal_Weight,0.18
24903,Normal_Weight,3.0
24904,Normal_Weight,2.1825
24905,Normal_Weight,2.105
24906,Normal_Weight,2.55
24907,Normal_Weight,0.9625
24908,Normal_Weight,1.12
24909,Normal_Weight,2.95
24910,Normal_Weight,0.6275
24911,Normal_Weight,3.2425
24912,Normal_Weight,4.0
24913,Normal_Weight,5.86
24914,Normal_Weight,0.7925
24915,Normal_Weight,4.0
24916,Normal_Weight,3.97
24917,Normal_Weight,0.0
24918,Normal_Weight,2.9975
24919,Normal_Weight,5.495
24920,Normal_Weight,0.06
24921,Normal_Weight,4.7325
24922,Normal_Weight,0.11
24923,Normal_Weight,4.0
24924,Normal_Weight,2.0
24925,Normal_Weight,3.0
24926,Normal_Weight,4.0
24927,Normal_Weight,4.105
24928,Normal_Weight,2.7075
24929,Normal_Weight,4.3575
24930,Normal_Weight,4.5275
24931,Normal_Weight,3.56
24932,Normal_Weight,5.72
24933,Normal_Weight,3.715
24934,Normal_Weight,4.8525
24935,Normal_Weight,5.725
24936,Normal_Weight,2.7225
24937,Normal_Weight,4.8575
24938,Normal_Weight,1.89
24939,Normal_Weight,2.6125
24940,Normal_Weight,5.805
24941,Normal_Weight,4.0
24942,Normal_Weight,0.545
24943,Normal_Weight,1.4825
24944,Normal_Weight,1.05
24945,Normal_Weight,1.71
24946,Normal_Weight,2.7775
24947,Normal_Weight,4.0
24948,Normal_Weight,3.0
24949,Normal_Weight,4.4575
24950,Normal_Weight,1.9775
24951,Normal_Weight,2.5725
24952,Normal_Weight,1.3675
24953,Normal_Weight,4.0
24954,Normal_Weight,3.3425
24955,Normal_Weight,5.3875
24956,Normal_Weight,5.51
24957,Normal_Weight,2.2025
24958,Normal_Weight,4.86
24959,Normal_Weight,0.0125
24960,Normal_Weight,0.125
24961,Normal_Weight,2.9875
24962,Normal_Weight,3.58
24963,Normal_Weight,2.095
24964,Normal_Weight,2.41
24965,Normal_Weight,2.545
24966,Normal_Weight,4.0
24967,Normal_Weight,1.18
24968,Normal_Weight,1.0025
24969,Normal_Weight,4.33
24970,Normal_Weight,4.0
24971,Normal_Weight,2.47
24972,Normal_Weight,3.25
24973,Normal_Weight,2.98
24974,Normal_Weight,2.9525
24975,Normal_Weight,3.64
24976,Normal_Weight,1.6575
24977,Normal_Weight,5.29
24978,Normal_Weight,0.09
24979,Normal_Weight,1.13
24980,Normal_Weight,2.24
24981,Normal_Weight,4.915
24982,Normal_Weight,3.43
24983,Normal_Weight,2.9975
24984,Normal_Weight,4.0
24985,Normal_Weight,4.0
24986,Normal_Weight,2.9375
24987,Normal_Weight,0.2175
24988,Normal_Weight,0.2475
24989,Normal_Weight,0.1175
24990,Normal_Weight,0.0
24991,Normal_Weight,4.0
24992,Normal_Weight,4.0
24993,Normal_Weight,4.0225
24994,Normal_Weight,2.19
24995,Normal_Weight,4.0
24996,Normal_Weight,4.7725
24997,Normal_Weight,0.0275
24998,Normal_Weight,4.0
24999,Normal_Weight,2.9525
25000,Normal_Weight,5.5475
25001,Normal_Weight,3.0
25002,Normal_Weight,4.36
25003,Normal_Weight,5.58
25004,Normal_Weight,2.935
25005,Normal_Weight,2.3175
25006,Normal_Weight,0.08
25007,Normal_Weight,4.0
25008,Normal_Weight,0.6925
25009,Normal_Weight,2.02
25010,Normal_Weight,0.0
25011,Normal_Weight,1.31
25012,Normal_Weight,4.0
25013,Normal_Weight,4.5225
25014,Normal_Weight,0.0
25015,Normal_Weight,3.28
25016,Normal_Weight,4.0
25017,Normal_Weight,5.835
25018,Normal_Weight,0.725
25019,Normal_Weight,4.0
25020,Normal_Weight,5.8475
25021,Normal_Weight,2.0575
25022,Normal_Weight,4.475
25023,Normal_Weight,2.8825
25024,Normal_Weight,2.3275
25025,Normal_Weight,4.0
25026,Normal_Weight,5.905
25027,Normal_Weight,2.2975
25028,Normal_Weight,4.23
25029,Normal_Weight,1.0
25030,Normal_Weight,0.46
25031,Normal_Weight,4.04
25032,Normal_Weight,2.125
25033,Normal_Weight,4.55
25034,Normal_Weight,2.83
25035,Normal_Weight,4.0
25036,Normal_Weight,4.0
25037,Normal_Weight,2.93
25038,Normal_Weight,3.0825
25039,Normal_Weight,4.0
25040,Normal_Weight,0.99
25041,Normal_Weight,1.42
25042,Normal_Weight,2.7875
25043,Normal_Weight,2.6375
25044,Normal_Weight,4.2675
25045,Normal_Weight,4.0025
25046,Normal_Weight,2.93
25047,Normal_Weight,0.71
25048,Normal_Weight,2.965
25049,Normal_Weight,2.5725
25050,Normal_Weight,0.4325
25051,Normal_Weight,4.67
25052,Normal_Weight,3.0
25053,Normal_Weight,0.205
25054,Normal_Weight,1.215
25055,Normal_Weight,3.7
25056,Normal_Weight,4.0
25057,Normal_Weight,2.815
25058,Normal_Weight,2.9975
25059,Normal_Weight,2.875
25060,Normal_Weight,2.8775
25061,Normal_Weight,0.985
25062,Normal_Weight,4.0
25063,Normal_Weight,4.61
25064,Normal_Weight,3.0
25065,Normal_Weight,4.0
25066,Normal_Weight,2.9475
25067,Normal_Weight,2.955
25068,Normal_Weight,4.0
25069,Normal_Weight,4.0
25070,Normal_Weight,4.16
25071,Normal_Weight,5.2075
25072,Normal_Weight,3.8025
25073,Normal_Weight,4.1375
25074,Normal_Weight,4.0
25075,Normal_Weight,3.9375
25076,Normal_Weight,4.0
25077,Normal_Weight,4.0
25078,Normal_Weight,3.1025
25079,Normal_Weight,0.29
25080,Normal_Weight,3.365
25081,Normal_Weight,4.0
25082,Normal_Weight,4.0
25083,Normal_Weight,2.9775
25084,Normal_Weight,2.99
25085,Normal_Weight,4.0
25086,Normal_Weight,4.0
25087,Normal_Weight,5.8575
25088,Normal_Weight,0.24
25089,Normal_Weight,3.0
25090,Normal_Weight,3.0
25091,Normal_Weight,2.545
25092,Normal_Weight,4.0
25093,Normal_Weight,2.4125
25094,Normal_Weight,0.1925
25095,Normal_Weight,4.1125
25096,Normal_Weight,4.3425
25097,Normal_Weight,4.0
25098,Normal_Weight,1.7175
25099,Normal_Weight,2.96
25100,Normal_Weight,2.055
25101,Normal_Weight,4.9825
25102,Normal_Weight,1.8225
25103,Normal_Weight,4.0
25104,Normal_Weight,1.02
25105,Normal_Weight,1.0375
25106,Normal_Weight,0.7975
25107,Normal_Weight,4.0
25108,Normal_Weight,0.7025
25109,Normal_Weight,4.4625
25110,Normal_Weight,3.3625
25111,Normal_Weight,2.3575
25112,Normal_Weight,2.8625
25113,Normal_Weight,2.935
25114,Normal_Weight,0.97
25115,Normal_Weight,1.2225
25116,Normal_Weight,5.8225
25117,Normal_Weight,2.3975
25118,Normal_Weight,2.39
25119,Normal_Weight,5.0075
25120,Normal_Weight,2.8725
25121,Normal_Weight,5.64
25122,Normal_Weight,0.03
25123,Normal_Weight,4.0
25124,Normal_Weight,4.0
25125,Normal_Weight,5.51
25126,Normal_Weight,2.645
25127,Normal_Weight,1.2325
25128,Normal_Weight,4.0
25129,Normal_Weight,3.0
25130,Normal_Weight,0.5025
25131,Normal_Weight,4.0
25132,Normal_Weight,0.415
25133,Normal_Weight,2.7975
25134,Normal_Weight,5.72
25135,Normal_Weight,2.25
25136,Normal_Weight,0.0
25137,Normal_Weight,2.5225
25138,Normal_Weight,3.1975
25139,Normal_Weight,3.0
25140,Normal_Weight,4.875
25141,Normal_Weight,3.0375
25142,Normal_Weight,5.6925
25143,Normal_Weight,2.8025
25144,Normal_Weight,2.9925
25145,Normal_Weight,4.8775
25146,Normal_Weight,0.0025
25147,Normal_Weight,4.0
25148,Normal_Weight,0.0275
25149,Normal_Weight,1.2075
25150,Normal_Weight,4.745
25151,Normal_Weight,4.0
25152,Normal_Weight,3.235
25153,Normal_Weight,4.0
25154,Normal_Weight,1.745
25155,Normal_Weight,4.0
25156,Normal_Weight,2.9525
25157,Normal_Weight,3.9275
25158,Normal_Weight,4.0
25159,Normal_Weight,2.2375
25160,Normal_Weight,0.0125
25161,Normal_Weight,5.815
25162,Normal_Weight,2.9975
25163,Normal_Weight,2.9425
25164,Normal_Weight,2.1875
25165,Normal_Weight,0.5725
25166,Normal_Weight,1.185
25167,Normal_Weight,2.2425
25168,Normal_Weight,4.555
25169,Normal_Weight,2.2575
25170,Normal_Weight,4.03
25171,Normal_Weight,4.3125
25172,Normal_Weight,0.02
25173,Normal_Weight,0.0
25174,Normal_Weight,3.6825
25175,Normal_Weight,3.58
25176,Normal_Weight,0.8475
25177,Normal_Weight,4.985
25178,Normal_Weight,5.205
25179,Normal_Weight,3.8225
25180,Normal_Weight,4.0
25181,Normal_Weight,4.0
25182,Normal_Weight,2.995
25183,Normal_Weight,2.085
25184,Normal_Weight,3.325
25185,Normal_Weight,0.0575
25186,Normal_Weight,4.23
25187,Normal_Weight,0.0025
25188,Normal_Weight,4.0
25189,Normal_Weight,4.0
25190,Normal_Weight,1.59
25191,Normal_Weight,1.185
25192,Normal_Weight,4.6325
25193,Normal_Weight,4.0
25194,Normal_Weight,4.0
25195,Normal_Weight,4.0
25196,Normal_Weight,2.9875
25197,Normal_Weight,4.3
25198,Normal_Weight,0.06
25199,Normal_Weight,0.8025
25200,Normal_Weight,1.92
25201,Normal_Weight,3.735
25202,Normal_Weight,2.9725
25203,Normal_Weight,3.3975
25204,Normal_Weight,3.0
25205,Normal_Weight,0.6475
25206,Normal_Weight,3.0
25207,Normal_Weight,3.0
25208,Normal_Weight,4.945
25209,Normal_Weight,4.0
25210,Normal_Weight,4.0
25211,Normal_Weight,2.0
25212,Normal_Weight,4.0
25213,Normal_Weight,4.0
25214,Normal_Weight,0.0525
25215,Normal_Weight,2.9975
25216,Normal_Weight,4.0
25217,Normal_Weight,2.545
25218,Normal_Weight,2.0
25219,Normal_Weight,4.9825
25220,Normal_Weight,3.19
25221,Normal_Weight,4.0
25222,Normal_Weight,2.985
25223,Normal_Weight,0.415
25224,Normal_Weight,0.35
25225,Normal_Weight,4.2825
25226,Normal_Weight,2.4425
25227,Normal_Weight,4.7225
25228,Normal_Weight,0.1
25229,Normal_Weight,5.4625
25230,Normal_Weight,4.0
25231,Normal_Weight,0.0675
25232,Normal_Weight,2.7775
25233,Normal_Weight,0.9925
25234,Normal_Weight,5.3825
25235,Normal_Weight,1.05
25236,Normal_Weight,4.0
25237,Normal_Weight,2.915
25238,Normal_Weight,1.065
25239,Normal_Weight,5.0075
25240,Normal_Weight,1.0925
25241,Normal_Weight,2.13
25242,Normal_Weight,4.945
25243,Normal_Weight,3.0
25244,Normal_Weight,0.625
25245,Normal_Weight,2.98
25246,Normal_Weight,0.3725
25247,Normal_Weight,4.0
25248,Normal_Weight,0.01
25249,Normal_Weight,1.235
25250,Normal_Weight,2.2375
25251,Normal_Weight,4.825
25252,Normal_Weight,4.87
25253,Normal_Weight,3.9275
25254,Normal_Weight,0.5325
25255,Normal_Weight,2.25
25256,Normal_Weight,2.97
25257,Normal_Weight,0.0675
25258,Normal_Weight,4.0
25259,Normal_Weight,5.78
25260,Normal_Weight,0.0125
25261,Normal_Weight,2.6875
25262,Normal_Weight,2.945
25263,Normal_Weight,5.2625
25264,Normal_Weight,2.9675
25265,Normal_Weight,0.275
25266,Normal_Weight,2.89
25267,Normal_Weight,0.2225
25268,Normal_Weight,3.8275
25269,Normal_Weight,4.4325
25270,Normal_Weight,2.97
25271,Normal_Weight,4.0
25272,Normal_Weight,0.3775
25273,Normal_Weight,0.8
25274,Normal_Weight,2.6575
25275,Normal_Weight,5.2475
25276,Normal_Weight,2.4375
25277,Normal_Weight,2.545
25278,Normal_Weight,4.0
25279,Normal_Weight,2.7525
25280,Normal_Weight,4.0
25281,Normal_Weight,4.0
25282,Normal_Weight,5.745
25283,Normal_Weight,4.9575
25284,Normal_Weight,3.0
25285,Normal_Weight,5.005
25286,Normal_Weight,4.0
25287,Normal_Weight,2.95
25288,Normal_Weight,2.995
25289,Normal_Weight,4.0
25290,Normal_Weight,1.13
25291,Normal_Weight,2.9425
25292,Normal_Weight,3.0
25293,Normal_Weight,0.785
25294,Normal_Weight,4.925
25295,Normal_Weight,5.38
25296,Normal_Weight,4.0
25297,Normal_Weight,4.2775
25298,Normal_Weight,4.0
25299,Normal_Weight,3.09
25300,Normal_Weight,4.5275
25301,Normal_Weight,2.9975
25302,Normal_Weight,3.0
25303,Normal_Weight,4.315
25304,Normal_Weight,0.01
25305,Normal_Weight,5.0525
25306,Normal_Weight,3.8375
25307,Normal_Weight,4.0
25308,Normal_Weight,2.92
25309,Normal_Weight,4.69
25310,Normal_Weight,2.995
25311,Normal_Weight,4.9175
25312,Normal_Weight,3.0
25313,Normal_Weight,4.1175
25314,Normal_Weight,0.265
25315,Normal_Weight,4.0
25316,Normal_Weight,0.1925
25317,Normal_Weight,2.9975
25318,Normal_Weight,2.9975
25319,Normal_Weight,2.5475
25320,Normal_Weight,0.6075
25321,Normal_Weight,3.5975
25322,Normal_Weight,1.0975
25323,Normal_Weight,0.0175
25324,Normal_Weight,4.2325
25325,Normal_Weight,4.0
25326,Normal_Weight,3.4575
25327,Normal_Weight,0.84
25328,Normal_Weight,2.98
25329,Normal_Weight,4.1525
25330,Normal_Weight,4.0
25331,Normal_Weight,2.455
25332,Normal_Weight,0.9675
25333,Normal_Weight,2.375
25334,Normal_Weight,2.955
25335,Normal_Weight,1.015
25336,Normal_Weight,4.0
25337,Normal_Weight,4.0
25338,Normal_Weight,2.9975
25339,Normal_Weight,1.015
25340,Normal_Weight,0.0475
25341,Normal_Weight,5.8275
25342,Normal_Weight,4.0
25343,Normal_Weight,4.0
25344,Normal_Weight,3.68
25345,Normal_Weight,4.0
25346,Normal_Weight,4.0
25347,Normal_Weight,0.59
25348,Normal_Weight,5.345
25349,Normal_Weight,0.8125
25350,Normal_Weight,4.9375
25351,Normal_Weight,0.4725
25352,Normal_Weight,4.6725
25353,Normal_Weight,4.075
25354,Normal_Weight,1.0
25355,Normal_Weight,5.7275
25356,Normal_Weight,3.9525
25357,Normal_Weight,4.0
25358,Normal_Weight,4.0
25359,Normal_Weight,4.8025
25360,Normal_Weight,0.1275
25361,Normal_Weight,1.4
25362,Normal_Weight,3.995
25363,Normal_Weight,0.2375
25364,Normal_Weight,4.0
25365,Normal_Weight,4.0
25366,Normal_Weight,4.0
25367,Normal_Weight,5.5825
25368,Normal_Weight,4.85
25369,Normal_Weight,2.95
25370,Normal_Weight,4.735
25371,Normal_Weight,0.5025
25372,Normal_Weight,4.3925
25373,Normal_Weight,5.2025
25374,Normal_Weight,0.0025
25375,Normal_Weight,4.0
25376,Normal_Weight,2.23
25377,Normal_Weight,5.2275
25378,Normal_Weight,1.0
25379,Normal_Weight,4.49
25380,Normal_Weight,0.0
25381,Normal_Weight,0.0
25382,Normal_Weight,5.7325
25383,Normal_Weight,0.0025
25384,Normal_Weight,3.995
25385,Normal_Weight,0.03
25386,Normal_Weight,4.295
25387,Normal_Weight,0.0375
25388,Normal_Weight,5.4025
25389,Normal_Weight,0.25
25390,Normal_Weight,0.1175
25391,Normal_Weight,5.63
25392,Normal_Weight,4.0
25393,Normal_Weight,1.4225
25394,Normal_Weight,4.0
25395,Normal_Weight,4.0
25396,Normal_Weight,2.175
25397,Normal_Weight,3.135
25398,Normal_Weight,2.8025
25399,Normal_Weight,4.21
25400,Normal_Weight,1.2875
25401,Normal_Weight,5.8125
25402,Normal_Weight,4.0
25403,Normal_Weight,4.7625
25404,Normal_Weight,0.4225
25405,Normal_Weight,1.1875
25406,Normal_Weight,5.675
25407,Normal_Weight,0.7075
25408,Normal_Weight,3.0
25409,Normal_Weight,4.0
25410,Normal_Weight,0.005
25411,Normal_Weight,4.3825
25412,Normal_Weight,2.975
25413,Normal_Weight,4.66
25414,Normal_Weight,3.8275
25415,Normal_Weight,4.0
25416,Normal_Weight,2.7125
25417,Normal_Weight,1.705
25418,Normal_Weight,0.135
25419,Normal_Weight,3.4625
25420,Normal_Weight,2.995
25421,Normal_Weight,2.87
25422,Normal_Weight,2.99
25423,Normal_Weight,0.0
25424,Normal_Weight,1.4875
25425,Normal_Weight,1.28
25426,Normal_Weight,4.0
25427,Normal_Weight,0.6975
25428,Normal_Weight,4.0
25429,Normal_Weight,4.0
25430,Normal_Weight,2.9625
25431,Normal_Weight,4.2325
25432,Normal_Weight,0.2325
25433,Normal_Weight,4.0
25434,Normal_Weight,3.2525
25435,Normal_Weight,5.3675
25436,Normal_Weight,4.0
25437,Normal_Weight,1.185
25438,Normal_Weight,4.08
25439,Normal_Weight,0.0075
25440,Normal_Weight,2.665
25441,Normal_Weight,4.0
25442,Normal_Weight,1.1875
25443,Normal_Weight,4.0975
25444,Normal_Weight,4.0
25445,Normal_Weight,2.4225
25446,Normal_Weight,4.425
25447,Normal_Weight,0.46
25448,Normal_Weight,2.07
25449,Normal_Weight,2.7775
25450,Normal_Weight,4.0
25451,Normal_Weight,0.0375
25452,Normal_Weight,4.0
25453,Normal_Weight,4.1475
25454,Normal_Weight,3.0
25455,Normal_Weight,0.745
25456,Normal_Weight,4.125
25457,Normal_Weight,0.5125
25458,Normal_Weight,2.5625
25459,Normal_Weight,0.045
25460,Normal_Weight,5.125
25461,Normal_Weight,0.5325
25462,Normal_Weight,2.975
25463,Normal_Weight,4.0
25464,Normal_Weight,4.245
25465,Normal_Weight,2.96
25466,Normal_Weight,0.6175
25467,Normal_Weight,0.0
25468,Normal_Weight,0.9925
25469,Normal_Weight,2.955
25470,Normal_Weight,1.4975
25471,Normal_Weight,4.0
25472,Normal_Weight,1.59
25473,Normal_Weight,4.1075
25474,Normal_Weight,4.265
25475,Normal_Weight,3.01
25476,Normal_Weight,3.1725
25477,Normal_Weight,0.12
25478,Normal_Weight,4.0
25479,Normal_Weight,0.73
25480,Normal_Weight,4.0
25481,Normal_Weight,4.9075
25482,Normal_Weight,3.94
25483,Normal_Weight,2.9875
25484,Normal_Weight,0.2325
25485,Normal_Weight,2.0475
25486,Normal_Weight,4.4625
25487,Normal_Weight,4.0
25488,Normal_Weight,0.055
25489,Normal_Weight,5.5825
25490,Normal_Weight,4.0
25491,Normal_Weight,2.9625
25492,Normal_Weight,2.9475
25493,Normal_Weight,4.0
25494,Normal_Weight,3.1675
25495,Normal_Weight,3.0
25496,Normal_Weight,0.0525
25497,Normal_Weight,2.915
25498,Normal_Weight,2.935
25499,Normal_Weight,0.49
25500,Normal_Weight,3.7425
25501,Normal_Weight,4.0
25502,Normal_Weight,2.5725
25503,Normal_Weight,1.185
25504,Normal_Weight,2.5625
25505,Normal_Weight,0.0125
25506,Normal_Weight,2.6775
25507,Normal_Weight,3.7825
25508,Normal_Weight,3.0
25509,Normal_Weight,1.0025
25510,Normal_Weight,3.0
25511,Normal_Weight,4.6175
25512,Normal_Weight,2.91
25513,Normal_Weight,1.3575
25514,Normal_Weight,4.0
25515,Normal_Weight,5.83
25516,Normal_Weight,1.31
25517,Normal_Weight,4.0
25518,Normal_Weight,4.0
25519,Normal_Weight,4.81
25520,Normal_Weight,4.0
25521,Normal_Weight,2.59
25522,Normal_Weight,1.3725
25523,Normal_Weight,0.0775
25524,Normal_Weight,5.115
25525,Normal_Weight,2.5975
25526,Normal_Weight,4.95
25527,Normal_Weight,4.0
25528,Normal_Weight,2.2275
25529,Normal_Weight,3.9475
25530,Normal_Weight,2.9325
25531,Normal_Weight,2.665
25532,Normal_Weight,3.2425
25533,Normal_Weight,3.565
25534,Normal_Weight,5.8175
25535,Normal_Weight,4.0
25536,Normal_Weight,0.915
25537,Normal_Weight,2.685
25538,Normal_Weight,1.35
25539,Normal_Weight,0.78
25540,Normal_Weight,4.0
25541,Normal_Weight,4.0
25542,Normal_Weight,4.0
25543,Normal_Weight,2.92
25544,Normal_Weight,4.8625
25545,Normal_Weight,4.6675
25546,Normal_Weight,3.51
25547,Normal_Weight,2.7375
25548,Normal_Weight,2.9925
25549,Normal_Weight,4.0
25550,Normal_Weight,4.565
25551,Normal_Weight,1.5525
25552,Normal_Weight,5.685
25553,Normal_Weight,2.825
25554,Normal_Weight,5.705
25555,Normal_Weight,4.0
25556,Normal_Weight,0.7075
25557,Normal_Weight,3.0
25558,Normal_Weight,0.0
25559,Normal_Weight,2.3825
25560,Normal_Weight,3.4725
25561,Normal_Weight,4.0
25562,Normal_Weight,0.145
25563,Normal_Weight,4.0
25564,Normal_Weight,0.9825
25565,Normal_Weight,2.7175
25566,Normal_Weight,2.7175
25567,Normal_Weight,5.0475
25568,Normal_Weight,0.4575
25569,Normal_Weight,3.03
25570,Normal_Weight,4.46
25571,Normal_Weight,4.7475
25572,Normal_Weight,4.0
25573,Normal_Weight,4.0
25574,Normal_Weight,0.7325
25575,Normal_Weight,5.8475
25576,Normal_Weight,4.35
25577,Normal_Weight,0.7425
25578,Normal_Weight,4.3475
25579,Normal_Weight,2.91
25580,Normal_Weight,2.935
25581,Normal_Weight,2.9275
25582,Normal_Weight,0.835
25583,Normal_Weight,0.9925
25584,Normal_Weight,2.05
25585,Normal_Weight,5.0
25586,Normal_Weight,3.8325
25587,Normal_Weight,5.665
25588,Normal_Weight,3.6375
25589,Normal_Weight,1.1875
25590,Normal_Weight,3.0
25591,Normal_Weight,4.0
25592,Normal_Weight,3.7475
25593,Normal_Weight,4.5225
25594,Normal_Weight,5.5875
25595,Normal_Weight,3.82
25596,Normal_Weight,3.0
25597,Normal_Weight,5.8525
25598,Normal_Weight,2.9975
25599,Normal_Weight,5.2775
25600,Normal_Weight,2.97
25601,Normal_Weight,4.0
25602,Normal_Weight,2.525
25603,Normal_Weight,4.72
25604,Normal_Weight,4.0
25605,Normal_Weight,2.935
25606,Normal_Weight,3.3775
25607,Normal_Weight,4.0
25608,Normal_Weight,4.045
25609,Normal_Weight,4.8975
25610,Normal_Weight,1.1475
25611,Normal_Weight,2.425
25612,Normal_Weight,0.015
25613,Normal_Weight,4.0
25614,Normal_Weight,2.1725
25615,Normal_Weight,5.495
25616,Normal_Weight,3.44
25617,Normal_Weight,0.0025
25618,Normal_Weight,0.2625
25619,Normal_Weight,4.8825
25620,Normal_Weight,5.3
25621,Normal_Weight,5.8475
25622,Normal_Weight,4.0
25623,Normal_Weight,5.4525
25624,Normal_Weight,2.9475
25625,Normal_Weight,2.755
25626,Normal_Weight,5.0825
25627,Normal_Weight,3.695
25628,Normal_Weight,5.4375
25629,Normal_Weight,4.76
25630,Normal_Weight,3.9325
25631,Normal_Weight,2.99
25632,Normal_Weight,2.1675
25633,Normal_Weight,5.1625
25634,Normal_Weight,0.005
25635,Normal_Weight,2.42
25636,Normal_Weight,4.0
25637,Normal_Weight,4.0
25638,Normal_Weight,5.0725
25639,Normal_Weight,4.025
25640,Normal_Weight,4.125
25641,Normal_Weight,3.32
25642,Normal_Weight,0.4425
25643,Normal_Weight,0.0
25644,Normal_Weight,4.065
25645,Normal_Weight,2.8675
25646,Normal_Weight,3.325
25647,Normal_Weight,5.655
25648,Normal_Weight,5.8075
25649,Normal_Weight,0.0
25650,Normal_Weight,2.5375
25651,Normal_Weight,5.2325
25652,Normal_Weight,4.0
25653,Normal_Weight,0.23
25654,Normal_Weight,4.0
25655,Normal_Weight,5.42
25656,Normal_Weight,4.0
25657,Normal_Weight,2.01
25658,Normal_Weight,4.6025
25659,Normal_Weight,2.685
25660,Normal_Weight,4.0
25661,Normal_Weight,0.24
25662,Normal_Weight,1.5925
25663,Normal_Weight,0.81
25664,Normal_Weight,4.0
25665,Normal_Weight,3.1175
25666,Normal_Weight,2.99
25667,Normal_Weight,4.0
25668,Normal_Weight,5.3525
25669,Normal_Weight,0.745
25670,Normal_Weight,1.9775
25671,Normal_Weight,0.0025
25672,Normal_Weight,4.37
25673,Normal_Weight,2.54
25674,Normal_Weight,4.0
25675,Normal_Weight,4.4725
25676,Normal_Weight,4.0
25677,Normal_Weight,1.955
25678,Normal_Weight,0.99
25679,Normal_Weight,4.0
25680,Normal_Weight,2.6
25681,Normal_Weight,5.8175
25682,Normal_Weight,1.12
25683,Normal_Weight,2.0925
25684,Normal_Weight,2.845
25685,Normal_Weight,4.0
25686,Normal_Weight,4.9025
25687,Normal_Weight,2.2625
25688,Normal_Weight,5.23
25689,Normal_Weight,1.4125
25690,Normal_Weight,2.7775
25691,Normal_Weight,1.3525
25692,Normal_Weight,1.4925
25693,Normal_Weight,2.9325
25694,Normal_Weight,0.1975
25695,Normal_Weight,5.6625
25696,Normal_Weight,4.7925
25697,Normal_Weight,0.0125
25698,Normal_Weight,2.97
25699,Normal_Weight,1.1975
25700,Normal_Weight,0.005
25701,Normal_Weight,0.0125
25702,Normal_Weight,4.0
25703,Normal_Weight,4.0
25704,Normal_Weight,0.38
25705,Normal_Weight,2.99
25706,Normal_Weight,2.78
25707,Normal_Weight,4.0
25708,Normal_Weight,3.02
25709,Normal_Weight,0.8325
25710,Normal_Weight,4.5825
25711,Normal_Weight,2.105
25712,Normal_Weight,0.7825
25713,Normal_Weight,2.9825
25714,Normal_Weight,2.15
25715,Normal_Weight,3.7875
25716,Normal_Weight,2.96
25717,Normal_Weight,0.065
25718,Normal_Weight,4.7975
25719,Normal_Weight,0.92
25720,Normal_Weight,4.0
25721,Normal_Weight,4.085
25722,Normal_Weight,1.3025
25723,Normal_Weight,4.0
25724,Normal_Weight,4.455
25725,Normal_Weight,2.98
25726,Normal_Weight,4.6825
25727,Normal_Weight,4.0
25728,Normal_Weight,5.275
25729,Normal_Weight,4.0
25730,Normal_Weight,3.3025
25731,Normal_Weight,4.725
25732,Normal_Weight,5.17
25733,Normal_Weight,4.4675
25734,Normal_Weight,4.0
25735,Normal_Weight,2.9175
25736,Normal_Weight,2.985
25737,Normal_Weight,2.985
25738,Normal_Weight,3.1875
25739,Normal_Weight,3.0
25740,Normal_Weight,3.0
25741,Normal_Weight,1.205
25742,Normal_Weight,0.0475
25743,Normal_Weight,4.0
25744,Normal_Weight,2.9975
25745,Normal_Weight,0.0325
25746,Normal_Weight,4.0
25747,Normal_Weight,0.07
25748,Normal_Weight,1.245
25749,Normal_Weight,4.77
25750,Normal_Weight,3.4225
25751,Normal_Weight,4.0
25752,Normal_Weight,3.0
25753,Normal_Weight,5.055
25754,Normal_Weight,4.585
25755,Normal_Weight,4.0
25756,Normal_Weight,1.0875
25757,Normal_Weight,0.9975
25758,Normal_Weight,3.175
25759,Normal_Weight,0.255
25760,Normal_Weight,0.605
25761,Normal_Weight,4.0
25762,Normal_Weight,4.0
25763,Normal_Weight,2.9225
25764,Normal_Weight,5.105
25765,Normal_Weight,4.0
25766,Normal_Weight,3.095
25767,Normal_Weight,2.9625
25768,Normal_Weight,4.0
25769,Normal_Weight,2.6175
25770,Normal_Weight,5.0375
25771,Normal_Weight,4.0
25772,Normal_Weight,2.8375
25773,Normal_Weight,4.0
25774,Normal_Weight,2.46
25775,Normal_Weight,3.745
25776,Normal_Weight,2.9275
25777,Normal_Weight,3.0
25778,Normal_Weight,0.0
25779,Normal_Weight,4.0
25780,Normal_Weight,2.3525
25781,Normal_Weight,4.5975
25782,Normal_Weight,2.545
25783,Normal_Weight,4.0
25784,Normal_Weight,4.0
25785,Normal_Weight,2.9125
25786,Normal_Weight,2.55
25787,Normal_Weight,2.9975
25788,Normal_Weight,4.0
25789,Normal_Weight,3.265
25790,Normal_Weight,0.065
25791,Normal_Weight,2.89
25792,Normal_Weight,5.745
25793,Normal_Weight,2.1675
25794,Normal_Weight,3.0625
25795,Normal_Weight,3.295
25796,Normal_Weight,2.99
25797,Normal_Weight,4.7925
25798,Normal_Weight,0.785
25799,Normal_Weight,4.645
25800,Normal_Weight,5.14
25801,Normal_Weight,4.0
25802,Normal_Weight,3.0
25803,Normal_Weight,5.27
25804,Normal_Weight,5.73
25805,Normal_Weight,1.1
25806,Normal_Weight,1.0225
25807,Normal_Weight,3.4375
25808,Normal_Weight,3.3275
25809,Normal_Weight,3.0
25810,Normal_Weight,4.0
25811,Normal_Weight,5.86
25812,Normal_Weight,1.575
25813,Normal_Weight,4.23
25814,Normal_Weight,2.9175
25815,Normal_Weight,0.1775
25816,Normal_Weight,5.52
25817,Normal_Weight,2.1825
25818,Normal_Weight,0.0
25819,Normal_Weight,0.8375
25820,Normal_Weight,3.0
25821,Normal_Weight,0.51
25822,Normal_Weight,0.1375
25823,Normal_Weight,4.645
25824,Normal_Weight,0.3
25825,Normal_Weight,4.0
25826,Normal_Weight,4.0
25827,Normal_Weight,1.36
25828,Normal_Weight,2.755
25829,Normal_Weight,2.815
25830,Normal_Weight,2.9975
25831,Normal_Weight,3.5075
25832,Normal_Weight,4.0
25833,Normal_Weight,4.0
25834,Normal_Weight,3.0
25835,Normal_Weight,2.9
25836,Normal_Weight,2.9375
25837,Normal_Weight,0.445
25838,Normal_Weight,4.0
25839,Normal_Weight,5.38
25840,Normal_Weight,5.035
25841,Normal_Weight,5.7775
25842,Normal_Weight,5.1175
25843,Normal_Weight,2.025
25844,Normal_Weight,4.0
25845,Normal_Weight,5.2225
25846,Normal_Weight,0.04
25847,Normal_Weight,3.48
25848,Normal_Weight,2.78
25849,Normal_Weight,0.0025
25850,Normal_Weight,0.985
25851,Normal_Weight,4.0
25852,Normal_Weight,3.4625
25853,Normal_Weight,2.14
25854,Normal_Weight,1.0275
25855,Normal_Weight,2.785
25856,Normal_Weight,2.9825
25857,Normal_Weight,2.9425
25858,Normal_Weight,5.8
25859,Normal_Weight,0.005
25860,Normal_Weight,4.3275
25861,Normal_Weight,4.2975
25862,Normal_Weight,4.0
25863,Normal_Weight,0.015
25864,Normal_Weight,2.72
25865,Normal_Weight,2.9575
25866,Normal_Weight,4.0
25867,Normal_Weight,2.4875
25868,Normal_Weight,2.3675
25869,Normal_Weight,2.8525
25870,Normal_Weight,4.0
25871,Normal_Weight,0.0025
25872,Normal_Weight,0.59
25873,Normal_Weight,1.8725
25874,Normal_Weight,4.0
25875,Normal_Weight,5.0375
25876,Normal_Weight,0.04
25877,Normal_Weight,0.045
25878,Normal_Weight,1.27
25879,Normal_Weight,2.9925
25880,Normal_Weight,4.0
25881,Normal_Weight,0.025
25882,Normal_Weight,4.0
25883,Normal_Weight,1.5525
25884,Normal_Weight,3.685
25885,Normal_Weight,4.0
25886,Normal_Weight,4.0
25887,Normal_Weight,3.555
25888,Normal_Weight,5.84
25889,Normal_Weight,4.1
25890,Normal_Weight,3.0
25891,Normal_Weight,3.6075
25892,Normal_Weight,2.3975
25893,Normal_Weight,0.9525
25894,Normal_Weight,4.9725
25895,Normal_Weight,3.485
25896,Normal_Weight,2.3275
25897,Normal_Weight,4.0
25898,Normal_Weight,3.8825
25899,Normal_Weight,1.08
25900,Normal_Weight,5.7975
25901,Normal_Weight,4.0
25902,Normal_Weight,2.7275
25903,Normal_Weight,4.0
25904,Normal_Weight,2.6175
25905,Normal_Weight,4.0
25906,Normal_Weight,0.025
25907,Normal_Weight,0.655
25908,Normal_Weight,4.14
25909,Normal_Weight,2.78
25910,Normal_Weight,2.9575
25911,Normal_Weight,3.9975
25912,Normal_Weight,4.0
25913,Normal_Weight,3.025
25914,Normal_Weight,4.0
25915,Normal_Weight,2.3575
25916,Normal_Weight,5.1675
25917,Normal_Weight,3.735
25918,Normal_Weight,3.0225
25919,Normal_Weight,4.23
25920,Normal_Weight,4.0
25921,Normal_Weight,2.0
25922,Normal_Weight,3.125
25923,Normal_Weight,2.71
25924,Normal_Weight,4.6325
25925,Normal_Weight,0.0
25926,Normal_Weight,3.0
25927,Normal_Weight,4.0
25928,Normal_Weight,2.97
25929,Normal_Weight,2.265
25930,Normal_Weight,4.0
25931,Normal_Weight,4.18
25932,Normal_Weight,0.1675
25933,Normal_Weight,0.0125
25934,Normal_Weight,2.245
25935,Normal_Weight,4.65
25936,Normal_Weight,4.0
25937,Normal_Weight,3.865
25938,Normal_Weight,2.605
25939,Normal_Weight,0.1125
25940,Normal_Weight,4.0
25941,Normal_Weight,5.83
25942,Normal_Weight,0.1375
25943,Normal_Weight,0.65
25944,Normal_Weight,3.0075
25945,Normal_Weight,3.33
25946,Normal_Weight,0.38
25947,Normal_Weight,4.0
25948,Normal_Weight,1.12
25949,Normal_Weight,2.97
25950,Normal_Weight,2.56
25951,Normal_Weight,2.0075
25952,Normal_Weight,4.0
25953,Normal_Weight,2.365
25954,Normal_Weight,3.775
25955,Normal_Weight,2.7825
25956,Normal_Weight,4.0
25957,Normal_Weight,3.9825
25958,Normal_Weight,2.5075
25959,Normal_Weight,5.2675
25960,Normal_Weight,0.37
25961,Normal_Weight,2.075
25962,Normal_Weight,2.8825
25963,Normal_Weight,1.11
25964,Normal_Weight,4.0
25965,Normal_Weight,5.185
25966,Normal_Weight,4.355
25967,Normal_Weight,5.1825
25968,Normal_Weight,3.5025
25969,Normal_Weight,0.015
25970,Normal_Weight,3.9375
25971,Normal_Weight,2.9525
25972,Normal_Weight,0.645
25973,Normal_Weight,2.9975
25974,Normal_Weight,2.9925
25975,Normal_Weight,1.185
25976,Normal_Weight,2.1975
25977,Normal_Weight,4.0
25978,Normal_Weight,2.8425
25979,Normal_Weight,5.885
25980,Normal_Weight,0.08
25981,Normal_Weight,4.0
25982,Normal_Weight,3.9825
25983,Normal_Weight,0.09
25984,Normal_Weight,2.745
25985,Normal_Weight,4.0
25986,Normal_Weight,4.0
25987,Normal_Weight,3.985
25988,Normal_Weight,5.0075
25989,Normal_Weight,2.125
25990,Normal_Weight,3.9225
25991,Normal_Weight,4.0
25992,Normal_Weight,2.8675
25993,Normal_Weight,3.025
25994,Normal_Weight,4.8025
25995,Normal_Weight,0.0
25996,Normal_Weight,4.0
25997,Normal_Weight,2.9975
25998,Normal_Weight,3.9325
25999,Normal_Weight,2.355
26000,Normal_Weight,3.0475
26001,Normal_Weight,3.035
26002,Normal_Weight,2.9975
26003,Normal_Weight,4.97
26004,Normal_Weight,3.3525
26005,Normal_Weight,4.0
26006,Normal_Weight,0.0625
26007,Normal_Weight,2.5175
26008,Normal_Weight,4.0
26009,Normal_Weight,4.0
26010,Normal_Weight,2.0075
26011,Normal_Weight,4.0
26012,Normal_Weight,4.0
26013,Normal_Weight,3.3275
26014,Normal_Weight,4.0
26015,Normal_Weight,4.6325
26016,Normal_Weight,2.9175
26017,Normal_Weight,2.42
26018,Normal_Weight,3.0
26019,Normal_Weight,4.15
26020,Normal_Weight,0.24
26021,Normal_Weight,1.6825
26022,Normal_Weight,4.5375
26023,Normal_Weight,5.435
26024,Normal_Weight,5.86
26025,Normal_Weight,2.4625
26026,Normal_Weight,2.04
26027,Normal_Weight,1.54
26028,Normal_Weight,4.815
26029,Normal_Weight,4.0
26030,Normal_Weight,0.1875
26031,Normal_Weight,4.3675
26032,Normal_Weight,0.425
26033,Normal_Weight,0.8625
26034,Normal_Weight,2.5575
26035,Normal_Weight,4.6175
26036,Normal_Weight,5.955
26037,Normal_Weight,3.045
26038,Normal_Weight,4.0
26039,Normal_Weight,0.175
26040,Normal_Weight,2.825
26041,Normal_Weight,2.275
26042,Normal_Weight,5.62
26043,Normal_Weight,3.945
26044,Normal_Weight,4.63
26045,Normal_Weight,0.5825
26046,Normal_Weight,1.285
26047,Normal_Weight,2.9775
26048,Normal_Weight,0.9925
26049,Normal_Weight,4.1875
26050,Normal_Weight,3.44
26051,Normal_Weight,2.9825
26052,Normal_Weight,2.995
26053,Normal_Weight,5.805
26054,Normal_Weight,4.3375
26055,Normal_Weight,2.995
26056,Normal_Weight,0.6525
26057,Normal_Weight,0.19
26058,Normal_Weight,0.69
26059,Normal_Weight,3.735
26060,Normal_Weight,2.3925
26061,Normal_Weight,4.4125
26062,Normal_Weight,5.7275
26063,Normal_Weight,2.53
26064,Normal_Weight,1.0025
26065,Normal_Weight,2.8175
26066,Normal_Weight,4.5425
26067,Normal_Weight,2.755
26068,Normal_Weight,4.0
26069,Normal_Weight,0.005
26070,Normal_Weight,4.0
26071,Normal_Weight,3.0
26072,Normal_Weight,1.1975
26073,Normal_Weight,3.0
26074,Normal_Weight,2.9675
26075,Normal_Weight,5.2075
26076,Normal_Weight,0.1475
26077,Normal_Weight,1.485
26078,Normal_Weight,4.0
26079,Normal_Weight,4.0
26080,Normal_Weight,4.06
26081,Normal_Weight,2.3825
26082,Normal_Weight,0.1525
26083,Normal_Weight,0.0275
26084,Normal_Weight,4.395
26085,Normal_Weight,1.0
26086,Normal_Weight,0.47
26087,Normal_Weight,4.0
26088,Normal_Weight,5.8875
26089,Normal_Weight,2.45
26090,Normal_Weight,2.9325
26091,Normal_Weight,0.25
26092,Normal_Weight,2.7425
26093,Normal_Weight,1.205
26094,Normal_Weight,2.9275
26095,Normal_Weight,2.9325
26096,Normal_Weight,0.99
26097,Normal_Weight,3.0
26098,Normal_Weight,3.1625
26099,Normal_Weight,3.0
26100,Normal_Weight,0.855
26101,Normal_Weight,2.985
26102,Normal_Weight,2.985
26103,Normal_Weight,4.0
26104,Normal_Weight,1.4025
26105,Normal_Weight,2.8375
26106,Normal_Weight,3.995
26107,Normal_Weight,5.8675
26108,Normal_Weight,4.55
26109,Normal_Weight,4.0
26110,Normal_Weight,4.145
26111,Normal_Weight,4.0
26112,Normal_Weight,1.805
26113,Normal_Weight,4.0
26114,Normal_Weight,3.0
26115,Normal_Weight,0.5875
26116,Normal_Weight,4.0
26117,Normal_Weight,3.27
26118,Normal_Weight,3.3725
26119,Normal_Weight,4.0
26120,Normal_Weight,0.2225
26121,Normal_Weight,4.0
26122,Normal_Weight,5.8125
26123,Normal_Weight,2.8075
26124,Normal_Weight,0.955
26125,Normal_Weight,4.0
26126,Normal_Weight,2.38
26127,Normal_Weight,5.13
26128,Normal_Weight,1.1875
26129,Normal_Weight,5.5375
26130,Normal_Weight,2.05
26131,Normal_Weight,2.2275
26132,Normal_Weight,4.0
26133,Normal_Weight,3.2175
26134,Normal_Weight,2.47
26135,Normal_Weight,3.645
26136,Normal_Weight,4.0
26137,Normal_Weight,0.7825
26138,Normal_Weight,5.585
26139,Normal_Weight,4.0
26140,Normal_Weight,4.675
26141,Normal_Weight,1.6475
26142,Normal_Weight,5.1575
26143,Normal_Weight,2.4875
26144,Normal_Weight,3.0475
26145,Normal_Weight,3.67
26146,Normal_Weight,5.7575
26147,Normal_Weight,4.3675
26148,Normal_Weight,4.32
26149,Normal_Weight,2.5575
26150,Normal_Weight,4.0
26151,Normal_Weight,4.65
26152,Normal_Weight,4.0
26153,Normal_Weight,3.9125
26154,Normal_Weight,3.2125
26155,Normal_Weight,2.9225
26156,Normal_Weight,5.0775
26157,Normal_Weight,3.1375
26158,Normal_Weight,5.125
26159,Normal_Weight,3.9225
26160,Normal_Weight,0.0625
26161,Normal_Weight,2.43
26162,Normal_Weight,5.2025
26163,Normal_Weight,2.97
26164,Normal_Weight,4.0675
26165,Normal_Weight,4.9175
26166,Normal_Weight,4.0
26167,Normal_Weight,4.0
26168,Normal_Weight,2.9725
26169,Normal_Weight,3.6825
26170,Normal_Weight,2.835
26171,Normal_Weight,0.36
26172,Normal_Weight,0.0075
26173,Normal_Weight,3.0
26174,Normal_Weight,1.0225
26175,Normal_Weight,0.01
26176,Normal_Weight,1.0375
26177,Normal_Weight,3.4025
26178,Normal_Weight,0.6175
26179,Normal_Weight,4.415
26180,Normal_Weight,4.1175
26181,Normal_Weight,0.2
26182,Normal_Weight,4.67
26183,Normal_Weight,3.6025
26184,Normal_Weight,0.7575
26185,Normal_Weight,5.12
26186,Normal_Weight,4.945
26187,Normal_Weight,4.0
26188,Normal_Weight,0.0
26189,Normal_Weight,3.0
26190,Normal_Weight,3.4775
26191,Normal_Weight,0.2125
26192,Normal_Weight,2.4375
26193,Normal_Weight,3.975
26194,Normal_Weight,5.7625
26195,Normal_Weight,5.755
26196,Normal_Weight,4.0
26197,Normal_Weight,0.6675
26198,Normal_Weight,0.025
26199,Normal_Weight,0.07
26200,Normal_Weight,0.0025
26201,Normal_Weight,2.4925
26202,Normal_Weight,1.0
26203,Normal_Weight,3.0
26204,Normal_Weight,2.0075
26205,Normal_Weight,2.35
26206,Normal_Weight,4.925
26207,Normal_Weight,4.0
26208,Normal_Weight,5.4575
26209,Normal_Weight,2.1175
26210,Normal_Weight,4.0925
26211,Normal_Weight,5.26
26212,Normal_Weight,2.84
26213,Normal_Weight,4.0
26214,Normal_Weight,0.6925
26215,Normal_Weight,2.55
26216,Normal_Weight,2.9525
26217,Normal_Weight,2.7625
26218,Normal_Weight,2.9975
26219,Normal_Weight,5.065
26220,Normal_Weight,4.0
26221,Normal_Weight,4.0
26222,Normal_Weight,4.0175
26223,Normal_Weight,2.4625
26224,Normal_Weight,2.9675
26225,Normal_Weight,3.59
26226,Normal_Weight,3.5925
26227,Normal_Weight,4.0
26228,Normal_Weight,5.0075
26229,Normal_Weight,4.24
26230,Normal_Weight,0.1325
26231,Normal_Weight,2.96
26232,Normal_Weight,0.74
26233,Normal_Weight,1.205
26234,Normal_Weight,3.3525
26235,Normal_Weight,4.045
26236,Normal_Weight,2.995
26237,Normal_Weight,4.34
26238,Normal_Weight,4.0
26239,Normal_Weight,0.23
26240,Normal_Weight,1.6925
26241,Normal_Weight,2.665
26242,Normal_Weight,4.0
26243,Normal_Weight,2.95
26244,Normal_Weight,0.515
26245,Normal_Weight,0.605
26246,Normal_Weight,2.085
26247,Normal_Weight,5.215
26248,Normal_Weight,3.365
26249,Normal_Weight,4.05
26250,Normal_Weight,1.185
26251,Normal_Weight,0.675
26252,Normal_Weight,0.115
26253,Normal_Weight,3.615
26254,Normal_Weight,4.0
26255,Normal_Weight,4.035
26256,Normal_Weight,2.56
26257,Normal_Weight,4.0
26258,Normal_Weight,1.0025
26259,Normal_Weight,0.93
26260,Normal_Weight,2.26
26261,Normal_Weight,5.495
26262,Normal_Weight,5.505
26263,Normal_Weight,2.9825
26264,Normal_Weight,4.0
26265,Normal_Weight,2.985
26266,Normal_Weight,4.0
26267,Normal_Weight,2.9975
26268,Normal_Weight,4.0
26269,Normal_Weight,4.4475
26270,Normal_Weight,4.0
26271,Normal_Weight,3.855
26272,Normal_Weight,4.0
26273,Normal_Weight,0.0075
26274,Normal_Weight,2.995
26275,Normal_Weight,0.535
26276,Normal_Weight,4.27
26277,Normal_Weight,1.355
26278,Normal_Weight,4.0
26279,Normal_Weight,2.7575
26280,Normal_Weight,4.0
26281,Normal_Weight,4.225
26282,Normal_Weight,4.95
26283,Normal_Weight,3.92
26284,Normal_Weight,3.98
26285,Normal_Weight,0.0325
26286,Normal_Weight,0.5575
26287,Normal_Weight,0.13
26288,Normal_Weight,2.9375
26289,Normal_Weight,2.98
26290,Normal_Weight,1.3925
26291,Normal_Weight,4.0
26292,Normal_Weight,3.635
26293,Normal_Weight,2.97
26294,Normal_Weight,3.0
26295,Normal_Weight,0.1175
26296,Normal_Weight,2.3975
26297,Normal_Weight,4.63
26298,Normal_Weight,4.0
26299,Normal_Weight,0.37
26300,Normal_Weight,4.0
26301,Normal_Weight,2.0225
26302,Normal_Weight,5.52
26303,Normal_Weight,0.1875
26304,Normal_Weight,3.98
26305,Normal_Weight,0.1525
26306,Normal_Weight,4.98
26307,Normal_Weight,5.4175
26308,Normal_Weight,1.8825
26309,Normal_Weight,0.9825
26310,Normal_Weight,2.9375
26311,Normal_Weight,4.0
26312,Normal_Weight,5.01
26313,Normal_Weight,4.7925
26314,Normal_Weight,2.99
26315,Normal_Weight,3.63
26316,Normal_Weight,2.56
26317,Normal_Weight,0.8525
26318,Normal_Weight,2.93
26319,Normal_Weight,4.56
26320,Normal_Weight,4.0
26321,Normal_Weight,4.67
26322,Normal_Weight,0.035
26323,Normal_Weight,2.9975
26324,Normal_Weight,4.7225
26325,Normal_Weight,0.0075
26326,Normal_Weight,4.3125
26327,Normal_Weight,0.3175
26328,Normal_Weight,0.0325
26329,Normal_Weight,2.34
26330,Normal_Weight,0.055
26331,Normal_Weight,3.91
26332,Normal_Weight,4.0
26333,Normal_Weight,0.02
26334,Normal_Weight,4.0
26335,Normal_Weight,5.74
26336,Normal_Weight,3.9425
26337,Normal_Weight,2.2225
26338,Normal_Weight,4.92
26339,Normal_Weight,2.9375
26340,Normal_Weight,4.0
26341,Normal_Weight,4.6375
26342,Normal_Weight,0.0025
26343,Normal_Weight,4.0
26344,Normal_Weight,1.0725
26345,Normal_Weight,4.0
26346,Normal_Weight,1.2925
26347,Normal_Weight,2.9975
26348,Normal_Weight,3.495
26349,Normal_Weight,5.8175
26350,Normal_Weight,4.0
26351,Normal_Weight,0.1175
26352,Normal_Weight,1.7125
26353,Normal_Weight,2.555
26354,Normal_Weight,0.3375
26355,Normal_Weight,3.0
26356,Normal_Weight,3.0675
26357,Normal_Weight,4.0
26358,Normal_Weight,5.745
26359,Normal_Weight,2.9975
26360,Normal_Weight,4.0
26361,Normal_Weight,5.7875
26362,Normal_Weight,3.0
26363,Normal_Weight,4.135
26364,Normal_Weight,3.7125
26365,Normal_Weight,4.45
26366,Normal_Weight,3.3875
26367,Normal_Weight,4.0
26368,Normal_Weight,2.3175
26369,Normal_Weight,4.0
26370,Normal_Weight,4.2725
26371,Normal_Weight,5.5775
26372,Normal_Weight,4.0
26373,Normal_Weight,2.3325
26374,Normal_Weight,4.7325
26375,Normal_Weight,3.2875
26376,Normal_Weight,0.02
26377,Normal_Weight,4.865
26378,Normal_Weight,0.65
26379,Normal_Weight,5.905
26380,Normal_Weight,2.915
26381,Normal_Weight,4.0
26382,Normal_Weight,4.8925
26383,Normal_Weight,4.0
26384,Normal_Weight,2.325
26385,Normal_Weight,5.825
26386,Normal_Weight,2.9325
26387,Normal_Weight,4.74
26388,Normal_Weight,5.08
26389,Normal_Weight,1.185
26390,Normal_Weight,5.0275
26391,Normal_Weight,4.8075
26392,Normal_Weight,4.0
26393,Normal_Weight,2.54
26394,Normal_Weight,2.575
26395,Normal_Weight,2.41
26396,Normal_Weight,5.045
26397,Normal_Weight,2.9425
26398,Normal_Weight,4.0
26399,Normal_Weight,4.0
26400,Normal_Weight,4.0
26401,Normal_Weight,3.5825
26402,Normal_Weight,2.3625
26403,Normal_Weight,0.02
26404,Normal_Weight,4.0
26405,Normal_Weight,2.2575
26406,Normal_Weight,1.2175
26407,Normal_Weight,2.01
26408,Normal_Weight,4.0
26409,Normal_Weight,1.6875
26410,Normal_Weight,3.225
26411,Normal_Weight,4.0
26412,Normal_Weight,3.4375
26413,Normal_Weight,5.7175
26414,Normal_Weight,1.815
26415,Normal_Weight,4.25
26416,Normal_Weight,3.63
26417,Normal_Weight,2.555
26418,Normal_Weight,5.8325
26419,Normal_Weight,0.1625
26420,Normal_Weight,0.9925
26421,Normal_Weight,2.9475
26422,Normal_Weight,4.0
26423,Normal_Weight,5.3025
26424,Normal_Weight,5.5
26425,Normal_Weight,5.54
26426,Normal_Weight,3.0
26427,Normal_Weight,3.705
26428,Normal_Weight,4.3575
26429,Normal_Weight,1.095
26430,Normal_Weight,2.5425
26431,Normal_Weight,2.725
26432,Normal_Weight,0.09
26433,Normal_Weight,2.94
26434,Normal_Weight,3.945
26435,Normal_Weight,3.7825
26436,Normal_Weight,2.98
26437,Normal_Weight,2.7825
26438,Normal_Weight,3.0
26439,Normal_Weight,5.0275
26440,Normal_Weight,2.99
26441,Normal_Weight,1.9325
26442,Normal_Weight,0.3075
26443,Normal_Weight,1.185
26444,Normal_Weight,2.94
26445,Normal_Weight,0.2375
26446,Normal_Weight,5.65
26447,Normal_Weight,5.0075
26448,Normal_Weight,2.68
26449,Normal_Weight,1.005
26450,Normal_Weight,3.5
26451,Normal_Weight,0.0525
26452,Normal_Weight,2.4275
26453,Normal_Weight,1.0
26454,Normal_Weight,1.6675
26455,Normal_Weight,5.9
26456,Normal_Weight,3.445
26457,Normal_Weight,4.85
26458,Normal_Weight,2.575
26459,Normal_Weight,4.9425
26460,Normal_Weight,2.9475
26461,Normal_Weight,5.8325
26462,Normal_Weight,4.1125
26463,Normal_Weight,4.0
26464,Normal_Weight,5.74
26465,Normal_Weight,2.9825
26466,Normal_Weight,4.0
26467,Normal_Weight,2.73
26468,Normal_Weight,4.0
26469,Normal_Weight,2.7425
26470,Normal_Weight,2.9225
26471,Normal_Weight,0.0225
26472,Normal_Weight,4.0
26473,Normal_Weight,5.8925
26474,Normal_Weight,2.8025
26475,Normal_Weight,2.9125
26476,Normal_Weight,1.38
26477,Normal_Weight,4.635
26478,Normal_Weight,2.565
26479,Normal_Weight,0.6375
26480,Normal_Weight,2.435
26481,Normal_Weight,5.2875
26482,Normal_Weight,0.0625
26483,Normal_Weight,3.9625
26484,Normal_Weight,2.5575
26485,Normal_Weight,0.07
26486,Normal_Weight,4.0
26487,Normal_Weight,3.355
26488,Normal_Weight,4.0
26489,Normal_Weight,0.1675
26490,Normal_Weight,4.0
26491,Normal_Weight,1.2375
26492,Normal_Weight,0.0
26493,Normal_Weight,1.235
26494,Normal_Weight,1.3525
26495,Normal_Weight,4.0
26496,Normal_Weight,5.17
26497,Normal_Weight,2.475
26498,Normal_Weight,5.0075
26499,Normal_Weight,3.4225
26500,Normal_Weight,2.805
26501,Normal_Weight,3.2875
26502,Normal_Weight,4.0
26503,Normal_Weight,3.0
26504,Normal_Weight,3.99
26505,Normal_Weight,4.0
26506,Normal_Weight,5.89
26507,Normal_Weight,5.165
26508,Normal_Weight,4.0
26509,Normal_Weight,3.0
26510,Normal_Weight,4.6175
26511,Normal_Weight,4.6675
26512,Normal_Weight,3.57
26513,Normal_Weight,4.6475
26514,Normal_Weight,4.8975
26515,Normal_Weight,3.04
26516,Normal_Weight,2.9475
26517,Normal_Weight,4.0225
26518,Normal_Weight,3.68
26519,Normal_Weight,0.31
26520,Normal_Weight,0.0125
26521,Normal_Weight,2.5025
26522,Normal_Weight,3.0
26523,Normal_Weight,4.0
26524,Normal_Weight,5.2075
26525,Normal_Weight,5.285
26526,Normal_Weight,0.595
26527,Normal_Weight,4.985
26528,Normal_Weight,1.265
26529,Normal_Weight,5.475
26530,Normal_Weight,5.555
26531,Normal_Weight,5.35
26532,Normal_Weight,2.29
26533,Normal_Weight,5.1775
26534,Normal_Weight,0.8625
26535,Normal_Weight,1.1975
26536,Normal_Weight,4.0
26537,Normal_Weight,5.1975
26538,Normal_Weight,5.3675
26539,Normal_Weight,4.0
26540,Normal_Weight,4.0
26541,Normal_Weight,1.2475
26542,Normal_Weight,4.6075
26543,Normal_Weight,1.195
26544,Normal_Weight,5.29
26545,Normal_Weight,2.4475
26546,Normal_Weight,4.37
26547,Normal_Weight,4.63
26548,Normal_Weight,4.0
26549,Normal_Weight,2.9975
26550,Normal_Weight,2.905
26551,Normal_Weight,2.9125
26552,Normal_Weight,4.0
26553,Normal_Weight,3.995
26554,Normal_Weight,4.2475
26555,Normal_Weight,4.0
26556,Normal_Weight,5.14
26557,Normal_Weight,0.0325
26558,Normal_Weight,5.7525
26559,Normal_Weight,4.0
26560,Normal_Weight,3.695
26561,Normal_Weight,4.0
26562,Normal_Weight,3.13
26563,Normal_Weight,2.0
26564,Normal_Weight,0.965
26565,Normal_Weight,4.3675
26566,Normal_Weight,4.11
26567,Normal_Weight,4.0
26568,Normal_Weight,0.025
26569,Normal_Weight,2.6425
26570,Normal_Weight,2.945
26571,Normal_Weight,5.22
26572,Normal_Weight,5.8925
26573,Normal_Weight,0.68
26574,Normal_Weight,4.0
26575,Normal_Weight,1.555
26576,Normal_Weight,0.035
26577,Normal_Weight,4.0
26578,Normal_Weight,4.535
26579,Normal_Weight,1.365
26580,Normal_Weight,3.8975
26581,Normal_Weight,1.205
26582,Normal_Weight,2.995
26583,Normal_Weight,4.0
26584,Normal_Weight,4.0
26585,Normal_Weight,4.68
26586,Normal_Weight,4.0
26587,Normal_Weight,4.0075
26588,Normal_Weight,0.685
26589,Normal_Weight,2.9975
26590,Normal_Weight,4.0
26591,Normal_Weight,4.1475
26592,Normal_Weight,2.5025
26593,Normal_Weight,3.3775
26594,Normal_Weight,2.9175
26595,Normal_Weight,5.6825
26596,Normal_Weight,4.0
26597,Normal_Weight,3.985
26598,Normal_Weight,4.0
26599,Normal_Weight,4.0
26600,Normal_Weight,0.52
26601,Normal_Weight,4.0
26602,Normal_Weight,3.995
26603,Normal_Weight,3.9325
26604,Normal_Weight,0.0275
26605,Normal_Weight,4.76
26606,Normal_Weight,0.16
26607,Normal_Weight,5.795
26608,Normal_Weight,4.0
26609,Normal_Weight,2.89
26610,Normal_Weight,0.5625
26611,Normal_Weight,3.7675
26612,Normal_Weight,1.0
26613,Normal_Weight,4.0
26614,Normal_Weight,4.0
26615,Normal_Weight,5.035
26616,Normal_Weight,4.1875
26617,Normal_Weight,0.2175
26618,Normal_Weight,3.12
26619,Normal_Weight,2.7425
26620,Normal_Weight,0.0
26621,Normal_Weight,4.0
26622,Normal_Weight,4.0
26623,Normal_Weight,0.6875
26624,Normal_Weight,4.0
26625,Normal_Weight,4.0
26626,Normal_Weight,4.4125
26627,Normal_Weight,4.0
26628,Normal_Weight,4.0
26629,Normal_Weight,0.2125
26630,Normal_Weight,2.985
26631,Normal_Weight,4.0
26632,Normal_Weight,0.0525
26633,Normal_Weight,4.0
26634,Normal_Weight,3.08
26635,Normal_Weight,0.0875
26636,Normal_Weight,0.015
26637,Normal_Weight,4.46
26638,Normal_Weight,3.7
26639,Normal_Weight,4.0
26640,Normal_Weight,3.935
26641,Normal_Weight,0.1075
26642,Normal_Weight,2.0
26643,Normal_Weight,1.5975
26644,Normal_Weight,0.045
26645,Normal_Weight,2.745
26646,Normal_Weight,5.5175
26647,Normal_Weight,2.6125
26648,Normal_Weight,4.0
26649,Normal_Weight,4.0
26650,Normal_Weight,2.4725
26651,Normal_Weight,4.0
26652,Normal_Weight,4.0
26653,Normal_Weight,5.92
26654,Normal_Weight,4.6175
26655,Normal_Weight,0.03
26656,Normal_Weight,3.0
26657,Normal_Weight,5.7875
26658,Normal_Weight,2.945
26659,Normal_Weight,0.2
26660,Normal_Weight,3.0
26661,Normal_Weight,2.935
26662,Normal_Weight,4.0
26663,Normal_Weight,2.04
26664,Normal_Weight,2.9875
26665,Normal_Weight,3.715
26666,Normal_Weight,2.9425
26667,Normal_Weight,4.0
26668,Normal_Weight,5.5125
26669,Normal_Weight,2.555
26670,Normal_Weight,5.2175
26671,Normal_Weight,0.005
26672,Normal_Weight,0.9475
26673,Normal_Weight,5.2425
26674,Normal_Weight,4.0
26675,Normal_Weight,4.0
26676,Normal_Weight,5.375
26677,Normal_Weight,3.4675
26678,Normal_Weight,4.0
26679,Normal_Weight,5.585
26680,Normal_Weight,3.5575
26681,Normal_Weight,0.3175
26682,Normal_Weight,3.9975
26683,Normal_Weight,2.9875
26684,Normal_Weight,4.0
26685,Normal_Weight,5.5875
26686,Normal_Weight,2.945
26687,Normal_Weight,0.6825
26688,Normal_Weight,0.6175
26689,Normal_Weight,0.0575
26690,Normal_Weight,4.0
26691,Normal_Weight,2.5475
26692,Normal_Weight,5.7225
26693,Normal_Weight,3.09
26694,Normal_Weight,1.2425
26695,Normal_Weight,4.0
26696,Normal_Weight,2.8575
26697,Normal_Weight,3.9325
26698,Normal_Weight,2.9825
26699,Normal_Weight,4.2225
26700,Normal_Weight,2.155
26701,Normal_Weight,2.43
26702,Normal_Weight,3.98
26703,Normal_Weight,4.0
26704,Normal_Weight,0.295
26705,Normal_Weight,2.83
26706,Normal_Weight,4.0
26707,Normal_Weight,4.4675
26708,Normal_Weight,2.985
26709,Normal_Weight,3.7575
26710,Normal_Weight,0.0925
26711,Normal_Weight,0.03
26712,Normal_Weight,1.1625
26713,Normal_Weight,1.0125
26714,Normal_Weight,4.0
26715,Normal_Weight,4.0
26716,Normal_Weight,2.165
26717,Normal_Weight,1.7325
26718,Normal_Weight,4.0
26719,Normal_Weight,4.8
26720,Normal_Weight,2.9975
26721,Normal_Weight,3.545
26722,Normal_Weight,5.075
26723,Normal_Weight,4.2925
26724,Normal_Weight,2.695
26725,Normal_Weight,4.72
26726,Normal_Weight,4.0
26727,Normal_Weight,4.0
26728,Normal_Weight,3.27
26729,Normal_Weight,5.9025
26730,Normal_Weight,5.72
26731,Normal_Weight,3.835
26732,Normal_Weight,3.0
26733,Normal_Weight,4.94
26734,Normal_Weight,0.0325
26735,Normal_Weight,4.0
26736,Normal_Weight,0.03
26737,Normal_Weight,0.7425
26738,Normal_Weight,2.82
26739,Normal_Weight,2.9725
26740,Normal_Weight,3.0
26741,Normal_Weight,3.7325
26742,Normal_Weight,3.115
26743,Normal_Weight,3.7825
26744,Normal_Weight,4.0
26745,Normal_Weight,5.01
26746,Normal_Weight,4.8775
26747,Normal_Weight,0.0325
26748,Normal_Weight,0.0775
26749,Normal_Weight,2.36
26750,Normal_Weight,4.0
26751,Normal_Weight,2.925
26752,Normal_Weight,4.2675
26753,Normal_Weight,3.9375
26754,Normal_Weight,2.9575
26755,Normal_Weight,0.0
26756,Normal_Weight,4.0
26757,Normal_Weight,0.2575
26758,Normal_Weight,5.8
26759,Normal_Weight,4.0
26760,Normal_Weight,0.1225
26761,Normal_Weight,3.5625
26762,Normal_Weight,2.8325
26763,Normal_Weight,3.8375
26764,Normal_Weight,4.0
26765,Normal_Weight,0.0
26766,Normal_Weight,2.9875
26767,Normal_Weight,2.995
26768,Normal_Weight,4.8875
26769,Normal_Weight,4.865
26770,Normal_Weight,4.0
26771,Normal_Weight,3.76
26772,Normal_Weight,5.7025
26773,Normal_Weight,0.275
26774,Normal_Weight,3.305
26775,Normal_Weight,4.36
26776,Normal_Weight,3.0
26777,Normal_Weight,2.96
26778,Normal_Weight,5.11
26779,Normal_Weight,4.0
26780,Normal_Weight,3.625
26781,Normal_Weight,2.4125
26782,Normal_Weight,4.0
26783,Normal_Weight,5.895
26784,Normal_Weight,4.5575
26785,Normal_Weight,4.0
26786,Normal_Weight,5.7075
26787,Normal_Weight,2.935
26788,Normal_Weight,2.7325
26789,Normal_Weight,4.0
26790,Normal_Weight,0.1575
26791,Normal_Weight,5.8875
26792,Normal_Weight,5.585
26793,Normal_Weight,5.8925
26794,Normal_Weight,2.5475
26795,Normal_Weight,0.0075
26796,Normal_Weight,5.5225
26797,Normal_Weight,4.0
26798,Normal_Weight,2.6925
26799,Normal_Weight,0.5025
26800,Normal_Weight,4.995
26801,Normal_Weight,0.0125
26802,Normal_Weight,2.97
26803,Normal_Weight,4.3025
26804,Normal_Weight,0.51
26805,Normal_Weight,4.3575
26806,Normal_Weight,2.89
26807,Normal_Weight,2.8525
26808,Normal_Weight,0.0025
26809,Normal_Weight,0.9625
26810,Normal_Weight,0.97
26811,Normal_Weight,4.0
26812,Normal_Weight,0.3975
26813,Normal_Weight,4.9375
26814,Normal_Weight,2.88
26815,Normal_Weight,2.9175
26816,Normal_Weight,3.0925
26817,Normal_Weight,2.745
26818,Normal_Weight,0.985
26819,Normal_Weight,2.3
26820,Normal_Weight,3.3725
26821,Normal_Weight,1.035
26822,Normal_Weight,2.98
26823,Normal_Weight,2.5225
26824,Normal_Weight,1.5625
26825,Normal_Weight,4.0
26826,Normal_Weight,5.905
26827,Normal_Weight,3.92
26828,Normal_Weight,4.675
26829,Normal_Weight,0.74
26830,Normal_Weight,5.4175
26831,Normal_Weight,5.7725
26832,Normal_Weight,3.88
26833,Normal_Weight,2.975
26834,Normal_Weight,1.4
26835,Normal_Weight,2.875
26836,Normal_Weight,3.6075
26837,Normal_Weight,2.07
26838,Normal_Weight,4.7475
26839,Normal_Weight,4.0
26840,Normal_Weight,2.6
26841,Normal_Weight,0.3075
26842,Normal_Weight,5.7025
26843,Normal_Weight,0.065
26844,Normal_Weight,1.7025
26845,Normal_Weight,3.785
26846,Normal_Weight,4.0
26847,Normal_Weight,2.6975
26848,Normal_Weight,4.0
26849,Normal_Weight,4.0
26850,Normal_Weight,0.21
26851,Normal_Weight,2.995
26852,Normal_Weight,0.185
26853,Normal_Weight,3.9675
26854,Normal_Weight,3.5375
26855,Normal_Weight,2.1775
26856,Normal_Weight,0.86
26857,Normal_Weight,2.3975
26858,Normal_Weight,2.9925
26859,Normal_Weight,0.9
26860,Normal_Weight,0.1225
26861,Normal_Weight,2.515
26862,Normal_Weight,4.6725
26863,Normal_Weight,0.14
26864,Normal_Weight,4.0
26865,Normal_Weight,0.1025
26866,Normal_Weight,2.9675
26867,Normal_Weight,3.1325
26868,Normal_Weight,2.895
26869,Normal_Weight,4.82
26870,Normal_Weight,4.0
26871,Normal_Weight,2.155
26872,Normal_Weight,4.1025
26873,Normal_Weight,1.0075
26874,Normal_Weight,4.0
26875,Normal_Weight,4.1575
26876,Normal_Weight,4.0
26877,Normal_Weight,4.875
26878,Normal_Weight,4.0
26879,Normal_Weight,4.9125
26880,Normal_Weight,2.89
26881,Normal_Weight,2.985
26882,Normal_Weight,3.11
26883,Normal_Weight,0.89
26884,Normal_Weight,0.0
26885,Normal_Weight,5.86
26886,Normal_Weight,1.045
26887,Normal_Weight,0.1125
26888,Normal_Weight,5.77
26889,Normal_Weight,2.01
26890,Normal_Weight,5.435
26891,Normal_Weight,4.035
26892,Normal_Weight,4.19
26893,Normal_Weight,0.745
26894,Normal_Weight,0.4675
26895,Normal_Weight,4.0
26896,Normal_Weight,0.005
26897,Normal_Weight,2.3275
26898,Normal_Weight,2.935
26899,Normal_Weight,0.135
26900,Normal_Weight,3.5525
26901,Normal_Weight,2.0125
26902,Normal_Weight,0.025
26903,Normal_Weight,0.0675
26904,Normal_Weight,0.1875
26905,Normal_Weight,0.79
26906,Normal_Weight,5.47
26907,Normal_Weight,4.325
26908,Normal_Weight,0.7725
26909,Normal_Weight,0.165
26910,Normal_Weight,4.515
26911,Normal_Weight,3.0
26912,Normal_Weight,4.21
26913,Normal_Weight,3.6025
26914,Normal_Weight,3.0
26915,Normal_Weight,2.7875
26916,Normal_Weight,0.0
26917,Normal_Weight,4.9125
26918,Normal_Weight,4.2975
26919,Normal_Weight,5.6775
26920,Normal_Weight,4.94
26921,Normal_Weight,4.0
26922,Normal_Weight,5.6975
26923,Normal_Weight,3.845
26924,Normal_Weight,5.81
26925,Normal_Weight,4.0
26926,Normal_Weight,4.0
26927,Normal_Weight,4.0
26928,Normal_Weight,2.1025
26929,Normal_Weight,0.315
26930,Normal_Weight,2.765
26931,Normal_Weight,0.5975
26932,Normal_Weight,0.0
26933,Normal_Weight,2.7725
26934,Normal_Weight,2.9575
26935,Normal_Weight,2.99
26936,Normal_Weight,4.245
26937,Normal_Weight,1.195
26938,Normal_Weight,0.57
26939,Normal_Weight,5.7925
26940,Normal_Weight,2.1425
26941,Normal_Weight,2.915
26942,Normal_Weight,2.67
26943,Normal_Weight,3.0
26944,Normal_Weight,4.48
26945,Normal_Weight,5.57
26946,Normal_Weight,4.2975
26947,Normal_Weight,3.4075
26948,Normal_Weight,4.0
26949,Normal_Weight,0.115
26950,Normal_Weight,4.0
26951,Normal_Weight,4.0
26952,Normal_Weight,5.5025
26953,Normal_Weight,3.515
26954,Normal_Weight,2.235
26955,Normal_Weight,0.0025
26956,Normal_Weight,2.02
26957,Normal_Weight,0.075
26958,Normal_Weight,4.0
26959,Normal_Weight,4.0
26960,Normal_Weight,0.4475
26961,Normal_Weight,0.0
26962,Normal_Weight,3.265
26963,Normal_Weight,0.4075
26964,Normal_Weight,3.0
26965,Normal_Weight,1.385
26966,Normal_Weight,4.0
26967,Normal_Weight,5.8275
26968,Normal_Weight,0.975
26969,Normal_Weight,3.9825
26970,Normal_Weight,2.485
26971,Normal_Weight,2.8625
26972,Normal_Weight,1.02
26973,Normal_Weight,4.0
26974,Normal_Weight,1.855
26975,Normal_Weight,4.355
26976,Normal_Weight,2.1625
26977,Normal_Weight,5.2175
26978,Normal_Weight,3.9125
26979,Normal_Weight,2.965
26980,Normal_Weight,0.0
26981,Normal_Weight,4.8575
26982,Normal_Weight,2.1675
26983,Normal_Weight,2.9875
26984,Normal_Weight,3.195
26985,Normal_Weight,4.1
26986,Normal_Weight,0.1475
26987,Normal_Weight,4.0
26988,Normal_Weight,4.0
26989,Normal_Weight,4.7575
26990,Normal_Weight,1.48
26991,Normal_Weight,4.49
26992,Normal_Weight,3.1425
26993,Normal_Weight,0.01
26994,Normal_Weight,0.035
26995,Normal_Weight,4.0
26996,Normal_Weight,4.5125
26997,Normal_Weight,1.11
26998,Normal_Weight,4.0
26999,Normal_Weight,0.72
27000,Normal_Weight,4.605
27001,Normal_Weight,2.85
27002,Normal_Weight,4.0
27003,Normal_Weight,1.02
27004,Normal_Weight,2.8075
27005,Normal_Weight,4.42
27006,Normal_Weight,4.395
27007,Normal_Weight,4.765
27008,Normal_Weight,2.4725
27009,Normal_Weight,2.955
27010,Normal_Weight,2.8925
27011,Normal_Weight,4.7975
27012,Normal_Weight,0.515
27013,Normal_Weight,4.0
27014,Normal_Weight,2.165
27015,Normal_Weight,1.1675
27016,Normal_Weight,4.0
27017,Normal_Weight,4.0
27018,Normal_Weight,4.0
27019,Normal_Weight,5.73
27020,Normal_Weight,2.71
27021,Normal_Weight,2.9975
27022,Normal_Weight,2.665
27023,Normal_Weight,0.275
27024,Normal_Weight,5.645
27025,Normal_Weight,5.7875
27026,Normal_Weight,4.0
27027,Normal_Weight,2.3375
27028,Normal_Weight,2.9475
27029,Normal_Weight,0.0075
27030,Normal_Weight,4.915
27031,Normal_Weight,2.265
27032,Normal_Weight,4.0
27033,Normal_Weight,2.91
27034,Normal_Weight,2.0375
27035,Normal_Weight,5.71
27036,Normal_Weight,3.5575
27037,Normal_Weight,2.155
27038,Normal_Weight,0.3025
27039,Normal_Weight,0.2075
27040,Normal_Weight,0.0275
27041,Normal_Weight,1.465
27042,Normal_Weight,4.0
27043,Normal_Weight,0.0
27044,Normal_Weight,3.9625
27045,Normal_Weight,4.0
27046,Normal_Weight,4.0
27047,Normal_Weight,5.4525
27048,Normal_Weight,5.0175
27049,Normal_Weight,2.0
27050,Normal_Weight,0.0325
27051,Normal_Weight,2.54
27052,Normal_Weight,2.025
27053,Normal_Weight,2.7475
27054,Normal_Weight,4.0
27055,Normal_Weight,1.1875
27056,Normal_Weight,1.3975
27057,Normal_Weight,3.3325
27058,Normal_Weight,4.9975
27059,Normal_Weight,0.8425
27060,Normal_Weight,4.8925
27061,Normal_Weight,4.0
27062,Normal_Weight,3.305
27063,Normal_Weight,5.02
27064,Normal_Weight,4.985
27065,Normal_Weight,4.305
27066,Normal_Weight,0.0
27067,Normal_Weight,4.8475
27068,Normal_Weight,4.0
27069,Normal_Weight,0.875
27070,Normal_Weight,4.2925
27071,Normal_Weight,1.0
27072,Normal_Weight,2.985
27073,Normal_Weight,2.8475
27074,Normal_Weight,5.045
27075,Normal_Weight,4.0
27076,Normal_Weight,3.0025
27077,Normal_Weight,4.0
27078,Normal_Weight,2.28
27079,Normal_Weight,2.9625
27080,Normal_Weight,4.265
27081,Normal_Weight,1.46
27082,Normal_Weight,2.995
27083,Normal_Weight,2.5575
27084,Normal_Weight,1.7775
27085,Normal_Weight,0.02
27086,Normal_Weight,2.94
27087,Normal_Weight,5.695
27088,Normal_Weight,2.035
27089,Normal_Weight,3.2075
27090,Normal_Weight,1.1575
27091,Normal_Weight,0.995
27092,Normal_Weight,4.0
27093,Normal_Weight,2.72
27094,Normal_Weight,2.0475
27095,Normal_Weight,2.04
27096,Normal_Weight,3.5775
27097,Normal_Weight,3.915
27098,Normal_Weight,0.06
27099,Normal_Weight,3.9925
27100,Normal_Weight,4.9925
27101,Normal_Weight,2.515
27102,Normal_Weight,2.8025
27103,Normal_Weight,4.0
27104,Normal_Weight,4.0
27105,Normal_Weight,0.9975
27106,Normal_Weight,3.24
27107,Normal_Weight,5.305
27108,Normal_Weight,2.305
27109,Normal_Weight,1.3475
27110,Normal_Weight,0.1675
27111,Normal_Weight,5.8525
27112,Normal_Weight,1.68
27113,Normal_Weight,1.14
27114,Normal_Weight,4.0
27115,Normal_Weight,4.2375
27116,Normal_Weight,2.975
27117,Normal_Weight,3.81
27118,Normal_Weight,1.0275
27119,Normal_Weight,2.58
27120,Normal_Weight,2.9825
27121,Normal_Weight,4.57
27122,Normal_Weight,5.6525
27123,Normal_Weight,2.985
27124,Normal_Weight,5.6325
27125,Normal_Weight,5.56
27126,Normal_Weight,4.5375
27127,Normal_Weight,0.005
27128,Normal_Weight,0.02
27129,Normal_Weight,4.0
27130,Normal_Weight,1.255
27131,Normal_Weight,3.3225
27132,Normal_Weight,4.0
27133,Normal_Weight,5.74
27134,Normal_Weight,5.7025
27135,Normal_Weight,2.8125
27136,Normal_Weight,0.26
27137,Normal_Weight,1.1075
27138,Normal_Weight,3.295
27139,Normal_Weight,4.0
27140,Normal_Weight,1.6875
27141,Normal_Weight,4.11
27142,Normal_Weight,2.995
27143,Normal_Weight,0.3
27144,Normal_Weight,4.9675
27145,Normal_Weight,4.0
27146,Normal_Weight,4.9625
27147,Normal_Weight,3.0
27148,Normal_Weight,0.1425
27149,Normal_Weight,2.8425
27150,Normal_Weight,2.9325
27151,Normal_Weight,4.0
27152,Normal_Weight,4.7425
27153,Normal_Weight,0.0025
27154,Normal_Weight,2.21
27155,Normal_Weight,2.5275
27156,Normal_Weight,4.9575
27157,Normal_Weight,3.11
27158,Normal_Weight,3.0
27159,Normal_Weight,1.0275
27160,Normal_Weight,4.0
27161,Normal_Weight,4.875
27162,Normal_Weight,2.13
27163,Normal_Weight,4.7725
27164,Normal_Weight,1.5675
27165,Normal_Weight,1.1475
27166,Normal_Weight,3.9825
27167,Normal_Weight,1.4325
27168,Normal_Weight,4.0
27169,Normal_Weight,2.615
27170,Normal_Weight,5.465
27171,Normal_Weight,4.0
27172,Normal_Weight,4.1475
27173,Normal_Weight,0.0275
27174,Normal_Weight,1.5625
27175,Normal_Weight,4.015
27176,Normal_Weight,4.335
27177,Normal_Weight,0.0975
27178,Normal_Weight,5.1275
27179,Normal_Weight,5.705
27180,Normal_Weight,1.2175
27181,Normal_Weight,5.645
27182,Normal_Weight,2.8325
27183,Normal_Weight,3.0
27184,Normal_Weight,4.78
27185,Normal_Weight,3.18
27186,Normal_Weight,1.785
27187,Normal_Weight,2.245
27188,Normal_Weight,0.0425
27189,Normal_Weight,0.3225
27190,Normal_Weight,2.93
27191,Normal_Weight,0.33
27192,Normal_Weight,4.0
27193,Normal_Weight,1.53
27194,Normal_Weight,4.0
27195,Normal_Weight,4.465
27196,Normal_Weight,4.86
27197,Normal_Weight,5.6825
27198,Normal_Weight,4.0
27199,Normal_Weight,5.42
27200,Normal_Weight,3.89
27201,Normal_Weight,4.0
27202,Normal_Weight,4.0
27203,Normal_Weight,0.41
27204,Normal_Weight,4.0
27205,Normal_Weight,4.0
27206,Normal_Weight,2.795
27207,Normal_Weight,1.0125
27208,Normal_Weight,0.0025
27209,Normal_Weight,3.0975
27210,Normal_Weight,0.0025
27211,Normal_Weight,4.0
27212,Normal_Weight,2.99
27213,Normal_Weight,0.0975
27214,Normal_Weight,0.0
27215,Normal_Weight,0.0125
27216,Normal_Weight,3.48
27217,Normal_Weight,0.1175
27218,Normal_Weight,4.0
27219,Normal_Weight,3.845
27220,Normal_Weight,2.3425
27221,Normal_Weight,5.8925
27222,Normal_Weight,2.955
27223,Normal_Weight,2.99
27224,Normal_Weight,4.825
27225,Normal_Weight,5.665
27226,Normal_Weight,0.03
27227,Normal_Weight,0.155
27228,Normal_Weight,2.9925
27229,Normal_Weight,2.8825
27230,Normal_Weight,0.74
27231,Normal_Weight,4.995
27232,Normal_Weight,4.0
27233,Normal_Weight,2.905
27234,Normal_Weight,1.835
27235,Normal_Weight,0.0
27236,Normal_Weight,4.0
27237,Normal_Weight,1.425
27238,Normal_Weight,4.0
27239,Normal_Weight,4.18
27240,Normal_Weight,4.3325
27241,Normal_Weight,4.0
27242,Normal_Weight,3.0
27243,Normal_Weight,4.0
27244,Normal_Weight,5.0825
27245,Normal_Weight,2.01
27246,Normal_Weight,0.0
27247,Normal_Weight,2.9475
27248,Normal_Weight,2.9975
27249,Normal_Weight,0.755
27250,Normal_Weight,4.0875
27251,Normal_Weight,4.0
27252,Normal_Weight,5.7375
27253,Normal_Weight,0.9775
27254,Normal_Weight,4.0
27255,Normal_Weight,2.965
27256,Normal_Weight,0.0025
27257,Normal_Weight,4.0
27258,Normal_Weight,3.0
27259,Normal_Weight,2.105
27260,Normal_Weight,3.6525
27261,Normal_Weight,2.6625
27262,Normal_Weight,4.0
27263,Normal_Weight,0.025
27264,Normal_Weight,2.195
27265,Normal_Weight,4.0
27266,Normal_Weight,2.2775
27267,Normal_Weight,4.7975
27268,Normal_Weight,3.0
27269,Normal_Weight,0.1625
27270,Normal_Weight,5.1175
27271,Normal_Weight,2.04
27272,Normal_Weight,0.0325
27273,Normal_Weight,0.1275
27274,Normal_Weight,2.0
27275,Normal_Weight,2.5625
27276,Normal_Weight,4.995
27277,Normal_Weight,5.715
27278,Normal_Weight,4.0625
27279,Normal_Weight,2.7975
27280,Normal_Weight,4.0
27281,Normal_Weight,3.78
27282,Normal_Weight,4.63
27283,Normal_Weight,5.22
27284,Normal_Weight,0.2025
27285,Normal_Weight,4.57
27286,Normal_Weight,0.2725
27287,Normal_Weight,3.5775
27288,Normal_Weight,4.7925
27289,Normal_Weight,5.4125
27290,Normal_Weight,3.2075
27291,Normal_Weight,1.68
27292,Normal_Weight,2.97
27293,Normal_Weight,4.0
27294,Normal_Weight,0.5975
27295,Normal_Weight,5.0075
27296,Normal_Weight,4.48
27297,Normal_Weight,5.255
27298,Normal_Weight,4.0
27299,Normal_Weight,2.92
27300,Normal_Weight,0.6
27301,Normal_Weight,2.5675
27302,Normal_Weight,2.9975
27303,Normal_Weight,4.5525
27304,Normal_Weight,2.9975
27305,Normal_Weight,3.675
27306,Normal_Weight,4.0
27307,Normal_Weight,0.18
27308,Normal_Weight,4.86
27309,Normal_Weight,1.6125
27310,Normal_Weight,4.2975
27311,Normal_Weight,2.9825
27312,Normal_Weight,3.78
27313,Normal_Weight,0.39
27314,Normal_Weight,1.3025
27315,Normal_Weight,2.37
27316,Normal_Weight,4.0
27317,Normal_Weight,2.99
27318,Normal_Weight,4.0
27319,Normal_Weight,5.585
27320,Normal_Weight,4.0
27321,Normal_Weight,4.145
27322,Normal_Weight,4.0425
27323,Normal_Weight,4.0
27324,Normal_Weight,2.9475
27325,Normal_Weight,3.23
27326,Normal_Weight,0.1175
27327,Normal_Weight,0.01
27328,Normal_Weight,4.0
27329,Normal_Weight,5.575
27330,Normal_Weight,0.99
27331,Normal_Weight,4.0
27332,Normal_Weight,5.8125
27333,Normal_Weight,2.5225
27334,Normal_Weight,0.7425
27335,Normal_Weight,4.0
27336,Normal_Weight,4.6325
27337,Normal_Weight,2.7225
27338,Normal_Weight,1.3575
27339,Normal_Weight,0.665
27340,Normal_Weight,0.0
27341,Normal_Weight,4.11
27342,Normal_Weight,3.2875
27343,Normal_Weight,3.87
27344,Normal_Weight,4.0
27345,Normal_Weight,4.4025
27346,Normal_Weight,4.76
27347,Normal_Weight,1.01
27348,Normal_Weight,3.25
27349,Normal_Weight,0.1575
27350,Normal_Weight,4.9575
27351,Normal_Weight,5.26
27352,Normal_Weight,0.0575
27353,Normal_Weight,0.185
27354,Normal_Weight,2.06
27355,Normal_Weight,4.37
27356,Normal_Weight,3.82
27357,Normal_Weight,2.045
27358,Normal_Weight,0.095
27359,Normal_Weight,2.9975
27360,Normal_Weight,2.9925
27361,Normal_Weight,5.085
27362,Normal_Weight,5.45
27363,Normal_Weight,4.0
27364,Normal_Weight,2.3075
27365,Normal_Weight,4.985
27366,Normal_Weight,4.6075
27367,Normal_Weight,5.88
27368,Normal_Weight,4.0
27369,Normal_Weight,4.0
27370,Normal_Weight,2.9725
27371,Normal_Weight,3.0
27372,Normal_Weight,0.9975
27373,Normal_Weight,3.6475
27374,Normal_Weight,3.8325
27375,Normal_Weight,3.0
27376,Normal_Weight,2.4575
27377,Normal_Weight,0.0225
27378,Normal_Weight,3.4075
27379,Normal_Weight,2.6225
27380,Normal_Weight,3.1375
27381,Normal_Weight,2.56
27382,Normal_Weight,0.22
27383,Normal_Weight,4.5725
27384,Normal_Weight,4.93
27385,Normal_Weight,2.8575
27386,Normal_Weight,4.0
27387,Normal_Weight,4.7525
27388,Normal_Weight,0.13
27389,Normal_Weight,3.565
27390,Normal_Weight,2.955
27391,Normal_Weight,5.8625
27392,Normal_Weight,5.0175
27393,Normal_Weight,4.39
27394,Normal_Weight,4.1925
27395,Normal_Weight,4.6625
27396,Normal_Weight,1.135
27397,Normal_Weight,5.87
27398,Normal_Weight,0.045
27399,Normal_Weight,4.78
27400,Normal_Weight,4.6675
27401,Normal_Weight,1.7925
27402,Normal_Weight,2.87
27403,Normal_Weight,3.99
27404,Normal_Weight,4.8475
27405,Normal_Weight,2.9575
27406,Normal_Weight,2.9525
27407,Normal_Weight,4.66
27408,Normal_Weight,5.9075
27409,Normal_Weight,0.99
27410,Normal_Weight,3.0
27411,Normal_Weight,3.0
27412,Normal_Weight,2.5475
27413,Normal_Weight,4.3875
27414,Normal_Weight,3.995
27415,Normal_Weight,0.31
27416,Normal_Weight,2.65
27417,Normal_Weight,4.2825
27418,Normal_Weight,4.49
27419,Normal_Weight,3.0
27420,Normal_Weight,4.925
27421,Normal_Weight,4.0
27422,Normal_Weight,3.0375
27423,Normal_Weight,3.59
27424,Normal_Weight,0.93
27425,Normal_Weight,5.185
27426,Normal_Weight,1.62
27427,Normal_Weight,5.4425
27428,Normal_Weight,2.525
27429,Normal_Weight,2.4875
27430,Normal_Weight,4.2525
27431,Normal_Weight,2.945
27432,Normal_Weight,0.635
27433,Normal_Weight,0.815
27434,Normal_Weight,2.5675
27435,Normal_Weight,5.6375
27436,Normal_Weight,4.0
27437,Normal_Weight,2.3475
27438,Normal_Weight,2.245
27439,Normal_Weight,3.245
27440,Normal_Weight,2.545
27441,Normal_Weight,4.68
27442,Normal_Weight,0.0225
27443,Normal_Weight,2.0275
27444,Normal_Weight,0.665
27445,Normal_Weight,2.0
27446,Normal_Weight,1.13
27447,Normal_Weight,3.04
27448,Normal_Weight,3.0
27449,Normal_Weight,1.41
27450,Normal_Weight,2.96
27451,Normal_Weight,4.085
27452,Normal_Weight,2.1525
27453,Normal_Weight,2.925
27454,Normal_Weight,3.53
27455,Normal_Weight,5.5575
27456,Normal_Weight,3.545
27457,Normal_Weight,2.5675
27458,Normal_Weight,2.97
27459,Normal_Weight,0.7075
27460,Normal_Weight,2.89
27461,Normal_Weight,2.99
27462,Normal_Weight,4.0
27463,Normal_Weight,0.01
27464,Normal_Weight,3.755
27465,Normal_Weight,3.94
27466,Normal_Weight,0.685
27467,Normal_Weight,4.0
27468,Normal_Weight,4.0
27469,Normal_Weight,3.3125
27470,Normal_Weight,1.095
27471,Normal_Weight,2.9975
27472,Normal_Weight,4.065
27473,Normal_Weight,3.35
27474,Normal_Weight,4.0
27475,Normal_Weight,2.3475
27476,Normal_Weight,4.0
27477,Normal_Weight,0.105
27478,Normal_Weight,0.99
27479,Normal_Weight,4.395
27480,Normal_Weight,0.9925
27481,Normal_Weight,5.73
27482,Normal_Weight,4.0825
27483,Normal_Weight,1.42
27484,Normal_Weight,1.0225
27485,Normal_Weight,2.77
27486,Normal_Weight,2.175
27487,Normal_Weight,0.97
27488,Normal_Weight,3.6075
27489,Normal_Weight,0.0225
27490,Normal_Weight,3.89
27491,Normal_Weight,4.0
27492,Normal_Weight,0.22
27493,Normal_Weight,4.3625
27494,Normal_Weight,5.8525
27495,Normal_Weight,5.025
27496,Normal_Weight,3.8125
27497,Normal_Weight,4.0
27498,Normal_Weight,2.94
27499,Normal_Weight,4.6875
27500,Normal_Weight,5.165
27501,Normal_Weight,5.6275
27502,Normal_Weight,2.99
27503,Normal_Weight,4.0
27504,Normal_Weight,4.7275
27505,Normal_Weight,2.9875
27506,Normal_Weight,3.0
27507,Normal_Weight,4.9025
27508,Normal_Weight,1.885
27509,Normal_Weight,0.0125
27510,Normal_Weight,4.0
27511,Normal_Weight,2.73
27512,Normal_Weight,4.2525
27513,Normal_Weight,3.0
27514,Normal_Weight,4.0
27515,Normal_Weight,4.0
27516,Normal_Weight,4.0
27517,Normal_Weight,3.5725
27518,Normal_Weight,0.8925
27519,Normal_Weight,4.0
27520,Normal_Weight,3.3225
27521,Normal_Weight,0.75
27522,Normal_Weight,5.665
27523,Normal_Weight,3.405
27524,Normal_Weight,0.995
27525,Normal_Weight,4.0
27526,Normal_Weight,3.115
27527,Normal_Weight,4.0325
27528,Normal_Weight,4.0
27529,Normal_Weight,2.785
27530,Normal_Weight,4.0
27531,Normal_Weight,2.995
27532,Normal_Weight,3.3575
27533,Normal_Weight,0.0025
27534,Normal_Weight,5.0775
27535,Normal_Weight,2.7575
27536,Normal_Weight,4.0
27537,Normal_Weight,3.0
27538,Normal_Weight,2.94
27539,Normal_Weight,3.3925
27540,Normal_Weight,5.0975
27541,Normal_Weight,2.935
27542,Normal_Weight,0.01
27543,Normal_Weight,0.18
27544,Normal_Weight,4.635
27545,Normal_Weight,2.985
27546,Normal_Weight,4.0
27547,Normal_Weight,2.8275
27548,Normal_Weight,4.41
27549,Normal_Weight,1.1875
27550,Normal_Weight,2.9975
27551,Normal_Weight,2.92
27552,Normal_Weight,3.905
27553,Normal_Weight,4.0
27554,Normal_Weight,3.82
27555,Normal_Weight,0.98
27556,Normal_Weight,4.7175
27557,Normal_Weight,3.935
27558,Normal_Weight,2.5175
27559,Normal_Weight,3.0
27560,Normal_Weight,4.0
27561,Normal_Weight,0.6375
27562,Normal_Weight,2.9925
27563,Normal_Weight,3.635
27564,Normal_Weight,1.195
27565,Normal_Weight,2.89
27566,Normal_Weight,4.0
27567,Normal_Weight,2.8025
27568,Normal_Weight,0.7225
27569,Normal_Weight,2.9875
27570,Normal_Weight,2.9675
27571,Normal_Weight,4.0
27572,Normal_Weight,3.415
27573,Normal_Weight,2.5925
27574,Normal_Weight,3.715
27575,Normal_Weight,4.0
27576,Normal_Weight,2.7475
27577,Normal_Weight,4.7675
27578,Normal_Weight,4.85
27579,Normal_Weight,4.0
27580,Normal_Weight,4.18
27581,Normal_Weight,3.4875
27582,Normal_Weight,5.8575
27583,Normal_Weight,4.79
27584,Normal_Weight,3.0
27585,Normal_Weight,5.3075
27586,Normal_Weight,5.8175
27587,Normal_Weight,4.805
27588,Normal_Weight,4.0
27589,Normal_Weight,0.1325
27590,Normal_Weight,4.0
27591,Normal_Weight,0.665
27592,Normal_Weight,5.4275
27593,Normal_Weight,0.06
27594,Normal_Weight,2.965
27595,Normal_Weight,2.935
27596,Normal_Weight,1.465
27597,Normal_Weight,4.0
27598,Normal_Weight,1.4425
27599,Normal_Weight,1.0
27600,Normal_Weight,5.0225
27601,Normal_Weight,2.57
27602,Normal_Weight,5.275
27603,Normal_Weight,1.4925
27604,Normal_Weight,2.95
27605,Normal_Weight,4.0875
27606,Normal_Weight,4.0
27607,Normal_Weight,4.0
27608,Normal_Weight,5.63
27609,Normal_Weight,5.815
27610,Normal_Weight,0.0225
27611,Normal_Weight,4.0
27612,Normal_Weight,4.7675
27613,Normal_Weight,5.0875
27614,Normal_Weight,2.21
27615,Normal_Weight,2.8725
27616,Normal_Weight,3.9325
27617,Normal_Weight,2.945
27618,Normal_Weight,3.48
27619,Normal_Weight,5.015
27620,Normal_Weight,4.0
27621,Normal_Weight,5.0625
27622,Normal_Weight,2.6275
27623,Normal_Weight,4.0
27624,Normal_Weight,2.4525
27625,Normal_Weight,2.885
27626,Normal_Weight,4.3975
27627,Normal_Weight,2.56
27628,Normal_Weight,4.0
27629,Normal_Weight,2.665
27630,Normal_Weight,2.675
27631,Normal_Weight,2.24
27632,Normal_Weight,4.4825
27633,Normal_Weight,3.5925
27634,Normal_Weight,2.8375
27635,Normal_Weight,4.21
27636,Normal_Weight,2.19
27637,Normal_Weight,3.9675
27638,Normal_Weight,0.175
27639,Normal_Weight,0.4125
27640,Normal_Weight,4.0
27641,Normal_Weight,5.395
27642,Normal_Weight,5.815
27643,Normal_Weight,5.015
27644,Normal_Weight,0.0025
27645,Normal_Weight,0.0025
27646,Normal_Weight,5.3675
27647,Normal_Weight,2.9825
27648,Normal_Weight,2.0
27649,Normal_Weight,0.0675
27650,Normal_Weight,0.04
27651,Normal_Weight,0.68
27652,Normal_Weight,0.02
27653,Normal_Weight,4.0
27654,Normal_Weight,4.0
27655,Normal_Weight,2.2375
27656,Normal_Weight,4.0
27657,Normal_Weight,3.6
27658,Normal_Weight,0.08
27659,Normal_Weight,4.6425
27660,Normal_Weight,3.0
27661,Normal_Weight,3.5275
27662,Normal_Weight,4.575
27663,Normal_Weight,4.0
27664,Normal_Weight,4.0
27665,Normal_Weight,0.8725
27666,Normal_Weight,2.7275
27667,Normal_Weight,4.945
27668,Normal_Weight,0.4475
27669,Normal_Weight,4.0
27670,Normal_Weight,1.2575
27671,Normal_Weight,5.92
27672,Normal_Weight,0.18
27673,Normal_Weight,3.75
27674,Normal_Weight,5.6
27675,Normal_Weight,4.75
27676,Normal_Weight,4.4325
27677,Normal_Weight,0.93
27678,Normal_Weight,3.8075
27679,Normal_Weight,4.0
27680,Normal_Weight,1.41
27681,Normal_Weight,2.225
27682,Normal_Weight,3.0275
27683,Normal_Weight,0.445
27684,Normal_Weight,4.835
27685,Normal_Weight,4.0
27686,Normal_Weight,4.0
27687,Normal_Weight,3.605
27688,Normal_Weight,2.915
27689,Normal_Weight,3.695
27690,Normal_Weight,3.1125
27691,Normal_Weight,2.5425
27692,Normal_Weight,1.1625
27693,Normal_Weight,0.0425
27694,Normal_Weight,4.0
27695,Normal_Weight,5.6125
27696,Normal_Weight,2.3725
27697,Normal_Weight,5.7925
27698,Normal_Weight,4.92
27699,Normal_Weight,4.0
27700,Normal_Weight,1.685
27701,Normal_Weight,2.92
27702,Normal_Weight,3.95
27703,Normal_Weight,0.0825
27704,Normal_Weight,5.2575
27705,Normal_Weight,4.0
27706,Normal_Weight,4.0
27707,Normal_Weight,2.9225
27708,Normal_Weight,4.0
27709,Normal_Weight,2.47
27710,Normal_Weight,4.0
27711,Normal_Weight,0.475
27712,Normal_Weight,4.6875
27713,Normal_Weight,3.1425
27714,Normal_Weight,5.285
27715,Normal_Weight,0.4875
27716,Normal_Weight,3.895
27717,Normal_Weight,0.12
27718,Normal_Weight,4.705
27719,Normal_Weight,2.0
27720,Normal_Weight,4.0
27721,Normal_Weight,1.1875
27722,Normal_Weight,3.305
27723,Normal_Weight,3.62
27724,Normal_Weight,5.11
27725,Normal_Weight,2.9875
27726,Normal_Weight,4.0
27727,Normal_Weight,1.0575
27728,Normal_Weight,2.755
27729,Normal_Weight,3.0175
27730,Normal_Weight,2.995
27731,Normal_Weight,2.9375
27732,Normal_Weight,4.35
27733,Normal_Weight,0.37
27734,Normal_Weight,3.0
27735,Normal_Weight,3.735
27736,Normal_Weight,4.0
27737,Normal_Weight,4.0
27738,Normal_Weight,3.0
27739,Normal_Weight,5.2875
27740,Normal_Weight,4.0
27741,Normal_Weight,4.0
27742,Normal_Weight,2.6775
27743,Normal_Weight,1.8525
27744,Normal_Weight,4.0
27745,Normal_Weight,4.815
27746,Normal_Weight,3.895
27747,Normal_Weight,4.0
27748,Normal_Weight,2.95
27749,Normal_Weight,4.0
27750,Normal_Weight,3.0
27751,Normal_Weight,2.9925
27752,Normal_Weight,2.9475
27753,Normal_Weight,4.5875
27754,Normal_Weight,4.0
27755,Normal_Weight,0.01
27756,Normal_Weight,3.0
27757,Normal_Weight,2.92
27758,Normal_Weight,5.5825
27759,Normal_Weight,4.0
27760,Normal_Weight,4.0
27761,Normal_Weight,1.61
27762,Normal_Weight,4.755
27763,Normal_Weight,4.94
27764,Normal_Weight,3.0
27765,Normal_Weight,0.5325
27766,Normal_Weight,2.985
27767,Normal_Weight,0.2025
27768,Normal_Weight,3.43
27769,Normal_Weight,4.0
27770,Normal_Weight,0.78
27771,Normal_Weight,3.575
27772,Normal_Weight,4.0
27773,Normal_Weight,4.3025
27774,Normal_Weight,4.0
27775,Normal_Weight,5.615
27776,Normal_Weight,0.9925
27777,Normal_Weight,3.105
27778,Normal_Weight,0.035
27779,Normal_Weight,5.8875
27780,Normal_Weight,2.8925
27781,Normal_Weight,0.7275
27782,Normal_Weight,4.0
27783,Normal_Weight,3.7125
27784,Normal_Weight,4.0
27785,Normal_Weight,5.2125
27786,Normal_Weight,0.44
27787,Normal_Weight,5.5075
27788,Normal_Weight,0.0075
27789,Normal_Weight,2.9
27790,Normal_Weight,3.22
27791,Normal_Weight,2.945
27792,Normal_Weight,4.0575
27793,Normal_Weight,2.6825
27794,Normal_Weight,3.0
27795,Normal_Weight,5.0925
27796,Normal_Weight,4.0
27797,Normal_Weight,5.7675
27798,Normal_Weight,0.8025
27799,Normal_Weight,2.9975
27800,Normal_Weight,5.47
27801,Normal_Weight,4.875
27802,Normal_Weight,2.035
27803,Normal_Weight,0.0625
27804,Normal_Weight,3.455
27805,Normal_Weight,3.3875
27806,Normal_Weight,0.1525
27807,Normal_Weight,0.0
27808,Normal_Weight,5.89
27809,Normal_Weight,4.8125
27810,Normal_Weight,5.7425
27811,Normal_Weight,4.0
27812,Normal_Weight,5.925
27813,Normal_Weight,4.6175
27814,Normal_Weight,4.9125
27815,Normal_Weight,4.0
27816,Normal_Weight,2.885
27817,Normal_Weight,3.5475
27818,Normal_Weight,1.89
27819,Normal_Weight,4.4
27820,Normal_Weight,4.3525
27821,Normal_Weight,5.7375
27822,Normal_Weight,2.4125
27823,Normal_Weight,4.9925
27824,Normal_Weight,4.0
27825,Normal_Weight,2.54
27826,Normal_Weight,1.185
27827,Normal_Weight,0.115
27828,Normal_Weight,4.0
27829,Normal_Weight,2.8
27830,Normal_Weight,0.0725
27831,Normal_Weight,2.7175
27832,Normal_Weight,2.545
27833,Normal_Weight,2.86
27834,Normal_Weight,4.0
27835,Normal_Weight,4.8625
27836,Normal_Weight,2.985
27837,Normal_Weight,1.0625
27838,Normal_Weight,2.91
27839,Normal_Weight,1.355
27840,Normal_Weight,4.0
27841,Normal_Weight,0.785
27842,Normal_Weight,4.0
27843,Normal_Weight,0.0025
27844,Normal_Weight,1.4225
27845,Normal_Weight,2.9975
27846,Normal_Weight,4.3175
27847,Normal_Weight,2.85
27848,Normal_Weight,2.5875
27849,Normal_Weight,5.0225
27850,Normal_Weight,4.0
27851,Normal_Weight,0.565
27852,Normal_Weight,0.0
27853,Normal_Weight,4.1875
27854,Normal_Weight,1.195
27855,Normal_Weight,4.0
27856,Normal_Weight,2.7825
27857,Normal_Weight,4.0
27858,Normal_Weight,3.1475
27859,Normal_Weight,4.0
27860,Normal_Weight,4.975
27861,Normal_Weight,4.0
27862,Normal_Weight,1.785
27863,Normal_Weight,5.8575
27864,Normal_Weight,4.0
27865,Normal_Weight,2.585
27866,Normal_Weight,1.46
27867,Normal_Weight,2.85
27868,Normal_Weight,0.0
27869,Normal_Weight,3.0
27870,Normal_Weight,5.33
27871,Normal_Weight,4.67
27872,Normal_Weight,4.0
27873,Normal_Weight,2.7175
27874,Normal_Weight,5.01
27875,Normal_Weight,0.6825
27876,Normal_Weight,4.0575
27877,Normal_Weight,3.36
27878,Normal_Weight,4.0
27879,Normal_Weight,4.6775
27880,Normal_Weight,4.6275
27881,Normal_Weight,4.0
27882,Normal_Weight,4.235
27883,Normal_Weight,5.465
27884,Normal_Weight,4.0
27885,Normal_Weight,4.73
27886,Normal_Weight,2.95
27887,Normal_Weight,2.7725
27888,Normal_Weight,4.95
27889,Normal_Weight,4.2175
27890,Normal_Weight,3.775
27891,Normal_Weight,3.055
27892,Normal_Weight,0.01
27893,Normal_Weight,2.2525
27894,Normal_Weight,4.0
27895,Normal_Weight,2.9375
27896,Normal_Weight,2.975
27897,Normal_Weight,5.035
27898,Normal_Weight,2.9325
27899,Normal_Weight,4.73
27900,Normal_Weight,4.91
27901,Normal_Weight,4.0
27902,Normal_Weight,4.0
27903,Normal_Weight,5.7775
27904,Normal_Weight,0.555
27905,Normal_Weight,0.39
27906,Normal_Weight,4.8225
27907,Normal_Weight,4.735
27908,Normal_Weight,4.0
27909,Normal_Weight,0.06
27910,Normal_Weight,2.655
27911,Normal_Weight,0.085
27912,Normal_Weight,4.0
27913,Normal_Weight,2.91
27914,Normal_Weight,2.57
27915,Normal_Weight,2.75
27916,Normal_Weight,0.0275
27917,Normal_Weight,3.3875
27918,Normal_Weight,3.3375
27919,Normal_Weight,2.8975
27920,Normal_Weight,2.485
27921,Normal_Weight,2.6425
27922,Normal_Weight,0.7275
27923,Normal_Weight,4.12
27924,Normal_Weight,5.2425
27925,Normal_Weight,0.525
27926,Normal_Weight,4.845
27927,Normal_Weight,0.8125
27928,Normal_Weight,4.7125
27929,Normal_Weight,4.0
27930,Normal_Weight,3.635
27931,Normal_Weight,4.0
27932,Normal_Weight,5.3275
27933,Normal_Weight,4.0
27934,Normal_Weight,4.0
27935,Normal_Weight,2.3275
27936,Normal_Weight,1.6275
27937,Normal_Weight,4.4625
27938,Normal_Weight,2.205
27939,Normal_Weight,2.9975
27940,Normal_Weight,3.95
27941,Normal_Weight,0.7525
27942,Normal_Weight,0.005
27943,Normal_Weight,2.1725
27944,Normal_Weight,3.61
27945,Normal_Weight,4.0
27946,Normal_Weight,2.53
27947,Normal_Weight,2.995
27948,Normal_Weight,4.0
27949,Normal_Weight,4.7
27950,Normal_Weight,4.0
27951,Normal_Weight,0.0025
27952,Normal_Weight,4.0
27953,Normal_Weight,2.97
27954,Normal_Weight,1.185
27955,Normal_Weight,3.855
27956,Normal_Weight,5.6775
27957,Normal_Weight,4.0
27958,Normal_Weight,2.9425
27959,Normal_Weight,0.2425
27960,Normal_Weight,4.685
27961,Normal_Weight,3.0
27962,Normal_Weight,2.9925
27963,Normal_Weight,0.8625
27964,Normal_Weight,3.0
27965,Normal_Weight,2.9925
27966,Normal_Weight,5.4175
27967,Normal_Weight,0.2225
27968,Normal_Weight,1.045
27969,Normal_Weight,3.2575
27970,Normal_Weight,0.975
27971,Normal_Weight,4.0
27972,Normal_Weight,4.7225
27973,Normal_Weight,3.0
27974,Normal_Weight,4.0
27975,Normal_Weight,2.0
27976,Normal_Weight,3.1
27977,Normal_Weight,0.48
27978,Normal_Weight,5.92
27979,Normal_Weight,0.0825
27980,Normal_Weight,5.0075
27981,Normal_Weight,0.245
27982,Normal_Weight,4.0
27983,Normal_Weight,1.615
27984,Normal_Weight,4.0
27985,Normal_Weight,2.0525
27986,Normal_Weight,4.0
27987,Normal_Weight,0.2625
27988,Normal_Weight,2.9975
27989,Normal_Weight,4.71
27990,Normal_Weight,4.7275
27991,Normal_Weight,3.9275
27992,Normal_Weight,1.4425
27993,Normal_Weight,4.0
27994,Normal_Weight,4.0
27995,Normal_Weight,5.095
27996,Normal_Weight,5.09
27997,Normal_Weight,4.935
27998,Normal_Weight,3.075
27999,Normal_Weight,4.0
28000,Normal_Weight,2.385
28001,Normal_Weight,1.6425
28002,Normal_Weight,0.0075
28003,Normal_Weight,0.46
28004,Normal_Weight,5.155
28005,Normal_Weight,2.2225
28006,Normal_Weight,4.0
28007,Normal_Weight,2.555
28008,Normal_Weight,4.0
28009,Normal_Weight,4.71
28010,Normal_Weight,4.205
28011,Normal_Weight,2.9975
28012,Normal_Weight,4.995
28013,Normal_Weight,4.465
28014,Normal_Weight,3.1975
28015,Normal_Weight,2.37
28016,Normal_Weight,1.085
28017,Normal_Weight,4.0
28018,Normal_Weight,4.67
28019,Normal_Weight,2.9875
28020,Normal_Weight,0.4325
28021,Normal_Weight,4.0
28022,Normal_Weight,2.875
28023,Normal_Weight,3.36
28024,Normal_Weight,5.8175
28025,Normal_Weight,4.84
28026,Normal_Weight,4.0
28027,Normal_Weight,0.6075
28028,Normal_Weight,2.4775
28029,Normal_Weight,4.6275
28030,Normal_Weight,3.59
28031,Normal_Weight,2.385
28032,Normal_Weight,1.225
28033,Normal_Weight,4.9975
28034,Normal_Weight,0.3575
28035,Normal_Weight,4.705
28036,Normal_Weight,3.67
28037,Normal_Weight,2.2775
28038,Normal_Weight,4.0
28039,Normal_Weight,4.0
28040,Normal_Weight,4.0
28041,Normal_Weight,2.9225
28042,Normal_Weight,0.5975
28043,Normal_Weight,3.99
28044,Normal_Weight,4.7075
28045,Normal_Weight,2.105
28046,Normal_Weight,4.0
28047,Normal_Weight,4.0
28048,Normal_Weight,0.18
28049,Normal_Weight,4.395
28050,Normal_Weight,4.7275
28051,Normal_Weight,2.11
28052,Normal_Weight,0.33
28053,Normal_Weight,4.0
28054,Normal_Weight,2.9475
28055,Normal_Weight,4.36
28056,Normal_Weight,4.0
28057,Normal_Weight,4.0
28058,Normal_Weight,0.0225
28059,Normal_Weight,2.9975
28060,Normal_Weight,4.0
28061,Normal_Weight,5.06
28062,Normal_Weight,0.065
28063,Normal_Weight,0.0025
28064,Normal_Weight,0.155
28065,Normal_Weight,5.9025
28066,Normal_Weight,4.0
28067,Normal_Weight,2.4625
28068,Normal_Weight,0.03
28069,Normal_Weight,0.9475
28070,Normal_Weight,4.0
28071,Normal_Weight,2.9875
28072,Normal_Weight,2.82
28073,Normal_Weight,5.4225
28074,Normal_Weight,2.9525
28075,Normal_Weight,2.9975
28076,Normal_Weight,2.76
28077,Normal_Weight,0.04
28078,Normal_Weight,1.0175
28079,Normal_Weight,2.3325
28080,Normal_Weight,0.02
28081,Normal_Weight,2.385
28082,Normal_Weight,3.2075
28083,Normal_Weight,5.7625
28084,Normal_Weight,4.2925
28085,Normal_Weight,3.2675
28086,Normal_Weight,0.0925
28087,Normal_Weight,1.98
28088,Normal_Weight,0.575
28089,Normal_Weight,1.0725
28090,Normal_Weight,2.9475
28091,Normal_Weight,1.925
28092,Normal_Weight,5.7325
28093,Normal_Weight,4.0
28094,Normal_Weight,0.34
28095,Normal_Weight,4.37
28096,Normal_Weight,3.0
28097,Normal_Weight,1.61
28098,Normal_Weight,5.65
28099,Normal_Weight,1.875
28100,Normal_Weight,1.3325
28101,Normal_Weight,4.0
28102,Normal_Weight,2.9575
28103,Normal_Weight,4.2125
28104,Normal_Weight,2.025
28105,Normal_Weight,2.5675
28106,Normal_Weight,4.2275
28107,Normal_Weight,0.3275
28108,Normal_Weight,4.0
28109,Normal_Weight,2.97
28110,Normal_Weight,0.0025
28111,Normal_Weight,0.035
28112,Normal_Weight,3.485
28113,Normal_Weight,4.0
28114,Normal_Weight,1.6725
28115,Normal_Weight,5.3125
28116,Normal_Weight,0.0725
28117,Normal_Weight,0.0425
28118,Normal_Weight,2.53
28119,Normal_Weight,4.0
28120,Normal_Weight,1.065
28121,Normal_Weight,0.0
28122,Normal_Weight,4.0
28123,Normal_Weight,0.1825
28124,Normal_Weight,2.9025
28125,Normal_Weight,3.0
28126,Normal_Weight,5.1725
28127,Normal_Weight,0.0125
28128,Normal_Weight,4.0
28129,Normal_Weight,2.5575
28130,Normal_Weight,3.1025
28131,Normal_Weight,4.0
28132,Normal_Weight,4.6325
28133,Normal_Weight,3.0025
28134,Normal_Weight,0.09
28135,Normal_Weight,2.5225
28136,Normal_Weight,3.6175
28137,Normal_Weight,1.485
28138,Normal_Weight,4.0
28139,Normal_Weight,2.5575
28140,Normal_Weight,2.6575
28141,Normal_Weight,2.935
28142,Normal_Weight,1.47
28143,Normal_Weight,5.8975
28144,Normal_Weight,0.98
28145,Normal_Weight,4.0
28146,Normal_Weight,0.3425
28147,Normal_Weight,0.9925
28148,Normal_Weight,0.4325
28149,Normal_Weight,1.165
28150,Normal_Weight,1.6875
28151,Normal_Weight,4.0
28152,Normal_Weight,4.265
28153,Normal_Weight,2.9325
28154,Normal_Weight,5.14
28155,Normal_Weight,0.0025
28156,Normal_Weight,2.7275
28157,Normal_Weight,2.9575
28158,Normal_Weight,4.0
28159,Normal_Weight,2.99
28160,Normal_Weight,0.01
28161,Normal_Weight,5.5625
28162,Normal_Weight,3.1875
28163,Normal_Weight,5.2125
28164,Normal_Weight,4.0775
28165,Normal_Weight,5.57
28166,Normal_Weight,4.0
28167,Normal_Weight,1.1475
28168,Normal_Weight,5.115
28169,Normal_Weight,2.9
28170,Normal_Weight,5.64
28171,Normal_Weight,4.0
28172,Normal_Weight,4.0
28173,Normal_Weight,4.0
28174,Normal_Weight,4.0
28175,Normal_Weight,1.17
28176,Normal_Weight,2.0725
28177,Normal_Weight,0.0
28178,Normal_Weight,4.42
28179,Normal_Weight,2.5575
28180,Normal_Weight,3.0775
28181,Normal_Weight,0.2375
28182,Normal_Weight,1.13
28183,Normal_Weight,1.185
28184,Normal_Weight,2.8975
28185,Normal_Weight,4.4175
28186,Normal_Weight,4.2575
28187,Normal_Weight,3.7725
28188,Normal_Weight,1.345
28189,Normal_Weight,2.9075
28190,Normal_Weight,2.4075
28191,Normal_Weight,0.315
28192,Normal_Weight,3.0525
28193,Normal_Weight,2.3375
28194,Normal_Weight,4.835
28195,Normal_Weight,2.9975
28196,Normal_Weight,2.33
28197,Normal_Weight,1.09
28198,Normal_Weight,2.5625
28199,Normal_Weight,5.325
28200,Normal_Weight,4.0
28201,Normal_Weight,1.53
28202,Normal_Weight,2.39
28203,Normal_Weight,2.555
28204,Normal_Weight,4.735
28205,Normal_Weight,0.0
28206,Normal_Weight,4.0
28207,Normal_Weight,0.545
28208,Normal_Weight,2.23
28209,Normal_Weight,2.97
28210,Normal_Weight,0.2025
28211,Normal_Weight,0.5175
28212,Normal_Weight,4.0
28213,Normal_Weight,4.0
28214,Normal_Weight,1.06
28215,Normal_Weight,4.95
28216,Normal_Weight,1.005
28217,Normal_Weight,0.9975
28218,Normal_Weight,3.625
28219,Normal_Weight,5.85
28220,Normal_Weight,3.7475
28221,Normal_Weight,2.5575
28222,Normal_Weight,5.5875
28223,Normal_Weight,0.0425
28224,Normal_Weight,5.7575
28225,Normal_Weight,1.37
28226,Normal_Weight,4.0
28227,Normal_Weight,4.625
28228,Normal_Weight,0.1
28229,Normal_Weight,5.825
28230,Normal_Weight,4.0
28231,Normal_Weight,2.9675
28232,Normal_Weight,3.2
28233,Normal_Weight,0.8275
28234,Normal_Weight,2.9425
28235,Normal_Weight,0.6025
28236,Normal_Weight,2.9225
28237,Normal_Weight,4.93
28238,Normal_Weight,0.145
28239,Normal_Weight,3.98
28240,Normal_Weight,5.825
28241,Normal_Weight,5.46
28242,Normal_Weight,2.8875
28243,Normal_Weight,3.86
28244,Normal_Weight,4.0
28245,Normal_Weight,0.66
28246,Normal_Weight,5.63
28247,Normal_Weight,3.5175
28248,Normal_Weight,0.7025
28249,Normal_Weight,4.8625
28250,Normal_Weight,3.3375
28251,Normal_Weight,4.0
28252,Normal_Weight,0.155
28253,Normal_Weight,4.0
28254,Normal_Weight,4.0
28255,Normal_Weight,2.8625
28256,Normal_Weight,0.805
28257,Normal_Weight,0.24
28258,Normal_Weight,0.005
28259,Normal_Weight,2.965
28260,Normal_Weight,0.2975
28261,Normal_Weight,1.5575
28262,Normal_Weight,3.7275
28263,Normal_Weight,4.3875
28264,Normal_Weight,4.0
28265,Normal_Weight,0.1225
28266,Normal_Weight,1.66
28267,Normal_Weight,4.0
28268,Normal_Weight,5.0025
28269,Normal_Weight,4.0
28270,Normal_Weight,1.8025
28271,Normal_Weight,3.965
28272,Normal_Weight,4.0
28273,Normal_Weight,2.9975
28274,Normal_Weight,1.5275
28275,Normal_Weight,5.03
28276,Normal_Weight,2.615
28277,Normal_Weight,4.6125
28278,Normal_Weight,0.085
28279,Normal_Weight,3.49
28280,Normal_Weight,4.0
28281,Normal_Weight,0.9825
28282,Normal_Weight,0.13
28283,Normal_Weight,4.705
28284,Normal_Weight,2.9525
28285,Normal_Weight,0.8225
28286,Normal_Weight,0.9375
28287,Normal_Weight,4.4825
28288,Normal_Weight,4.0
28289,Normal_Weight,4.0
28290,Normal_Weight,5.47
28291,Normal_Weight,3.9375
28292,Normal_Weight,3.065
28293,Normal_Weight,2.9825
28294,Normal_Weight,4.8225
28295,Normal_Weight,2.6525
28296,Normal_Weight,2.83
28297,Normal_Weight,0.6925
28298,Normal_Weight,4.1575
28299,Normal_Weight,0.2075
28300,Normal_Weight,5.835
28301,Normal_Weight,4.0075
28302,Normal_Weight,4.0
28303,Normal_Weight,2.92
28304,Normal_Weight,4.0
28305,Normal_Weight,5.7425
28306,Normal_Weight,4.53
28307,Normal_Weight,2.9475
28308,Normal_Weight,4.665
28309,Normal_Weight,4.0
28310,Normal_Weight,2.9375
28311,Normal_Weight,0.025
28312,Normal_Weight,3.0
28313,Normal_Weight,5.84
28314,Normal_Weight,3.955
28315,Normal_Weight,4.0
28316,Normal_Weight,2.5075
28317,Normal_Weight,0.015
28318,Normal_Weight,2.2175
28319,Normal_Weight,0.1225
28320,Normal_Weight,3.0
28321,Normal_Weight,2.9075
28322,Normal_Weight,4.0
28323,Normal_Weight,3.0
28324,Normal_Weight,2.4325
28325,Normal_Weight,3.01
28326,Normal_Weight,4.0
28327,Normal_Weight,5.39
28328,Normal_Weight,0.27
28329,Normal_Weight,0.255
28330,Normal_Weight,3.1
28331,Normal_Weight,2.5425
28332,Normal_Weight,1.6325
28333,Normal_Weight,2.9425
28334,Normal_Weight,0.155
28335,Normal_Weight,2.8775
28336,Normal_Weight,0.7025
28337,Normal_Weight,0.0025
28338,Normal_Weight,0.25
28339,Normal_Weight,4.0
28340,Normal_Weight,3.0
28341,Normal_Weight,5.5425
28342,Normal_Weight,4.8175
28343,Normal_Weight,0.41
28344,Normal_Weight,4.0
28345,Normal_Weight,4.09
28346,Normal_Weight,0.2675
28347,Normal_Weight,3.3725
28348,Normal_Weight,3.9625
28349,Normal_Weight,2.6225
28350,Normal_Weight,3.3575
28351,Normal_Weight,4.895
28352,Normal_Weight,2.145
28353,Normal_Weight,4.8225
28354,Normal_Weight,0.0
28355,Normal_Weight,0.1475
28356,Normal_Weight,0.17
28357,Normal_Weight,2.0325
28358,Normal_Weight,0.36
28359,Normal_Weight,4.0
28360,Normal_Weight,0.1175
28361,Normal_Weight,0.0075
28362,Normal_Weight,2.9775
28363,Normal_Weight,4.6
28364,Normal_Weight,2.805
28365,Normal_Weight,4.0
28366,Normal_Weight,4.0
28367,Normal_Weight,4.5275
28368,Normal_Weight,0.825
28369,Normal_Weight,5.87
28370,Normal_Weight,2.9
28371,Normal_Weight,4.0
28372,Normal_Weight,1.4125
28373,Normal_Weight,4.0
28374,Normal_Weight,1.2575
28375,Normal_Weight,4.0
28376,Normal_Weight,4.0
28377,Normal_Weight,2.775
28378,Normal_Weight,3.0
28379,Normal_Weight,2.975
28380,Normal_Weight,2.92
28381,Normal_Weight,5.5275
28382,Normal_Weight,4.0
28383,Normal_Weight,3.58
28384,Normal_Weight,4.0
28385,Normal_Weight,5.8875
28386,Normal_Weight,0.01
28387,Normal_Weight,0.3825
28388,Normal_Weight,3.8575
28389,Normal_Weight,0.5
28390,Normal_Weight,0.9975
28391,Normal_Weight,0.045
28392,Normal_Weight,4.6825
28393,Normal_Weight,4.9325
28394,Normal_Weight,4.86
28395,Normal_Weight,3.7025
28396,Normal_Weight,4.0
28397,Normal_Weight,3.39
28398,Normal_Weight,1.8
28399,Normal_Weight,5.655
28400,Normal_Weight,3.0
28401,Normal_Weight,2.9875
28402,Normal_Weight,4.0
28403,Normal_Weight,0.7375
28404,Normal_Weight,4.0
28405,Normal_Weight,4.7675
28406,Normal_Weight,3.98
28407,Normal_Weight,1.4525
28408,Normal_Weight,1.215
28409,Normal_Weight,4.77
28410,Normal_Weight,4.0
28411,Normal_Weight,4.3875
28412,Normal_Weight,2.9575
28413,Normal_Weight,0.3275
28414,Normal_Weight,5.2425
28415,Normal_Weight,4.66
28416,Normal_Weight,3.9125
28417,Normal_Weight,0.6925
28418,Normal_Weight,2.5225
28419,Normal_Weight,4.0
28420,Normal_Weight,2.1
28421,Normal_Weight,0.025
28422,Normal_Weight,5.5725
28423,Normal_Weight,0.095
28424,Normal_Weight,0.09
28425,Normal_Weight,4.1275
28426,Normal_Weight,3.0
28427,Normal_Weight,4.0
28428,Normal_Weight,3.0
28429,Normal_Weight,2.98
28430,Normal_Weight,2.5
28431,Normal_Weight,4.0
28432,Normal_Weight,3.035
28433,Normal_Weight,4.0
28434,Normal_Weight,2.9675
28435,Normal_Weight,2.6275
28436,Normal_Weight,2.995
28437,Normal_Weight,2.9875
28438,Normal_Weight,4.0
28439,Normal_Weight,2.84
28440,Normal_Weight,4.0
28441,Normal_Weight,3.3975
28442,Normal_Weight,2.4
28443,Normal_Weight,4.0
28444,Normal_Weight,4.0
28445,Normal_Weight,0.425
28446,Normal_Weight,1.2475
28447,Normal_Weight,2.9525
28448,Normal_Weight,2.975
28449,Normal_Weight,4.0
28450,Normal_Weight,4.0
28451,Normal_Weight,3.0
28452,Normal_Weight,2.85
28453,Normal_Weight,3.9975
28454,Normal_Weight,2.9475
28455,Normal_Weight,4.0
28456,Normal_Weight,3.33
28457,Normal_Weight,5.1525
28458,Normal_Weight,3.105
28459,Normal_Weight,3.28
28460,Normal_Weight,4.0
28461,Normal_Weight,3.0975
28462,Normal_Weight,4.7825
28463,Normal_Weight,3.695
28464,Normal_Weight,5.4
28465,Normal_Weight,5.12
28466,Normal_Weight,1.7575
28467,Normal_Weight,5.525
28468,Normal_Weight,0.0025
28469,Normal_Weight,2.2025
28470,Normal_Weight,5.265
28471,Normal_Weight,4.0
28472,Normal_Weight,3.3525
28473,Normal_Weight,0.7
28474,Normal_Weight,4.21
28475,Normal_Weight,1.4825
28476,Normal_Weight,2.38
28477,Normal_Weight,4.0
28478,Normal_Weight,2.9475
28479,Normal_Weight,4.0
28480,Normal_Weight,0.39
28481,Normal_Weight,5.84
28482,Normal_Weight,0.015
28483,Normal_Weight,2.8875
28484,Normal_Weight,2.9675
28485,Normal_Weight,3.07
28486,Normal_Weight,0.435
28487,Normal_Weight,1.25
28488,Normal_Weight,4.0
28489,Normal_Weight,2.58
28490,Normal_Weight,3.945
28491,Normal_Weight,4.0
28492,Normal_Weight,2.445
28493,Normal_Weight,0.0225
28494,Normal_Weight,0.5575
28495,Normal_Weight,2.9975
28496,Normal_Weight,1.0775
28497,Normal_Weight,2.44
28498,Normal_Weight,5.785
28499,Normal_Weight,3.4075
28500,Normal_Weight,1.045
28501,Normal_Weight,3.525
28502,Normal_Weight,4.335
28503,Normal_Weight,3.675
28504,Normal_Weight,3.6775
28505,Normal_Weight,3.23
28506,Normal_Weight,4.17
28507,Normal_Weight,4.9825
28508,Normal_Weight,4.755
28509,Normal_Weight,4.0
28510,Normal_Weight,1.46
28511,Normal_Weight,0.145
28512,Normal_Weight,3.3625
28513,Normal_Weight,2.485
28514,Normal_Weight,4.14
28515,Normal_Weight,0.0775
28516,Normal_Weight,4.0
28517,Normal_Weight,2.0
28518,Normal_Weight,0.18
28519,Normal_Weight,4.58
28520,Normal_Weight,5.605
28521,Normal_Weight,0.01
28522,Normal_Weight,2.995
28523,Normal_Weight,4.0
28524,Normal_Weight,0.1025
28525,Normal_Weight,4.29
28526,Normal_Weight,3.87
28527,Normal_Weight,5.4125
28528,Normal_Weight,4.0
28529,Normal_Weight,4.0
28530,Normal_Weight,4.0
28531,Normal_Weight,4.7825
28532,Normal_Weight,1.0
28533,Normal_Weight,5.3025
28534,Normal_Weight,4.0
28535,Normal_Weight,4.77
28536,Normal_Weight,2.98
28537,Normal_Weight,3.015
28538,Normal_Weight,5.615
28539,Normal_Weight,2.5075
28540,Normal_Weight,1.6425
28541,Normal_Weight,4.0
28542,Normal_Weight,4.7875
28543,Normal_Weight,4.0
28544,Normal_Weight,5.08
28545,Normal_Weight,2.4775
28546,Normal_Weight,3.0
28547,Normal_Weight,4.0
28548,Normal_Weight,0.2125
28549,Normal_Weight,2.99
28550,Normal_Weight,3.0025
28551,Normal_Weight,4.0
28552,Normal_Weight,4.875
28553,Normal_Weight,4.5375
28554,Normal_Weight,4.0
28555,Normal_Weight,0.63
28556,Normal_Weight,4.0
28557,Normal_Weight,4.0
28558,Normal_Weight,2.5675
28559,Normal_Weight,4.0
28560,Normal_Weight,0.1675
28561,Normal_Weight,4.015
28562,Normal_Weight,1.185
28563,Normal_Weight,0.8425
28564,Normal_Weight,1.4525
28565,Normal_Weight,0.5
28566,Normal_Weight,4.0
28567,Normal_Weight,4.2725
28568,Normal_Weight,2.875
28569,Normal_Weight,0.67
28570,Normal_Weight,5.535
28571,Normal_Weight,4.29
28572,Normal_Weight,0.3925
28573,Normal_Weight,0.2375
28574,Normal_Weight,2.9675
28575,Normal_Weight,0.855
28576,Normal_Weight,1.1825
28577,Normal_Weight,3.995
28578,Normal_Weight,2.9975
28579,Normal_Weight,2.1525
28580,Normal_Weight,2.6825
28581,Normal_Weight,3.4175
28582,Normal_Weight,0.765
28583,Normal_Weight,2.9925
28584,Normal_Weight,2.9125
28585,Normal_Weight,2.995
28586,Normal_Weight,4.35
28587,Normal_Weight,5.71
28588,Normal_Weight,4.3125
28589,Normal_Weight,2.975
28590,Normal_Weight,4.1475
28591,Normal_Weight,4.0
28592,Normal_Weight,0.7125
28593,Normal_Weight,5.1025
28594,Normal_Weight,4.945
28595,Normal_Weight,1.0375
28596,Normal_Weight,1.56
28597,Normal_Weight,2.4025
28598,Normal_Weight,3.98
28599,Normal_Weight,4.005
28600,Normal_Weight,4.0
28601,Normal_Weight,4.0
28602,Normal_Weight,0.2675
28603,Normal_Weight,2.96
28604,Normal_Weight,0.09
28605,Normal_Weight,1.185
28606,Normal_Weight,0.86
28607,Normal_Weight,2.955
28608,Normal_Weight,2.995
28609,Normal_Weight,4.0
28610,Normal_Weight,2.01
28611,Normal_Weight,0.8375
28612,Normal_Weight,3.97
28613,Normal_Weight,5.0425
28614,Normal_Weight,2.9825
28615,Normal_Weight,2.9925
28616,Normal_Weight,2.1675
28617,Normal_Weight,2.0
28618,Normal_Weight,0.1975
28619,Normal_Weight,0.1225
28620,Normal_Weight,3.2525
28621,Normal_Weight,4.0
28622,Normal_Weight,2.4775
28623,Normal_Weight,4.0
28624,Normal_Weight,4.0
28625,Normal_Weight,4.0
28626,Normal_Weight,3.0
28627,Normal_Weight,4.0
28628,Normal_Weight,2.9775
28629,Normal_Weight,5.8375
28630,Normal_Weight,3.9425
28631,Normal_Weight,3.6175
28632,Normal_Weight,3.0
28633,Normal_Weight,2.995
28634,Normal_Weight,4.0
28635,Normal_Weight,4.0
28636,Normal_Weight,3.3725
28637,Normal_Weight,2.485
28638,Normal_Weight,0.0025
28639,Normal_Weight,2.99
28640,Normal_Weight,5.855
28641,Normal_Weight,1.1825
28642,Normal_Weight,1.46
28643,Normal_Weight,0.4975
28644,Normal_Weight,0.675
28645,Normal_Weight,4.0
28646,Normal_Weight,2.8625
28647,Normal_Weight,1.08
28648,Normal_Weight,2.9425
28649,Normal_Weight,0.635
28650,Normal_Weight,0.1075
28651,Normal_Weight,2.395
28652,Normal_Weight,2.1775
28653,Normal_Weight,2.9775
28654,Normal_Weight,5.8625
28655,Normal_Weight,0.775
28656,Normal_Weight,3.8625
28657,Normal_Weight,1.4925
28658,Normal_Weight,2.0
28659,Normal_Weight,0.2275
28660,Normal_Weight,2.995
28661,Normal_Weight,2.9475
28662,Normal_Weight,2.24
28663,Normal_Weight,4.195
28664,Normal_Weight,0.5275
28665,Normal_Weight,2.92
28666,Normal_Weight,2.995
28667,Normal_Weight,4.8625
28668,Normal_Weight,4.05
28669,Normal_Weight,0.1175
28670,Normal_Weight,0.0
28671,Normal_Weight,1.075
28672,Normal_Weight,2.165
28673,Normal_Weight,2.0075
28674,Normal_Weight,2.8175
28675,Normal_Weight,0.4325
28676,Normal_Weight,2.87
28677,Normal_Weight,4.295
28678,Normal_Weight,0.12
28679,Normal_Weight,4.1025
28680,Normal_Weight,0.1375
28681,Normal_Weight,4.0
28682,Normal_Weight,4.0
28683,Normal_Weight,4.91
28684,Normal_Weight,4.335
28685,Normal_Weight,4.0
28686,Normal_Weight,4.0
28687,Normal_Weight,2.5125
28688,Normal_Weight,1.1425
28689,Normal_Weight,5.8625
28690,Normal_Weight,3.1175
28691,Normal_Weight,4.385
28692,Normal_Weight,2.92
28693,Normal_Weight,4.0
28694,Normal_Weight,0.1575
28695,Normal_Weight,4.0
28696,Normal_Weight,3.4
28697,Normal_Weight,3.0
28698,Normal_Weight,3.8975
28699,Normal_Weight,3.16
28700,Normal_Weight,4.0
28701,Normal_Weight,2.9925
28702,Normal_Weight,4.0
28703,Normal_Weight,0.0975
28704,Normal_Weight,5.6675
28705,Normal_Weight,2.4225
28706,Normal_Weight,0.17
28707,Normal_Weight,4.0
28708,Normal_Weight,3.0
28709,Normal_Weight,4.0
28710,Normal_Weight,4.695
28711,Normal_Weight,0.0125
28712,Normal_Weight,4.0
28713,Normal_Weight,2.9425
28714,Normal_Weight,5.8225
28715,Normal_Weight,3.0
28716,Normal_Weight,2.9675
28717,Normal_Weight,4.0
28718,Normal_Weight,2.545
28719,Normal_Weight,4.7125
28720,Normal_Weight,2.9225
28721,Normal_Weight,3.5175
28722,Normal_Weight,0.6025
28723,Normal_Weight,0.1375
28724,Normal_Weight,4.0
28725,Normal_Weight,5.685
28726,Normal_Weight,3.3275
28727,Normal_Weight,4.4875
28728,Normal_Weight,4.0
28729,Normal_Weight,2.555
28730,Normal_Weight,4.0
28731,Normal_Weight,3.035
28732,Normal_Weight,3.0
28733,Normal_Weight,5.915
28734,Normal_Weight,2.54
28735,Normal_Weight,4.0
28736,Normal_Weight,3.765
28737,Normal_Weight,4.7575
28738,Normal_Weight,0.225
28739,Normal_Weight,2.15
28740,Normal_Weight,2.9525
28741,Normal_Weight,2.9975
28742,Normal_Weight,2.22
28743,Normal_Weight,1.195
28744,Normal_Weight,4.0
28745,Normal_Weight,3.0
28746,Normal_Weight,2.1275
28747,Normal_Weight,5.835
28748,Normal_Weight,4.0
28749,Normal_Weight,5.335
28750,Normal_Weight,1.3625
28751,Normal_Weight,2.41
28752,Normal_Weight,3.67
28753,Normal_Weight,0.9875
28754,Normal_Weight,2.06
28755,Normal_Weight,0.99
28756,Normal_Weight,2.545
28757,Normal_Weight,5.86
28758,Normal_Weight,4.0
28759,Normal_Weight,4.7
28760,Normal_Weight,4.0
28761,Normal_Weight,0.64
28762,Normal_Weight,0.005
28763,Normal_Weight,2.1925
28764,Normal_Weight,1.0225
28765,Normal_Weight,4.0
28766,Normal_Weight,4.0
28767,Normal_Weight,4.69
28768,Normal_Weight,0.7575
28769,Normal_Weight,0.48
28770,Normal_Weight,4.0
28771,Normal_Weight,4.0
28772,Normal_Weight,2.9725
28773,Normal_Weight,0.0725
28774,Normal_Weight,1.0275
28775,Normal_Weight,2.0
28776,Normal_Weight,5.6275
28777,Normal_Weight,2.9725
28778,Normal_Weight,4.0
28779,Normal_Weight,2.95
28780,Normal_Weight,4.0
28781,Normal_Weight,3.015
28782,Normal_Weight,4.215
28783,Normal_Weight,2.9775
28784,Normal_Weight,4.0
28785,Normal_Weight,2.4025
28786,Normal_Weight,2.965
28787,Normal_Weight,4.0
28788,Normal_Weight,3.435
28789,Normal_Weight,2.94
28790,Normal_Weight,4.0
28791,Normal_Weight,4.915
28792,Normal_Weight,3.9675
28793,Normal_Weight,2.45
28794,Normal_Weight,3.19
28795,Normal_Weight,2.9775
28796,Normal_Weight,4.0
28797,Normal_Weight,0.1175
28798,Normal_Weight,2.4825
28799,Normal_Weight,4.0
28800,Normal_Weight,4.0
28801,Normal_Weight,3.995
28802,Normal_Weight,0.295
28803,Normal_Weight,0.4625
28804,Normal_Weight,5.03
28805,Normal_Weight,5.0225
28806,Normal_Weight,4.0
28807,Normal_Weight,3.07
28808,Normal_Weight,0.0975
28809,Normal_Weight,2.7625
28810,Normal_Weight,4.0
28811,Normal_Weight,5.9
28812,Normal_Weight,0.0925
28813,Normal_Weight,2.9175
28814,Normal_Weight,2.04
28815,Normal_Weight,2.495
28816,Normal_Weight,4.6625
28817,Normal_Weight,2.98
28818,Normal_Weight,1.165
28819,Normal_Weight,2.5075
28820,Normal_Weight,4.0
28821,Normal_Weight,0.4925
28822,Normal_Weight,1.59
28823,Normal_Weight,2.5075
28824,Normal_Weight,0.005
28825,Normal_Weight,0.4125
28826,Normal_Weight,5.6925
28827,Normal_Weight,3.4925
28828,Normal_Weight,4.0
28829,Normal_Weight,2.6175
28830,Normal_Weight,1.1725
28831,Normal_Weight,4.0
28832,Normal_Weight,2.4925
28833,Normal_Weight,2.94
28834,Normal_Weight,2.0625
28835,Normal_Weight,3.4375
28836,Normal_Weight,4.0
28837,Normal_Weight,1.185
28838,Normal_Weight,0.9175
28839,Normal_Weight,1.3325
28840,Normal_Weight,4.0
28841,Normal_Weight,4.0
28842,Normal_Weight,4.0
28843,Normal_Weight,4.0
28844,Normal_Weight,5.4475
28845,Normal_Weight,5.66
28846,Normal_Weight,1.1975
28847,Normal_Weight,4.9125
28848,Normal_Weight,2.805
28849,Normal_Weight,4.0
28850,Normal_Weight,2.93
28851,Normal_Weight,0.1475
28852,Normal_Weight,0.56
28853,Normal_Weight,2.7325
28854,Normal_Weight,2.96
28855,Normal_Weight,4.0
28856,Normal_Weight,4.945
28857,Normal_Weight,2.5825
28858,Normal_Weight,3.0
28859,Normal_Weight,4.0
28860,Normal_Weight,2.8125
28861,Normal_Weight,5.275
28862,Normal_Weight,1.575
28863,Normal_Weight,0.3075
28864,Normal_Weight,2.98
28865,Normal_Weight,5.3325
28866,Normal_Weight,4.61
28867,Normal_Weight,3.91
28868,Normal_Weight,3.0
28869,Normal_Weight,4.0
28870,Normal_Weight,0.9625
28871,Normal_Weight,0.0775
28872,Normal_Weight,5.895
28873,Normal_Weight,0.1925
28874,Normal_Weight,0.955
28875,Normal_Weight,3.975
28876,Normal_Weight,4.0
28877,Normal_Weight,4.0
28878,Normal_Weight,0.04
28879,Normal_Weight,3.1875
28880,Normal_Weight,4.0
28881,Normal_Weight,2.5675
28882,Normal_Weight,4.0
28883,Normal_Weight,4.1675
28884,Normal_Weight,0.01
28885,Normal_Weight,3.3725
28886,Normal_Weight,5.09
28887,Normal_Weight,2.895
28888,Normal_Weight,2.9775
28889,Normal_Weight,0.855
28890,Normal_Weight,4.0175
28891,Normal_Weight,4.8375
28892,Normal_Weight,5.4025
28893,Normal_Weight,4.79
28894,Normal_Weight,0.045
28895,Normal_Weight,4.0
28896,Normal_Weight,5.58
28897,Normal_Weight,2.05
28898,Normal_Weight,3.62
28899,Normal_Weight,4.64
28900,Normal_Weight,4.0
28901,Normal_Weight,3.695
28902,Normal_Weight,4.9675
28903,Normal_Weight,3.535
28904,Normal_Weight,2.1625
28905,Normal_Weight,4.0
28906,Normal_Weight,2.255
28907,Normal_Weight,0.0
28908,Normal_Weight,1.145
28909,Normal_Weight,3.48
28910,Normal_Weight,1.0325
28911,Normal_Weight,4.0
28912,Normal_Weight,0.23
28913,Normal_Weight,5.4725
28914,Normal_Weight,2.615
28915,Normal_Weight,2.9775
28916,Normal_Weight,0.015
28917,Normal_Weight,4.0
28918,Normal_Weight,5.885
28919,Normal_Weight,2.555
28920,Normal_Weight,0.1525
28921,Normal_Weight,1.495
28922,Normal_Weight,3.355
28923,Normal_Weight,4.8625
28924,Normal_Weight,1.135
28925,Normal_Weight,5.92
28926,Normal_Weight,2.0
28927,Normal_Weight,2.95
28928,Normal_Weight,5.6325
28929,Normal_Weight,4.0
28930,Normal_Weight,2.9825
28931,Normal_Weight,4.0
28932,Normal_Weight,0.0
28933,Normal_Weight,0.0675
28934,Normal_Weight,4.0
28935,Normal_Weight,0.7675
28936,Normal_Weight,3.33
28937,Normal_Weight,1.165
28938,Normal_Weight,0.16
28939,Normal_Weight,5.7375
28940,Normal_Weight,0.0025
28941,Normal_Weight,5.01
28942,Normal_Weight,4.0
28943,Normal_Weight,4.0
28944,Normal_Weight,2.9325
28945,Normal_Weight,2.42
28946,Normal_Weight,5.425
28947,Normal_Weight,0.03
28948,Normal_Weight,0.9875
28949,Normal_Weight,2.935
28950,Normal_Weight,4.2575
28951,Normal_Weight,5.525
28952,Normal_Weight,2.06
28953,Normal_Weight,3.7125
28954,Normal_Weight,0.2475
28955,Normal_Weight,1.69
28956,Normal_Weight,4.0
28957,Normal_Weight,0.7025
28958,Normal_Weight,4.0
28959,Normal_Weight,4.0
28960,Normal_Weight,4.0
28961,Normal_Weight,5.1175
28962,Normal_Weight,2.7375
28963,Normal_Weight,1.0
28964,Normal_Weight,3.2825
28965,Normal_Weight,3.3425
28966,Normal_Weight,2.99
28967,Normal_Weight,4.0
28968,Normal_Weight,4.6675
28969,Normal_Weight,4.5675
28970,Normal_Weight,3.0
28971,Normal_Weight,4.84
28972,Normal_Weight,3.275
28973,Normal_Weight,4.8675
28974,Normal_Weight,4.45
28975,Normal_Weight,0.17
28976,Normal_Weight,3.0
28977,Normal_Weight,2.935
28978,Normal_Weight,0.8525
28979,Normal_Weight,0.015
28980,Normal_Weight,3.0
28981,Normal_Weight,2.0
28982,Normal_Weight,5.3975
28983,Normal_Weight,5.44
28984,Normal_Weight,1.0375
28985,Normal_Weight,1.9875
28986,Normal_Weight,2.9025
28987,Normal_Weight,5.2875
28988,Normal_Weight,1.545
28989,Normal_Weight,4.0
28990,Normal_Weight,4.0
28991,Normal_Weight,0.0075
28992,Normal_Weight,4.0
28993,Normal_Weight,5.375
28994,Normal_Weight,0.0
28995,Normal_Weight,4.01
28996,Normal_Weight,2.28
28997,Normal_Weight,0.005
28998,Normal_Weight,3.0
28999,Normal_Weight,4.58
29000,Normal_Weight,0.1375
29001,Normal_Weight,3.0
29002,Normal_Weight,1.195
29003,Normal_Weight,4.525
29004,Normal_Weight,3.5075
29005,Normal_Weight,2.605
29006,Normal_Weight,4.0
29007,Normal_Weight,1.0375
29008,Normal_Weight,4.0
29009,Normal_Weight,4.0
29010,Normal_Weight,3.0475
29011,Normal_Weight,2.4825
29012,Normal_Weight,2.5075
29013,Normal_Weight,5.175
29014,Normal_Weight,1.195
29015,Normal_Weight,0.32
29016,Normal_Weight,4.0
29017,Normal_Weight,0.0125
29018,Normal_Weight,1.0275
29019,Normal_Weight,4.605
29020,Normal_Weight,2.905
29021,Normal_Weight,5.2425
29022,Normal_Weight,2.96
29023,Normal_Weight,5.005
29024,Normal_Weight,3.0
29025,Normal_Weight,4.0
29026,Normal_Weight,0.7125
29027,Normal_Weight,1.3375
29028,Normal_Weight,4.0
29029,Normal_Weight,2.9975
29030,Normal_Weight,4.0
29031,Normal_Weight,0.1975
29032,Normal_Weight,4.6275
29033,Normal_Weight,0.1125
29034,Normal_Weight,4.7925
29035,Normal_Weight,0.025
29036,Normal_Weight,2.605
29037,Normal_Weight,1.1775
29038,Normal_Weight,4.7075
29039,Normal_Weight,4.0
29040,Normal_Weight,3.0
29041,Normal_Weight,4.0
29042,Normal_Weight,4.0
29043,Normal_Weight,4.0
29044,Normal_Weight,2.4925
29045,Normal_Weight,3.7875
29046,Normal_Weight,4.0
29047,Normal_Weight,4.4025
29048,Normal_Weight,1.11
29049,Normal_Weight,0.9125
29050,Normal_Weight,4.65
29051,Normal_Weight,0.065
29052,Normal_Weight,2.5575
29053,Normal_Weight,2.14
29054,Normal_Weight,1.125
29055,Normal_Weight,4.0
29056,Normal_Weight,2.48
29057,Normal_Weight,5.66
29058,Normal_Weight,3.865
29059,Normal_Weight,2.385
29060,Normal_Weight,4.4925
29061,Normal_Weight,4.0
29062,Normal_Weight,4.2975
29063,Normal_Weight,0.27
29064,Normal_Weight,4.0
29065,Normal_Weight,4.0
29066,Normal_Weight,4.0
29067,Normal_Weight,1.64
29068,Normal_Weight,0.0775
29069,Normal_Weight,4.0
29070,Normal_Weight,0.01
29071,Normal_Weight,3.6375
29072,Normal_Weight,1.18
29073,Normal_Weight,2.975
29074,Normal_Weight,0.205
29075,Normal_Weight,2.95
29076,Normal_Weight,5.4375
29077,Normal_Weight,1.5275
29078,Normal_Weight,0.8475
29079,Normal_Weight,4.0
29080,Normal_Weight,2.38
29081,Normal_Weight,4.0
29082,Normal_Weight,4.0
29083,Normal_Weight,2.975
29084,Normal_Weight,4.4275
29085,Normal_Weight,4.72
29086,Normal_Weight,4.0
29087,Normal_Weight,4.795
29088,Normal_Weight,4.0
29089,Normal_Weight,0.9375
29090,Normal_Weight,2.285
29091,Normal_Weight,3.0
29092,Normal_Weight,3.7775
29093,Normal_Weight,4.0
29094,Normal_Weight,4.92
29095,Normal_Weight,5.5025
29096,Normal_Weight,3.515
29097,Normal_Weight,5.59
29098,Normal_Weight,2.0
29099,Normal_Weight,2.6925
29100,Normal_Weight,0.415
29101,Normal_Weight,2.935
29102,Normal_Weight,4.0
29103,Normal_Weight,4.0
29104,Normal_Weight,0.1275
29105,Normal_Weight,5.785
29106,Normal_Weight,0.3475
29107,Normal_Weight,2.9375
29108,Normal_Weight,3.785
29109,Normal_Weight,4.35
29110,Normal_Weight,5.69
29111,Normal_Weight,1.195
29112,Normal_Weight,4.0
29113,Normal_Weight,4.0
29114,Normal_Weight,4.1025
29115,Normal_Weight,2.93
29116,Normal_Weight,2.61
29117,Normal_Weight,3.0
29118,Normal_Weight,4.9275
29119,Normal_Weight,2.93
29120,Normal_Weight,4.0
29121,Normal_Weight,4.0
29122,Normal_Weight,2.1475
29123,Normal_Weight,4.0
29124,Normal_Weight,0.05
29125,Normal_Weight,2.03
29126,Normal_Weight,5.89
29127,Normal_Weight,4.96
29128,Normal_Weight,4.0
29129,Normal_Weight,4.0825
29130,Normal_Weight,4.0
29131,Normal_Weight,1.0
29132,Normal_Weight,2.5575
29133,Normal_Weight,5.765
29134,Normal_Weight,4.0
29135,Normal_Weight,4.0
29136,Normal_Weight,4.0
29137,Normal_Weight,4.0
29138,Normal_Weight,2.8325
29139,Normal_Weight,0.6725
29140,Normal_Weight,4.0
29141,Normal_Weight,1.105
29142,Normal_Weight,2.9825
29143,Normal_Weight,2.9875
29144,Normal_Weight,4.6975
29145,Normal_Weight,2.1625
29146,Normal_Weight,2.555
29147,Normal_Weight,2.995
29148,Normal_Weight,4.0
29149,Normal_Weight,5.14
29150,Normal_Weight,2.985
29151,Normal_Weight,5.1675
29152,Normal_Weight,4.0
29153,Normal_Weight,0.11
29154,Normal_Weight,2.2975
29155,Normal_Weight,2.555
29156,Normal_Weight,4.0
29157,Normal_Weight,4.0
29158,Normal_Weight,0.4375
29159,Normal_Weight,4.0
29160,Normal_Weight,2.5725
29161,Normal_Weight,4.595
29162,Normal_Weight,4.0
29163,Normal_Weight,2.89
29164,Normal_Weight,2.805
29165,Normal_Weight,3.87
29166,Normal_Weight,1.2975
29167,Normal_Weight,1.7925
29168,Normal_Weight,2.9525
29169,Normal_Weight,0.3475
29170,Normal_Weight,3.0
29171,Normal_Weight,3.4075
29172,Normal_Weight,3.0
29173,Normal_Weight,5.575
29174,Normal_Weight,2.8925
29175,Normal_Weight,3.3625
29176,Normal_Weight,4.495
29177,Normal_Weight,3.1475
29178,Normal_Weight,2.9925
29179,Normal_Weight,0.77
29180,Normal_Weight,5.535
29181,Normal_Weight,5.775
29182,Normal_Weight,4.0
29183,Normal_Weight,0.0175
29184,Normal_Weight,5.8225
29185,Normal_Weight,2.99
29186,Normal_Weight,1.36
29187,Normal_Weight,0.0225
29188,Normal_Weight,0.6375
29189,Normal_Weight,4.0
29190,Normal_Weight,0.0075
29191,Normal_Weight,2.1025
29192,Normal_Weight,4.0
29193,Normal_Weight,5.2825
29194,Normal_Weight,4.0
29195,Normal_Weight,4.0
29196,Normal_Weight,2.965
29197,Normal_Weight,2.89
29198,Normal_Weight,0.2075
29199,Normal_Weight,0.8475
29200,Normal_Weight,5.7575
29201,Normal_Weight,3.9725
29202,Normal_Weight,0.015
29203,Normal_Weight,4.0
29204,Normal_Weight,5.4675
29205,Normal_Weight,0.2725
29206,Normal_Weight,0.3925
29207,Normal_Weight,3.8825
29208,Normal_Weight,2.2875
29209,Normal_Weight,5.8575
29210,Normal_Weight,4.0
29211,Normal_Weight,4.0
29212,Normal_Weight,2.985
29213,Normal_Weight,2.8025
29214,Normal_Weight,5.315
29215,Normal_Weight,0.7425
29216,Normal_Weight,2.7425
29217,Normal_Weight,4.0
29218,Normal_Weight,2.9775
29219,Normal_Weight,0.115
29220,Normal_Weight,2.6075
29221,Normal_Weight,4.0
29222,Normal_Weight,4.605
29223,Normal_Weight,2.895
29224,Normal_Weight,2.2575
29225,Normal_Weight,0.6125
29226,Normal_Weight,2.4225
29227,Normal_Weight,1.16
29228,Normal_Weight,1.8775
29229,Normal_Weight,2.9975
29230,Normal_Weight,0.0125
29231,Normal_Weight,4.0
29232,Normal_Weight,0.115
29233,Normal_Weight,4.0
29234,Normal_Weight,2.8725
29235,Normal_Weight,4.0
29236,Normal_Weight,0.2475
29237,Normal_Weight,3.495
29238,Normal_Weight,4.755
29239,Normal_Weight,2.975
29240,Normal_Weight,4.0
29241,Normal_Weight,4.94
29242,Normal_Weight,4.0
29243,Normal_Weight,4.0
29244,Normal_Weight,3.895
29245,Normal_Weight,5.92
29246,Normal_Weight,2.9975
29247,Normal_Weight,3.9125
29248,Normal_Weight,4.0
29249,Normal_Weight,0.0
29250,Normal_Weight,0.9725
29251,Normal_Weight,2.2425
29252,Normal_Weight,4.0
29253,Normal_Weight,2.6775
29254,Normal_Weight,0.6975
29255,Normal_Weight,0.0
29256,Normal_Weight,4.7025
29257,Normal_Weight,3.2275
29258,Normal_Weight,4.0
29259,Normal_Weight,5.08
29260,Normal_Weight,3.2975
29261,Normal_Weight,0.0825
29262,Normal_Weight,4.0
29263,Normal_Weight,4.7375
29264,Normal_Weight,2.265
29265,Normal_Weight,0.1975
29266,Normal_Weight,4.595
29267,Normal_Weight,4.895
29268,Normal_Weight,2.9975
29269,Normal_Weight,0.045
29270,Normal_Weight,3.9475
29271,Normal_Weight,4.0
29272,Normal_Weight,4.8
29273,Normal_Weight,0.1275
29274,Normal_Weight,2.545
29275,Normal_Weight,0.19
29276,Normal_Weight,5.925
29277,Normal_Weight,4.0
29278,Normal_Weight,2.5375
29279,Normal_Weight,4.0
29280,Normal_Weight,4.8325
29281,Normal_Weight,5.31
29282,Normal_Weight,3.9825
29283,Normal_Weight,2.64
29284,Normal_Weight,3.82
29285,Normal_Weight,2.985
29286,Normal_Weight,5.885
29287,Normal_Weight,4.0
29288,Normal_Weight,4.0
29289,Normal_Weight,0.1925
29290,Normal_Weight,4.99
29291,Normal_Weight,4.0
29292,Normal_Weight,2.325
29293,Normal_Weight,2.06
29294,Normal_Weight,5.4725
29295,Normal_Weight,4.0
29296,Normal_Weight,2.7775
29297,Normal_Weight,3.275
29298,Normal_Weight,0.785
29299,Normal_Weight,2.3675
29300,Normal_Weight,3.2875
29301,Normal_Weight,5.485
29302,Normal_Weight,4.6875
29303,Normal_Weight,5.8275
29304,Normal_Weight,2.83
29305,Normal_Weight,4.0
29306,Normal_Weight,2.9375
29307,Normal_Weight,0.4575
29308,Normal_Weight,4.0
29309,Normal_Weight,5.9275
29310,Normal_Weight,5.1575
29311,Normal_Weight,1.19
29312,Normal_Weight,2.855
29313,Normal_Weight,2.49
29314,Normal_Weight,0.7225
29315,Normal_Weight,4.0
29316,Normal_Weight,2.7025
29317,Normal_Weight,5.03
29318,Normal_Weight,2.9875
29319,Normal_Weight,5.01
29320,Normal_Weight,2.9525
29321,Normal_Weight,5.0075
29322,Normal_Weight,2.995
29323,Normal_Weight,2.69
29324,Normal_Weight,3.335
29325,Normal_Weight,4.0
29326,Normal_Weight,4.0
29327,Normal_Weight,1.065
29328,Normal_Weight,1.4825
29329,Normal_Weight,3.59
29330,Normal_Weight,5.3975
29331,Normal_Weight,3.385
29332,Normal_Weight,0.09
29333,Normal_Weight,0.0
29334,Normal_Weight,4.77
29335,Normal_Weight,4.8775
29336,Normal_Weight,0.69
29337,Normal_Weight,4.7625
29338,Normal_Weight,2.9475
29339,Normal_Weight,2.3825
29340,Normal_Weight,5.19
29341,Normal_Weight,4.9425
29342,Normal_Weight,1.0
29343,Normal_Weight,4.0
29344,Normal_Weight,2.58
29345,Normal_Weight,4.0
29346,Normal_Weight,2.495
29347,Normal_Weight,3.2425
29348,Normal_Weight,0.1925
29349,Normal_Weight,3.6925
29350,Normal_Weight,2.795
29351,Normal_Weight,3.0975
29352,Normal_Weight,3.66
29353,Normal_Weight,4.0
29354,Normal_Weight,3.7975
29355,Normal_Weight,3.155
29356,Normal_Weight,2.59
29357,Normal_Weight,5.1175
29358,Normal_Weight,5.91
29359,Normal_Weight,5.4975
29360,Normal_Weight,3.0
29361,Normal_Weight,4.0
29362,Normal_Weight,0.2225
29363,Normal_Weight,2.8
29364,Normal_Weight,0.0025
29365,Normal_Weight,2.9925
29366,Normal_Weight,2.4875
29367,Normal_Weight,2.9975
29368,Normal_Weight,3.465
29369,Normal_Weight,4.0
29370,Normal_Weight,4.0
29371,Normal_Weight,1.01
29372,Normal_Weight,2.8325
29373,Normal_Weight,0.0325
29374,Normal_Weight,2.96
29375,Normal_Weight,4.0
29376,Normal_Weight,3.4475
29377,Normal_Weight,4.1575
29378,Normal_Weight,4.0
29379,Normal_Weight,2.995
29380,Normal_Weight,5.6225
29381,Normal_Weight,5.71
29382,Normal_Weight,1.35
29383,Normal_Weight,3.0
29384,Normal_Weight,4.195
29385,Normal_Weight,2.9575
29386,Normal_Weight,0.92
29387,Normal_Weight,3.1075
29388,Normal_Weight,2.9875
29389,Normal_Weight,4.3125
29390,Normal_Weight,2.09
29391,Normal_Weight,4.0
29392,Normal_Weight,5.005
29393,Normal_Weight,2.5375
29394,Normal_Weight,2.6325
29395,Normal_Weight,0.055
29396,Normal_Weight,3.305
29397,Normal_Weight,5.8725
29398,Normal_Weight,0.9625
29399,Normal_Weight,4.3225
29400,Normal_Weight,3.22
29401,Normal_Weight,1.55
29402,Normal_Weight,0.15
29403,Normal_Weight,4.0
29404,Normal_Weight,2.995
29405,Normal_Weight,2.995
29406,Normal_Weight,5.0525
29407,Normal_Weight,2.7425
29408,Normal_Weight,3.7275
29409,Normal_Weight,4.0
29410,Normal_Weight,4.085
29411,Normal_Weight,0.0175
29412,Normal_Weight,2.96
29413,Normal_Weight,4.0
29414,Normal_Weight,1.0
29415,Normal_Weight,4.04
29416,Normal_Weight,4.0
29417,Normal_Weight,3.94
29418,Normal_Weight,2.8725
29419,Normal_Weight,5.005
29420,Normal_Weight,5.625
29421,Normal_Weight,5.89
29422,Normal_Weight,4.96
29423,Normal_Weight,2.1075
29424,Normal_Weight,5.035
29425,Normal_Weight,2.08
29426,Normal_Weight,0.135
29427,Normal_Weight,4.0
29428,Normal_Weight,5.3625
29429,Normal_Weight,2.6625
29430,Normal_Weight,0.0025
29431,Normal_Weight,4.1525
29432,Normal_Weight,2.4775
29433,Normal_Weight,2.94
29434,Normal_Weight,4.0
29435,Normal_Weight,2.96
29436,Normal_Weight,0.6425
29437,Normal_Weight,3.81
29438,Normal_Weight,0.015
29439,Normal_Weight,3.0
29440,Normal_Weight,2.985
29441,Normal_Weight,5.4625
29442,Normal_Weight,4.0
29443,Normal_Weight,4.6775
29444,Normal_Weight,1.095
29445,Normal_Weight,2.93
29446,Normal_Weight,0.0125
29447,Normal_Weight,4.0
29448,Normal_Weight,5.1525
29449,Normal_Weight,2.55
29450,Normal_Weight,0.5875
29451,Normal_Weight,0.0575
29452,Normal_Weight,1.185
29453,Normal_Weight,2.54
29454,Normal_Weight,2.94
29455,Normal_Weight,2.17
29456,Normal_Weight,0.98
29457,Normal_Weight,4.52
29458,Normal_Weight,0.9775
29459,Normal_Weight,1.5525
29460,Normal_Weight,1.0875
29461,Normal_Weight,2.5225
29462,Normal_Weight,4.0
29463,Normal_Weight,2.9975
29464,Normal_Weight,2.965
29465,Normal_Weight,0.0
29466,Normal_Weight,0.09
29467,Normal_Weight,1.695
29468,Normal_Weight,4.0
29469,Normal_Weight,2.8925
29470,Normal_Weight,4.0
29471,Normal_Weight,3.2625
29472,Normal_Weight,2.47
29473,Normal_Weight,0.595
29474,Normal_Weight,3.22
29475,Normal_Weight,2.9975
29476,Normal_Weight,0.3275
29477,Normal_Weight,4.0
29478,Normal_Weight,1.275
29479,Normal_Weight,2.6025
29480,Normal_Weight,2.855
29481,Normal_Weight,2.0075
29482,Normal_Weight,2.56
29483,Normal_Weight,4.0
29484,Normal_Weight,2.9875
29485,Normal_Weight,5.5825
29486,Normal_Weight,2.9375
29487,Normal_Weight,3.7
29488,Normal_Weight,4.0
29489,Normal_Weight,1.74
29490,Normal_Weight,2.7275
29491,Normal_Weight,4.0
29492,Normal_Weight,2.935
29493,Normal_Weight,3.0
29494,Normal_Weight,3.8725
29495,Normal_Weight,2.02
29496,Normal_Weight,4.0
29497,Normal_Weight,2.09
29498,Normal_Weight,0.06
29499,Normal_Weight,0.57
29500,Normal_Weight,0.005
29501,Normal_Weight,4.635
29502,Normal_Weight,3.86
29503,Normal_Weight,4.0
29504,Normal_Weight,1.66
29505,Normal_Weight,0.0025
29506,Normal_Weight,2.8875
29507,Normal_Weight,3.64
29508,Normal_Weight,4.0
29509,Normal_Weight,5.8675
29510,Normal_Weight,0.6075
29511,Normal_Weight,4.0
29512,Normal_Weight,0.1025
29513,Normal_Weight,5.84
29514,Normal_Weight,2.6025
29515,Normal_Weight,4.0
29516,Normal_Weight,4.31
29517,Normal_Weight,0.335
29518,Normal_Weight,4.0
29519,Normal_Weight,4.765
29520,Normal_Weight,2.0425
29521,Normal_Weight,4.0
29522,Normal_Weight,3.5725
29523,Normal_Weight,2.2625
29524,Normal_Weight,4.9175
29525,Normal_Weight,0.0
29526,Normal_Weight,1.57
29527,Normal_Weight,0.015
29528,Normal_Weight,4.3325
29529,Normal_Weight,0.0775
29530,Normal_Weight,0.015
29531,Normal_Weight,2.95
29532,Normal_Weight,2.905
29533,Normal_Weight,4.695
29534,Normal_Weight,3.7525
29535,Normal_Weight,1.41
29536,Normal_Weight,4.93
29537,Normal_Weight,3.0
29538,Normal_Weight,0.375
29539,Normal_Weight,2.5475
29540,Normal_Weight,4.0
29541,Normal_Weight,3.2325
29542,Normal_Weight,2.9375
29543,Normal_Weight,0.19
29544,Normal_Weight,3.0
29545,Normal_Weight,4.0
29546,Normal_Weight,4.5275
29547,Normal_Weight,5.545
29548,Normal_Weight,1.8125
29549,Normal_Weight,2.27
29550,Normal_Weight,0.6575
29551,Normal_Weight,0.1175
29552,Normal_Weight,2.375
29553,Normal_Weight,2.94
29554,Normal_Weight,5.125
29555,Normal_Weight,4.0
29556,Normal_Weight,3.99
29557,Normal_Weight,1.0075
29558,Normal_Weight,4.0
29559,Normal_Weight,0.0325
29560,Normal_Weight,2.9975
29561,Normal_Weight,1.6775
29562,Normal_Weight,0.0
29563,Normal_Weight,3.3775
29564,Normal_Weight,0.02
29565,Normal_Weight,3.98
29566,Normal_Weight,3.5525
29567,Normal_Weight,4.0
29568,Normal_Weight,4.0
29569,Normal_Weight,5.2225
29570,Normal_Weight,4.1125
29571,Normal_Weight,4.0
29572,Normal_Weight,1.66
29573,Normal_Weight,0.3275
29574,Normal_Weight,2.9975
29575,Normal_Weight,2.82
29576,Normal_Weight,3.0
29577,Normal_Weight,5.795
29578,Normal_Weight,0.7575
29579,Normal_Weight,2.565
29580,Normal_Weight,0.26
29581,Normal_Weight,4.885
29582,Normal_Weight,2.1325
29583,Normal_Weight,4.8775
29584,Normal_Weight,2.825
29585,Normal_Weight,1.715
29586,Normal_Weight,0.095
29587,Normal_Weight,4.1325
29588,Normal_Weight,2.93
29589,Normal_Weight,2.175
29590,Normal_Weight,4.0275
29591,Normal_Weight,2.5
29592,Normal_Weight,1.2275
29593,Normal_Weight,2.6925
29594,Normal_Weight,3.435
29595,Normal_Weight,4.0
29596,Normal_Weight,2.115
29597,Normal_Weight,0.0625
29598,Normal_Weight,4.7925
29599,Normal_Weight,4.9775
29600,Normal_Weight,5.215
29601,Normal_Weight,2.9575
29602,Normal_Weight,5.19
29603,Normal_Weight,4.715
29604,Normal_Weight,0.545
29605,Normal_Weight,4.0
29606,Normal_Weight,5.74
29607,Normal_Weight,4.0
29608,Normal_Weight,0.0125
29609,Normal_Weight,2.9975
29610,Normal_Weight,3.675
29611,Normal_Weight,2.9925
29612,Normal_Weight,5.2925
29613,Normal_Weight,4.0
29614,Normal_Weight,4.235
29615,Normal_Weight,5.0575
29616,Normal_Weight,2.2125
29617,Normal_Weight,0.49
29618,Normal_Weight,3.8475
29619,Normal_Weight,3.0
29620,Normal_Weight,5.83
29621,Normal_Weight,3.37
29622,Normal_Weight,2.9775
29623,Normal_Weight,4.0
29624,Normal_Weight,4.745
29625,Normal_Weight,4.73
29626,Normal_Weight,2.515
29627,Normal_Weight,0.4725
29628,Normal_Weight,0.015
29629,Normal_Weight,4.0
29630,Normal_Weight,3.985
29631,Normal_Weight,1.57
29632,Normal_Weight,3.495
29633,Normal_Weight,1.2175
29634,Normal_Weight,0.03
29635,Normal_Weight,0.2925
29636,Normal_Weight,4.5625
29637,Normal_Weight,0.495
29638,Normal_Weight,2.545
29639,Normal_Weight,2.93
29640,Normal_Weight,4.0
29641,Normal_Weight,2.545
29642,Normal_Weight,5.86
29643,Normal_Weight,4.0
29644,Normal_Weight,4.0
29645,Normal_Weight,1.3775
29646,Normal_Weight,2.9425
29647,Normal_Weight,2.785
29648,Normal_Weight,2.91
29649,Normal_Weight,1.5075
29650,Normal_Weight,2.995
29651,Normal_Weight,2.945
29652,Normal_Weight,3.795
29653,Normal_Weight,4.0
29654,Normal_Weight,4.0
29655,Normal_Weight,5.1425
29656,Normal_Weight,4.31
29657,Normal_Weight,4.0
29658,Normal_Weight,2.8225
29659,Normal_Weight,2.94
29660,Normal_Weight,4.0
29661,Normal_Weight,4.0
29662,Normal_Weight,4.0
29663,Normal_Weight,4.1725
29664,Normal_Weight,1.195
29665,Normal_Weight,5.5175
29666,Normal_Weight,5.3225
29667,Normal_Weight,4.0
29668,Normal_Weight,2.6475
29669,Normal_Weight,1.3475
29670,Normal_Weight,2.9425
29671,Normal_Weight,2.5525
29672,Normal_Weight,2.84
29673,Normal_Weight,5.5
29674,Normal_Weight,2.495
29675,Normal_Weight,3.0
29676,Normal_Weight,2.5625
29677,Normal_Weight,2.915
29678,Normal_Weight,4.0
29679,Normal_Weight,4.0
29680,Normal_Weight,1.72
29681,Normal_Weight,0.3375
29682,Normal_Weight,3.64
29683,Normal_Weight,5.485
29684,Normal_Weight,0.0175
29685,Normal_Weight,1.04
29686,Normal_Weight,4.1475
29687,Normal_Weight,4.54
29688,Normal_Weight,4.73
29689,Normal_Weight,4.8725
29690,Normal_Weight,4.0
29691,Normal_Weight,4.355
29692,Normal_Weight,2.9525
29693,Normal_Weight,5.88
29694,Normal_Weight,4.0
29695,Normal_Weight,3.915
29696,Normal_Weight,4.0875
29697,Normal_Weight,1.395
29698,Normal_Weight,4.0
29699,Normal_Weight,2.99
29700,Normal_Weight,5.29
29701,Normal_Weight,4.0
29702,Normal_Weight,0.0475
29703,Normal_Weight,2.99
29704,Normal_Weight,5.17
29705,Normal_Weight,2.7125
29706,Normal_Weight,3.445
29707,Normal_Weight,3.0
29708,Normal_Weight,2.4775
29709,Normal_Weight,4.4775
29710,Normal_Weight,1.1675
29711,Normal_Weight,2.92
29712,Normal_Weight,4.925
29713,Normal_Weight,5.685
29714,Normal_Weight,5.2975
29715,Normal_Weight,0.0175
29716,Normal_Weight,0.9975
29717,Normal_Weight,2.9125
29718,Normal_Weight,4.0
29719,Normal_Weight,2.96
29720,Normal_Weight,0.98
29721,Normal_Weight,4.0
29722,Normal_Weight,0.29
29723,Normal_Weight,0.5075
29724,Normal_Weight,3.66
29725,Normal_Weight,3.635
29726,Normal_Weight,4.0
29727,Normal_Weight,0.085
29728,Normal_Weight,0.3025
29729,Normal_Weight,5.1175
29730,Normal_Weight,1.07
29731,Normal_Weight,0.3275
29732,Normal_Weight,3.4525
29733,Normal_Weight,5.805
29734,Normal_Weight,1.0375
29735,Normal_Weight,4.72
29736,Normal_Weight,4.61
29737,Normal_Weight,5.8475
29738,Normal_Weight,2.5525
29739,Normal_Weight,1.135
29740,Normal_Weight,2.9825
29741,Normal_Weight,2.565
29742,Normal_Weight,2.5325
29743,Normal_Weight,5.0125
29744,Normal_Weight,5.0225
29745,Normal_Weight,4.7475
29746,Normal_Weight,2.935
29747,Normal_Weight,0.885
29748,Normal_Weight,5.605
29749,Normal_Weight,3.0
29750,Normal_Weight,4.0
29751,Normal_Weight,2.4175
29752,Normal_Weight,3.19
29753,Normal_Weight,4.0
29754,Normal_Weight,2.5075
29755,Normal_Weight,2.9675
29756,Normal_Weight,4.6225
29757,Normal_Weight,3.9875
29758,Normal_Weight,4.2925
29759,Normal_Weight,1.755
29760,Normal_Weight,4.0
29761,Normal_Weight,4.58
29762,Normal_Weight,0.04
29763,Normal_Weight,4.0
29764,Normal_Weight,4.0
29765,Normal_Weight,1.015
29766,Normal_Weight,3.5375
29767,Normal_Weight,4.0
29768,Normal_Weight,5.76
29769,Normal_Weight,4.0
29770,Normal_Weight,2.545
29771,Normal_Weight,1.1825
29772,Normal_Weight,3.985
29773,Normal_Weight,2.835
29774,Normal_Weight,3.485
29775,Normal_Weight,2.9925
29776,Normal_Weight,4.0
29777,Normal_Weight,2.915
29778,Normal_Weight,2.8725
29779,Normal_Weight,2.9625
29780,Normal_Weight,3.66
29781,Normal_Weight,3.8275
29782,Normal_Weight,3.6775
29783,Normal_Weight,1.6025
29784,Normal_Weight,2.55
29785,Normal_Weight,5.47
29786,Normal_Weight,4.0
29787,Normal_Weight,3.0
29788,Normal_Weight,4.0
29789,Normal_Weight,2.6025
29790,Normal_Weight,0.2125
29791,Normal_Weight,4.0
29792,Normal_Weight,4.895
29793,Normal_Weight,3.5425
29794,Normal_Weight,2.95
29795,Normal_Weight,4.9275
29796,Normal_Weight,1.9725
29797,Normal_Weight,2.3875
29798,Normal_Weight,4.0
29799,Normal_Weight,5.84
29800,Normal_Weight,1.1875
29801,Normal_Weight,2.6975
29802,Normal_Weight,0.0725
29803,Normal_Weight,4.0
29804,Normal_Weight,4.0
29805,Normal_Weight,4.8775
29806,Normal_Weight,5.025
29807,Normal_Weight,1.0075
29808,Normal_Weight,3.0
29809,Normal_Weight,2.9075
29810,Normal_Weight,0.03
29811,Normal_Weight,4.8725
29812,Normal_Weight,0.7575
29813,Normal_Weight,1.57
29814,Normal_Weight,2.9975
29815,Normal_Weight,4.6225
29816,Normal_Weight,2.9
29817,Normal_Weight,4.7875
29818,Normal_Weight,2.9375
29819,Normal_Weight,4.0
29820,Normal_Weight,2.955
29821,Normal_Weight,5.1775
29822,Normal_Weight,2.9175
29823,Normal_Weight,4.0
29824,Normal_Weight,5.5675
29825,Normal_Weight,3.2175
29826,Normal_Weight,3.0
29827,Normal_Weight,5.0
29828,Normal_Weight,1.01
29829,Normal_Weight,0.245
29830,Normal_Weight,4.0
29831,Normal_Weight,0.055
29832,Normal_Weight,4.1175
29833,Normal_Weight,2.8175
29834,Normal_Weight,0.64
29835,Normal_Weight,5.815
29836,Normal_Weight,0.04
29837,Normal_Weight,0.92
29838,Normal_Weight,4.0
29839,Normal_Weight,5.015
29840,Normal_Weight,1.185
29841,Normal_Weight,0.985
29842,Normal_Weight,5.5875
29843,Normal_Weight,0.9725
29844,Normal_Weight,3.0
29845,Normal_Weight,1.63
29846,Normal_Weight,0.0775
29847,Normal_Weight,4.0
29848,Normal_Weight,2.575
29849,Normal_Weight,3.2375
29850,Normal_Weight,4.08
29851,Normal_Weight,5.64
29852,Normal_Weight,3.0
29853,Normal_Weight,4.315
29854,Normal_Weight,3.0
29855,Normal_Weight,4.0
29856,Normal_Weight,3.14
29857,Normal_Weight,4.0
29858,Normal_Weight,2.9925
29859,Normal_Weight,5.8725
29860,Normal_Weight,2.75
29861,Normal_Weight,2.9575
29862,Normal_Weight,0.0
29863,Normal_Weight,0.2825
29864,Normal_Weight,5.7375
29865,Normal_Weight,0.055
29866,Normal_Weight,0.225
29867,Normal_Weight,0.005
29868,Normal_Weight,0.4225
29869,Normal_Weight,4.0
29870,Normal_Weight,4.0
29871,Normal_Weight,4.4575
29872,Normal_Weight,2.6125
29873,Normal_Weight,5.32
29874,Normal_Weight,5.845
29875,Normal_Weight,0.0025
29876,Normal_Weight,3.0
29877,Normal_Weight,3.7525
29878,Normal_Weight,2.5675
29879,Normal_Weight,4.0
29880,Normal_Weight,2.9275
29881,Normal_Weight,2.9725
29882,Normal_Weight,2.965
29883,Normal_Weight,4.8825
29884,Normal_Weight,0.06
29885,Normal_Weight,3.0
29886,Normal_Weight,3.9925
29887,Normal_Weight,4.0
29888,Normal_Weight,4.0
29889,Normal_Weight,4.0
29890,Normal_Weight,0.18
29891,Normal_Weight,0.125
29892,Normal_Weight,1.1725
29893,Normal_Weight,4.3475
29894,Normal_Weight,4.0
29895,Normal_Weight,2.56
29896,Normal_Weight,4.0
29897,Normal_Weight,0.0025
29898,Normal_Weight,3.0
29899,Normal_Weight,0.995
29900,Normal_Weight,1.4575
29901,Normal_Weight,0.825
29902,Normal_Weight,1.2075
29903,Normal_Weight,3.945
29904,Normal_Weight,5.18
29905,Normal_Weight,0.8325
29906,Normal_Weight,3.39
29907,Normal_Weight,2.23
29908,Normal_Weight,2.585
29909,Normal_Weight,2.765
29910,Normal_Weight,4.0
29911,Normal_Weight,4.0
29912,Normal_Weight,3.665
29913,Normal_Weight,2.6825
29914,Normal_Weight,3.7425
29915,Normal_Weight,4.0
29916,Normal_Weight,3.31
29917,Normal_Weight,2.8625
29918,Normal_Weight,1.205
29919,Normal_Weight,4.2925
29920,Normal_Weight,4.87
29921,Normal_Weight,4.0
29922,Normal_Weight,5.7025
29923,Normal_Weight,2.6525
29924,Normal_Weight,4.0
29925,Normal_Weight,4.0
29926,Normal_Weight,1.505
29927,Normal_Weight,0.0125
29928,Normal_Weight,4.5175
29929,Normal_Weight,0.6475
29930,Normal_Weight,3.785
29931,Normal_Weight,0.0125
29932,Normal_Weight,1.17
29933,Normal_Weight,4.305
29934,Normal_Weight,3.0525
29935,Normal_Weight,0.0025
29936,Normal_Weight,4.0
29937,Normal_Weight,0.76
29938,Normal_Weight,4.0675
29939,Normal_Weight,3.0
29940,Normal_Weight,4.0
29941,Normal_Weight,4.91
29942,Normal_Weight,4.0
29943,Normal_Weight,4.0
29944,Normal_Weight,0.08
29945,Normal_Weight,1.1475
29946,Normal_Weight,2.0925
29947,Normal_Weight,5.1825
29948,Normal_Weight,2.985
29949,Normal_Weight,3.0125
29950,Normal_Weight,1.72
29951,Normal_Weight,5.835
29952,Normal_Weight,4.0
29953,Normal_Weight,5.0075
29954,Normal_Weight,3.4375
29955,Normal_Weight,4.0
29956,Normal_Weight,2.93
29957,Normal_Weight,2.095
29958,Normal_Weight,1.0025
29959,Normal_Weight,2.75
29960,Normal_Weight,2.985
29961,Normal_Weight,3.5925
29962,Normal_Weight,0.6175
29963,Normal_Weight,4.0
29964,Normal_Weight,2.645
29965,Normal_Weight,2.9775
29966,Normal_Weight,3.8875
29967,Normal_Weight,4.0
29968,Normal_Weight,3.0
29969,Normal_Weight,1.1875
29970,Normal_Weight,0.1975
29971,Normal_Weight,4.1425
29972,Normal_Weight,2.055
29973,Normal_Weight,4.0
29974,Normal_Weight,5.8975
29975,Normal_Weight,1.655
29976,Normal_Weight,2.64
29977,Normal_Weight,1.235
29978,Normal_Weight,5.38
29979,Normal_Weight,4.0
29980,Normal_Weight,4.01
29981,Normal_Weight,4.0
29982,Normal_Weight,2.9975
29983,Normal_Weight,0.0375
29984,Normal_Weight,4.0
29985,Normal_Weight,0.0
29986,Normal_Weight,1.3275
29987,Normal_Weight,5.8925
29988,Normal_Weight,1.48
29989,Normal_Weight,0.4675
29990,Normal_Weight,2.555
29991,Normal_Weight,4.0
29992,Normal_Weight,1.0075
29993,Normal_Weight,0.0375
29994,Normal_Weight,2.725
29995,Normal_Weight,4.99
29996,Normal_Weight,4.0
29997,Normal_Weight,4.5625
29998,Normal_Weight,4.0
29999,Normal_Weight,0.33
30000,Normal_Weight,4.0
30001,Normal_Weight,4.0
30002,Normal_Weight,1.165
30003,Normal_Weight,2.8775
30004,Normal_Weight,2.995
30005,Normal_Weight,4.0
30006,Normal_Weight,2.9975
30007,Normal_Weight,3.365
30008,Normal_Weight,0.185
30009,Normal_Weight,5.7775
30010,Normal_Weight,4.3125
30011,Normal_Weight,2.8175
30012,Normal_Weight,0.9325
30013,Normal_Weight,4.0
30014,Normal_Weight,4.0
30015,Normal_Weight,4.41
30016,Normal_Weight,1.0425
30017,Normal_Weight,4.0
30018,Normal_Weight,1.9575
30019,Normal_Weight,1.545
30020,Normal_Weight,4.0
30021,Normal_Weight,0.6375
30022,Normal_Weight,2.3875
30023,Normal_Weight,4.015
30024,Normal_Weight,1.185
30025,Normal_Weight,1.06
30026,Normal_Weight,4.15
30027,Normal_Weight,4.5775
30028,Normal_Weight,4.0
30029,Normal_Weight,4.4325
30030,Normal_Weight,4.0925
30031,Normal_Weight,4.0
30032,Normal_Weight,3.985
30033,Normal_Weight,0.8375
30034,Normal_Weight,0.07
30035,Normal_Weight,3.135
30036,Normal_Weight,2.8275
30037,Normal_Weight,0.0625
30038,Normal_Weight,1.7
30039,Normal_Weight,1.5075
30040,Normal_Weight,5.8775
30041,Normal_Weight,3.895
30042,Normal_Weight,3.115
30043,Normal_Weight,4.0
30044,Normal_Weight,2.975
30045,Normal_Weight,3.3425
30046,Normal_Weight,2.8775
30047,Normal_Weight,4.0
30048,Normal_Weight,4.0
30049,Normal_Weight,0.7125
30050,Normal_Weight,4.9325
30051,Normal_Weight,5.0175
30052,Normal_Weight,0.03
30053,Normal_Weight,4.9675
30054,Normal_Weight,1.005
30055,Normal_Weight,4.0
30056,Normal_Weight,4.0
30057,Normal_Weight,4.0
30058,Normal_Weight,2.915
30059,Normal_Weight,1.0
30060,Normal_Weight,4.0
30061,Normal_Weight,1.4175
30062,Normal_Weight,2.6325
30063,Normal_Weight,5.64
30064,Normal_Weight,2.4025
30065,Normal_Weight,5.3
30066,Normal_Weight,4.69
30067,Normal_Weight,5.795
30068,Normal_Weight,4.645
30069,Normal_Weight,4.965
30070,Normal_Weight,1.0025
30071,Normal_Weight,3.52
30072,Normal_Weight,0.9275
30073,Normal_Weight,4.9975
30074,Normal_Weight,5.0125
30075,Normal_Weight,2.9975
30076,Normal_Weight,2.1
30077,Normal_Weight,5.695
30078,Normal_Weight,0.885
30079,Normal_Weight,3.34
30080,Normal_Weight,4.0
30081,Normal_Weight,0.0
30082,Normal_Weight,5.2975
30083,Normal_Weight,2.985
30084,Normal_Weight,5.655
30085,Normal_Weight,5.55
30086,Normal_Weight,2.5675
30087,Normal_Weight,2.995
30088,Normal_Weight,4.0
30089,Normal_Weight,5.5525
30090,Normal_Weight,0.0025
30091,Normal_Weight,4.0
30092,Normal_Weight,2.92
30093,Normal_Weight,4.0
30094,Normal_Weight,5.3275
30095,Normal_Weight,4.0
30096,Normal_Weight,5.4875
30097,Normal_Weight,3.8775
30098,Normal_Weight,0.215
30099,Normal_Weight,4.795
30100,Normal_Weight,0.97
30101,Normal_Weight,1.345
30102,Normal_Weight,4.0
30103,Normal_Weight,2.9975
30104,Normal_Weight,0.7725
30105,Normal_Weight,3.83
30106,Normal_Weight,4.7225
30107,Normal_Weight,3.0
30108,Normal_Weight,2.915
30109,Normal_Weight,4.0
30110,Normal_Weight,2.475
30111,Normal_Weight,5.88
30112,Normal_Weight,4.83
30113,Normal_Weight,3.7375
30114,Normal_Weight,4.0
30115,Normal_Weight,4.0
30116,Normal_Weight,2.98
30117,Normal_Weight,0.0
30118,Normal_Weight,4.75
30119,Normal_Weight,1.5775
30120,Normal_Weight,2.2525
30121,Normal_Weight,4.635
30122,Normal_Weight,4.0
30123,Normal_Weight,2.1125
30124,Normal_Weight,4.0
30125,Normal_Weight,4.705
30126,Normal_Weight,5.1625
30127,Normal_Weight,4.0
30128,Normal_Weight,5.475
30129,Normal_Weight,2.975
30130,Normal_Weight,5.83
30131,Normal_Weight,0.7025
30132,Normal_Weight,2.9175
30133,Normal_Weight,4.0
30134,Normal_Weight,0.7275
30135,Normal_Weight,3.1225
30136,Normal_Weight,0.67
30137,Normal_Weight,4.0
30138,Normal_Weight,2.5575
30139,Normal_Weight,4.0
30140,Normal_Weight,2.1575
30141,Normal_Weight,2.8525
30142,Normal_Weight,2.9525
30143,Normal_Weight,5.7575
30144,Normal_Weight,4.0
30145,Normal_Weight,4.0
30146,Normal_Weight,1.0675
30147,Normal_Weight,2.6625
30148,Normal_Weight,1.8475
30149,Normal_Weight,4.0
30150,Normal_Weight,2.1425
30151,Normal_Weight,2.6975
30152,Normal_Weight,2.8325
30153,Normal_Weight,4.8125
30154,Normal_Weight,5.54
30155,Normal_Weight,4.185
30156,Normal_Weight,1.035
30157,Normal_Weight,3.2025
30158,Normal_Weight,2.905
30159,Normal_Weight,5.87
30160,Normal_Weight,0.1425
30161,Normal_Weight,4.0
30162,Normal_Weight,1.185
30163,Normal_Weight,0.0975
30164,Normal_Weight,4.8125
30165,Normal_Weight,4.0
30166,Normal_Weight,0.09
30167,Normal_Weight,4.1275
30168,Normal_Weight,3.795
30169,Normal_Weight,2.9325
30170,Normal_Weight,4.5225
30171,Normal_Weight,2.4575
30172,Normal_Weight,4.95
30173,Normal_Weight,0.0125
30174,Normal_Weight,4.0
30175,Normal_Weight,0.68
30176,Normal_Weight,0.2525
30177,Normal_Weight,4.6325
30178,Normal_Weight,2.965
30179,Normal_Weight,4.0
30180,Normal_Weight,4.0
30181,Normal_Weight,1.2825
30182,Normal_Weight,0.015
30183,Normal_Weight,5.27
30184,Normal_Weight,5.535
30185,Normal_Weight,2.445
30186,Normal_Weight,3.795
30187,Normal_Weight,4.5975
30188,Normal_Weight,4.0
30189,Normal_Weight,1.1
30190,Normal_Weight,1.0
30191,Normal_Weight,3.0325
30192,Normal_Weight,2.5025
30193,Normal_Weight,5.3725
30194,Normal_Weight,2.9975
30195,Normal_Weight,4.29
30196,Normal_Weight,4.0
30197,Normal_Weight,0.645
30198,Normal_Weight,4.785
30199,Normal_Weight,0.07
30200,Normal_Weight,0.67
30201,Normal_Weight,5.3075
30202,Normal_Weight,3.77
30203,Normal_Weight,0.0
30204,Normal_Weight,0.9775
30205,Normal_Weight,2.955
30206,Normal_Weight,5.5025
30207,Normal_Weight,5.03
30208,Normal_Weight,4.0
30209,Normal_Weight,3.3675
30210,Normal_Weight,4.0
30211,Normal_Weight,1.0
30212,Normal_Weight,4.0
30213,Normal_Weight,4.6375
30214,Normal_Weight,4.6975
30215,Normal_Weight,3.8375
30216,Normal_Weight,5.6225
30217,Normal_Weight,4.4675
30218,Normal_Weight,4.4675
30219,Normal_Weight,5.515
30220,Normal_Weight,4.0
30221,Normal_Weight,4.0
30222,Normal_Weight,5.0075
30223,Normal_Weight,0.64
30224,Normal_Weight,0.055
30225,Normal_Weight,2.9325
30226,Normal_Weight,0.57
30227,Normal_Weight,4.015
30228,Normal_Weight,5.0075
30229,Normal_Weight,3.5825
30230,Normal_Weight,3.0
30231,Normal_Weight,2.9725
30232,Normal_Weight,2.995
30233,Normal_Weight,3.7175
30234,Normal_Weight,0.03
30235,Normal_Weight,0.37
30236,Normal_Weight,0.7475
30237,Normal_Weight,1.2125
30238,Normal_Weight,4.0
30239,Normal_Weight,3.3325
30240,Normal_Weight,1.185
30241,Normal_Weight,5.8525
30242,Normal_Weight,2.6625
30243,Normal_Weight,5.4575
30244,Normal_Weight,0.7475
30245,Normal_Weight,1.8775
30246,Normal_Weight,4.0
30247,Normal_Weight,2.915
30248,Normal_Weight,4.0
30249,Normal_Weight,4.6225
30250,Normal_Weight,0.5925
30251,Normal_Weight,1.58
30252,Normal_Weight,4.0
30253,Normal_Weight,2.5575
30254,Normal_Weight,3.0
30255,Normal_Weight,2.385
30256,Normal_Weight,3.89
30257,Normal_Weight,1.6875
30258,Normal_Weight,4.0
30259,Normal_Weight,3.5275
30260,Normal_Weight,4.87
30261,Normal_Weight,2.9975
30262,Normal_Weight,0.05
30263,Normal_Weight,2.9825
30264,Normal_Weight,1.005
30265,Normal_Weight,2.3425
30266,Normal_Weight,5.5825
30267,Normal_Weight,3.4275
30268,Normal_Weight,5.8675
30269,Normal_Weight,0.4575
30270,Normal_Weight,4.855
30271,Normal_Weight,2.965
30272,Normal_Weight,3.0
30273,Normal_Weight,4.0
30274,Normal_Weight,3.7775
30275,Normal_Weight,2.995
30276,Normal_Weight,4.0
30277,Normal_Weight,4.4275
30278,Normal_Weight,4.9475
30279,Normal_Weight,5.7925
30280,Normal_Weight,0.035
30281,Normal_Weight,4.76
30282,Normal_Weight,3.985
30283,Normal_Weight,3.3675
30284,Normal_Weight,0.0125
30285,Normal_Weight,5.89
30286,Normal_Weight,3.0
30287,Normal_Weight,2.405
30288,Normal_Weight,2.7275
30289,Normal_Weight,4.1725
30290,Normal_Weight,0.9975
30291,Normal_Weight,5.23
30292,Normal_Weight,2.92
30293,Normal_Weight,4.81
30294,Normal_Weight,2.58
30295,Normal_Weight,2.99
30296,Normal_Weight,2.305
30297,Normal_Weight,4.0
30298,Normal_Weight,2.805
30299,Normal_Weight,3.995
30300,Normal_Weight,5.815
30301,Normal_Weight,4.845
30302,Normal_Weight,4.0
30303,Normal_Weight,0.1975
30304,Normal_Weight,4.0
30305,Normal_Weight,3.0
30306,Normal_Weight,0.6525
30307,Normal_Weight,4.8
30308,Normal_Weight,2.825
30309,Normal_Weight,0.1975
30310,Normal_Weight,0.9925
30311,Normal_Weight,5.2925
30312,Normal_Weight,2.58
30313,Normal_Weight,0.46
30314,Normal_Weight,2.97
30315,Normal_Weight,4.16
30316,Normal_Weight,2.5925
30317,Normal_Weight,0.005
30318,Normal_Weight,2.2275
30319,Normal_Weight,4.0
30320,Normal_Weight,0.025
30321,Normal_Weight,2.945
30322,Normal_Weight,4.9325
30323,Normal_Weight,5.65
30324,Normal_Weight,2.245
30325,Normal_Weight,4.0
30326,Normal_Weight,4.0
30327,Normal_Weight,4.85
30328,Normal_Weight,4.7275
30329,Normal_Weight,4.545
30330,Normal_Weight,0.0325
30331,Normal_Weight,1.355
30332,Normal_Weight,3.9
30333,Normal_Weight,3.0
30334,Normal_Weight,2.4825
30335,Normal_Weight,1.185
30336,Normal_Weight,4.0
30337,Normal_Weight,0.1225
30338,Normal_Weight,3.9275
30339,Normal_Weight,4.0
30340,Normal_Weight,1.01
30341,Normal_Weight,2.2075
30342,Normal_Weight,0.25
30343,Normal_Weight,3.4
30344,Normal_Weight,3.0
30345,Normal_Weight,1.36
30346,Normal_Weight,2.9975
30347,Normal_Weight,4.5525
30348,Normal_Weight,4.0
30349,Normal_Weight,4.0
30350,Normal_Weight,2.925
30351,Normal_Weight,2.7025
30352,Normal_Weight,4.525
30353,Normal_Weight,4.0
30354,Normal_Weight,1.035
30355,Normal_Weight,4.0
30356,Normal_Weight,3.12
30357,Normal_Weight,2.59
30358,Normal_Weight,0.0775
30359,Normal_Weight,2.485
30360,Normal_Weight,4.935
30361,Normal_Weight,5.03
30362,Normal_Weight,0.705
30363,Normal_Weight,3.0625
30364,Normal_Weight,5.0475
30365,Normal_Weight,4.0
30366,Normal_Weight,3.3825
30367,Normal_Weight,4.0
30368,Normal_Weight,4.2525
30369,Normal_Weight,4.47
30370,Normal_Weight,4.0
30371,Normal_Weight,1.0325
30372,Normal_Weight,3.5475
30373,Normal_Weight,2.7425
30374,Normal_Weight,3.2425
30375,Normal_Weight,5.15
30376,Normal_Weight,2.9975
30377,Normal_Weight,3.46
30378,Normal_Weight,4.0
30379,Normal_Weight,3.0
30380,Normal_Weight,5.8975
30381,Normal_Weight,3.0
30382,Normal_Weight,0.0725
30383,Normal_Weight,0.53
30384,Normal_Weight,0.08
30385,Normal_Weight,0.6825
30386,Normal_Weight,1.185
30387,Normal_Weight,5.1325
30388,Normal_Weight,2.9675
30389,Normal_Weight,1.0025
30390,Normal_Weight,3.0175
30391,Normal_Weight,4.42
30392,Normal_Weight,3.0
30393,Normal_Weight,4.0
30394,Normal_Weight,5.275
30395,Normal_Weight,2.99
30396,Normal_Weight,5.78
30397,Normal_Weight,3.1525
30398,Normal_Weight,2.9325
30399,Normal_Weight,0.265
30400,Normal_Weight,2.935
30401,Normal_Weight,4.0
30402,Normal_Weight,3.0
30403,Normal_Weight,2.8875
30404,Normal_Weight,2.87
30405,Normal_Weight,0.585
30406,Normal_Weight,2.5475
30407,Normal_Weight,4.0
30408,Normal_Weight,5.6825
30409,Normal_Weight,0.845
30410,Normal_Weight,1.8225
30411,Normal_Weight,4.0
30412,Normal_Weight,2.545
30413,Normal_Weight,4.0
30414,Normal_Weight,2.9875
30415,Normal_Weight,0.7725
30416,Normal_Weight,0.265
30417,Normal_Weight,5.67
30418,Normal_Weight,4.0
30419,Normal_Weight,2.88
30420,Normal_Weight,0.185
30421,Normal_Weight,0.4575
30422,Normal_Weight,4.0
30423,Normal_Weight,2.5525
30424,Normal_Weight,4.0
30425,Normal_Weight,0.16
30426,Normal_Weight,5.8225
30427,Normal_Weight,4.265
30428,Normal_Weight,1.0075
30429,Normal_Weight,0.805
30430,Normal_Weight,1.05
30431,Normal_Weight,2.7725
30432,Normal_Weight,5.42
30433,Normal_Weight,5.88
30434,Normal_Weight,0.9775
30435,Normal_Weight,4.92
30436,Normal_Weight,1.03
30437,Normal_Weight,4.0
30438,Normal_Weight,2.0425
30439,Normal_Weight,3.8875
30440,Normal_Weight,2.9475
30441,Normal_Weight,4.0
30442,Normal_Weight,2.17
30443,Normal_Weight,0.1025
30444,Normal_Weight,4.0
30445,Normal_Weight,4.0
30446,Normal_Weight,5.425
30447,Normal_Weight,0.965
30448,Normal_Weight,3.2475
30449,Normal_Weight,4.0
30450,Normal_Weight,4.0
30451,Normal_Weight,2.8275
30452,Normal_Weight,2.7275
30453,Normal_Weight,1.0675
30454,Normal_Weight,4.585
30455,Normal_Weight,2.3
30456,Normal_Weight,0.1275
30457,Normal_Weight,4.54
30458,Normal_Weight,5.1275
30459,Normal_Weight,2.13
30460,Normal_Weight,2.9575
30461,Normal_Weight,0.0
30462,Normal_Weight,4.0
30463,Normal_Weight,4.0
30464,Normal_Weight,1.0225
30465,Normal_Weight,2.5575
30466,Normal_Weight,0.4175
30467,Normal_Weight,0.9925
30468,Normal_Weight,4.1675
30469,Normal_Weight,3.0
30470,Normal_Weight,5.745
30471,Normal_Weight,1.185
30472,Normal_Weight,0.4125
30473,Normal_Weight,4.0
30474,Normal_Weight,0.0375
30475,Normal_Weight,2.9975
30476,Normal_Weight,2.92
30477,Normal_Weight,3.7475
30478,Normal_Weight,3.9075
30479,Normal_Weight,2.84
30480,Normal_Weight,2.8
30481,Normal_Weight,5.605
30482,Normal_Weight,3.37
30483,Normal_Weight,5.725
30484,Normal_Weight,1.185
30485,Normal_Weight,3.0225
30486,Normal_Weight,4.0
30487,Normal_Weight,4.0
30488,Normal_Weight,5.0825
30489,Normal_Weight,5.05
30490,Normal_Weight,4.0
30491,Normal_Weight,3.865
30492,Normal_Weight,4.0
30493,Normal_Weight,2.57
30494,Normal_Weight,2.705
30495,Normal_Weight,0.1025
30496,Normal_Weight,1.145
30497,Normal_Weight,0.0025
30498,Normal_Weight,4.4325
30499,Normal_Weight,2.0375
30500,Normal_Weight,3.0
30501,Normal_Weight,3.655
30502,Normal_Weight,0.0125
30503,Normal_Weight,4.0
30504,Normal_Weight,2.4625
30505,Normal_Weight,2.4725
30506,Normal_Weight,5.5425
30507,Normal_Weight,2.98
30508,Normal_Weight,2.8825
30509,Normal_Weight,2.8375
30510,Normal_Weight,4.9375
30511,Normal_Weight,2.9125
30512,Normal_Weight,1.4425
30513,Normal_Weight,3.0725
30514,Normal_Weight,2.5425
30515,Normal_Weight,4.07
30516,Normal_Weight,2.95
30517,Normal_Weight,3.3875
30518,Normal_Weight,4.77
30519,Normal_Weight,5.755
30520,Normal_Weight,2.205
30521,Normal_Weight,2.375
30522,Normal_Weight,2.995
30523,Normal_Weight,4.735
30524,Normal_Weight,3.9975
30525,Normal_Weight,1.4225
30526,Normal_Weight,2.0275
30527,Normal_Weight,5.425
30528,Normal_Weight,3.0
30529,Normal_Weight,4.64
30530,Normal_Weight,2.89
30531,Normal_Weight,4.46
30532,Normal_Weight,4.0
30533,Normal_Weight,2.565
30534,Normal_Weight,3.0775
30535,Normal_Weight,3.6
30536,Normal_Weight,5.7525
30537,Normal_Weight,4.0
30538,Normal_Weight,2.6325
30539,Normal_Weight,0.1
30540,Normal_Weight,2.97
30541,Normal_Weight,2.8575
30542,Normal_Weight,1.4625
30543,Normal_Weight,2.9225
30544,Normal_Weight,4.0
30545,Normal_Weight,0.6675
30546,Normal_Weight,4.0
30547,Normal_Weight,3.9575
30548,Normal_Weight,4.77
30549,Normal_Weight,4.43
30550,Normal_Weight,2.0425
30551,Normal_Weight,3.8625
30552,Normal_Weight,2.965
30553,Normal_Weight,0.1725
30554,Normal_Weight,2.915
30555,Normal_Weight,0.6775
30556,Normal_Weight,4.0
30557,Normal_Weight,1.715
30558,Normal_Weight,4.0
30559,Normal_Weight,3.32
30560,Normal_Weight,2.485
30561,Normal_Weight,2.56
30562,Normal_Weight,0.7925
30563,Normal_Weight,5.5175
30564,Normal_Weight,3.6675
30565,Normal_Weight,4.8375
30566,Normal_Weight,4.0
30567,Normal_Weight,4.9375
30568,Normal_Weight,3.1875
30569,Normal_Weight,5.7025
30570,Normal_Weight,3.9275
30571,Normal_Weight,4.0
30572,Normal_Weight,2.915
30573,Normal_Weight,2.92
30574,Normal_Weight,1.375
30575,Normal_Weight,4.0
30576,Normal_Weight,2.7425
30577,Normal_Weight,3.12
30578,Normal_Weight,5.83
30579,Normal_Weight,4.675
30580,Normal_Weight,4.0
30581,Normal_Weight,2.86
30582,Normal_Weight,4.0
30583,Normal_Weight,4.0
30584,Normal_Weight,5.0775
30585,Normal_Weight,4.1325
30586,Normal_Weight,5.7825
30587,Normal_Weight,2.9775
30588,Normal_Weight,4.245
30589,Normal_Weight,5.915
30590,Normal_Weight,1.0775
30591,Normal_Weight,4.0
30592,Normal_Weight,2.4225
30593,Normal_Weight,0.075
30594,Normal_Weight,2.9475
30595,Normal_Weight,4.35
30596,Normal_Weight,4.7725
30597,Normal_Weight,0.035
30598,Normal_Weight,2.94
30599,Normal_Weight,5.225
30600,Normal_Weight,1.6025
30601,Normal_Weight,4.0
30602,Normal_Weight,4.0
30603,Normal_Weight,0.0125
30604,Normal_Weight,4.0
30605,Normal_Weight,5.5225
30606,Normal_Weight,4.0
30607,Normal_Weight,0.13
30608,Normal_Weight,5.015
30609,Normal_Weight,5.8875
30610,Normal_Weight,3.0
30611,Normal_Weight,4.0
30612,Normal_Weight,4.0
30613,Normal_Weight,4.0
30614,Normal_Weight,4.0
30615,Normal_Weight,2.345
30616,Normal_Weight,2.8325
30617,Normal_Weight,2.535
30618,Normal_Weight,3.855
30619,Normal_Weight,4.0
30620,Normal_Weight,2.555
30621,Normal_Weight,0.0
30622,Normal_Weight,5.7425
30623,Normal_Weight,4.2275
30624,Normal_Weight,2.7975
30625,Normal_Weight,4.0
30626,Normal_Weight,2.995
30627,Normal_Weight,2.0
30628,Normal_Weight,4.0
30629,Normal_Weight,3.71
30630,Normal_Weight,4.745
30631,Normal_Weight,4.0
30632,Normal_Weight,4.0
30633,Normal_Weight,0.4125
30634,Normal_Weight,4.0
30635,Normal_Weight,2.9725
30636,Normal_Weight,3.13
30637,Normal_Weight,4.0
30638,Normal_Weight,2.71
30639,Normal_Weight,2.0
30640,Normal_Weight,5.6825
30641,Normal_Weight,0.0
30642,Normal_Weight,3.775
30643,Normal_Weight,5.2925
30644,Normal_Weight,4.0
30645,Normal_Weight,4.0
30646,Normal_Weight,1.005
30647,Normal_Weight,4.8425
30648,Normal_Weight,4.6125
30649,Normal_Weight,4.0
30650,Normal_Weight,4.0
30651,Normal_Weight,4.1675
30652,Normal_Weight,2.425
30653,Normal_Weight,3.49
30654,Normal_Weight,2.8125
30655,Normal_Weight,1.315
30656,Normal_Weight,4.0
30657,Normal_Weight,4.4075
30658,Normal_Weight,2.5075
30659,Normal_Weight,0.3925
30660,Normal_Weight,3.5
30661,Normal_Weight,2.99
30662,Normal_Weight,5.11
30663,Normal_Weight,2.6875
30664,Normal_Weight,2.9975
30665,Normal_Weight,4.895
30666,Normal_Weight,0.395
30667,Normal_Weight,0.6875
30668,Normal_Weight,4.0
30669,Normal_Weight,4.95
30670,Normal_Weight,5.5025
30671,Normal_Weight,4.89
30672,Normal_Weight,0.035
30673,Normal_Weight,3.6175
30674,Normal_Weight,4.13
30675,Normal_Weight,0.105
30676,Normal_Weight,3.1925
30677,Normal_Weight,0.01
30678,Normal_Weight,0.87
30679,Normal_Weight,3.0
30680,Normal_Weight,4.0
30681,Normal_Weight,0.485
30682,Normal_Weight,3.9225
30683,Normal_Weight,4.0
30684,Normal_Weight,2.6825
30685,Normal_Weight,4.0
30686,Normal_Weight,5.06
30687,Normal_Weight,4.0
30688,Normal_Weight,5.01
30689,Normal_Weight,1.8825
30690,Normal_Weight,4.0
30691,Normal_Weight,4.3525
30692,Normal_Weight,4.0
30693,Normal_Weight,5.665
30694,Normal_Weight,1.0425
30695,Normal_Weight,2.995
30696,Normal_Weight,0.0075
30697,Normal_Weight,1.185
30698,Normal_Weight,3.0525
30699,Normal_Weight,3.0025
30700,Normal_Weight,4.0725
30701,Normal_Weight,0.115
30702,Normal_Weight,0.28
30703,Normal_Weight,3.87
30704,Normal_Weight,0.15
30705,Normal_Weight,3.1075
30706,Normal_Weight,3.57
30707,Normal_Weight,4.0
30708,Normal_Weight,0.9925
30709,Normal_Weight,2.9575
30710,Normal_Weight,2.995
30711,Normal_Weight,3.175
30712,Normal_Weight,4.0
30713,Normal_Weight,2.965
30714,Normal_Weight,4.0
30715,Normal_Weight,4.615
30716,Normal_Weight,5.125
30717,Normal_Weight,4.0
30718,Normal_Weight,5.515
30719,Normal_Weight,4.1475
30720,Normal_Weight,2.5525
30721,Normal_Weight,5.5675
30722,Normal_Weight,1.555
30723,Normal_Weight,3.985
30724,Normal_Weight,5.895
30725,Normal_Weight,3.0925
30726,Normal_Weight,5.6025
30727,Normal_Weight,2.045
30728,Normal_Weight,2.945
30729,Normal_Weight,5.5375
30730,Normal_Weight,2.0125
30731,Normal_Weight,3.3075
30732,Normal_Weight,4.0
30733,Normal_Weight,4.0
30734,Normal_Weight,2.8125
30735,Normal_Weight,4.18
30736,Normal_Weight,1.01
30737,Normal_Weight,2.9975
30738,Normal_Weight,1.725
30739,Normal_Weight,4.0
30740,Normal_Weight,5.89
30741,Normal_Weight,4.0
30742,Normal_Weight,3.125
30743,Normal_Weight,5.3175
30744,Normal_Weight,5.83
30745,Normal_Weight,4.0
30746,Normal_Weight,1.015
30747,Normal_Weight,4.355
30748,Normal_Weight,4.0
30749,Normal_Weight,0.5425
30750,Normal_Weight,0.6975
30751,Normal_Weight,3.655
30752,Normal_Weight,0.3475
30753,Normal_Weight,2.9575
30754,Normal_Weight,2.56
30755,Normal_Weight,1.4275
30756,Normal_Weight,2.9975
30757,Normal_Weight,0.965
30758,Normal_Weight,3.73
30759,Normal_Weight,1.135
30760,Normal_Weight,0.65
30761,Normal_Weight,5.0075
30762,Normal_Weight,5.8275
30763,Normal_Weight,2.995
30764,Normal_Weight,1.62
30765,Normal_Weight,4.0
30766,Normal_Weight,2.7675
30767,Normal_Weight,0.03
30768,Normal_Weight,4.0025
30769,Normal_Weight,4.0
30770,Normal_Weight,4.93
30771,Normal_Weight,2.915
30772,Normal_Weight,2.4275
30773,Normal_Weight,2.91
30774,Normal_Weight,3.58
30775,Normal_Weight,1.3925
30776,Normal_Weight,0.0025
30777,Normal_Weight,3.245
30778,Normal_Weight,4.425
30779,Normal_Weight,2.9975
30780,Normal_Weight,2.51
30781,Normal_Weight,1.185
30782,Normal_Weight,4.0
30783,Normal_Weight,2.92
30784,Normal_Weight,2.92
30785,Normal_Weight,1.125
30786,Normal_Weight,4.1925
30787,Normal_Weight,3.28
30788,Normal_Weight,4.0
30789,Normal_Weight,2.5625
30790,Normal_Weight,4.0
30791,Normal_Weight,0.0
30792,Normal_Weight,3.42
30793,Normal_Weight,1.0875
30794,Normal_Weight,4.0
30795,Normal_Weight,0.9875
30796,Normal_Weight,4.0
30797,Normal_Weight,4.585
30798,Normal_Weight,2.82
30799,Normal_Weight,4.3025
30800,Normal_Weight,4.0
30801,Normal_Weight,0.0175
30802,Normal_Weight,4.0
30803,Normal_Weight,3.0625
30804,Normal_Weight,4.0
30805,Normal_Weight,4.0
30806,Normal_Weight,2.82
30807,Normal_Weight,0.0
30808,Normal_Weight,0.235
30809,Normal_Weight,0.07
30810,Normal_Weight,0.1875
30811,Normal_Weight,1.805
30812,Normal_Weight,4.5625
30813,Normal_Weight,5.4175
30814,Normal_Weight,2.3325
30815,Normal_Weight,2.9925
30816,Normal_Weight,4.0
30817,Normal_Weight,5.445
30818,Normal_Weight,5.8125
30819,Normal_Weight,5.0
30820,Normal_Weight,1.0525
30821,Normal_Weight,4.0
30822,Normal_Weight,1.145
30823,Normal_Weight,2.975
30824,Normal_Weight,4.575
30825,Normal_Weight,4.0
30826,Normal_Weight,2.5275
30827,Normal_Weight,0.0
30828,Normal_Weight,0.9825
30829,Normal_Weight,3.5725
30830,Normal_Weight,2.535
30831,Normal_Weight,5.3
30832,Normal_Weight,4.0
30833,Normal_Weight,4.0
30834,Normal_Weight,2.9475
30835,Normal_Weight,4.8575
30836,Normal_Weight,4.365
30837,Normal_Weight,0.0225
30838,Normal_Weight,4.6125
30839,Normal_Weight,0.1475
30840,Normal_Weight,0.215
30841,Normal_Weight,3.0375
30842,Normal_Weight,2.975
30843,Normal_Weight,0.7025
30844,Normal_Weight,5.59
30845,Normal_Weight,3.38
30846,Normal_Weight,2.9775
30847,Normal_Weight,4.0
30848,Normal_Weight,0.68
30849,Normal_Weight,3.125
30850,Normal_Weight,4.0
30851,Normal_Weight,3.445
30852,Normal_Weight,4.0
30853,Normal_Weight,4.0
30854,Normal_Weight,4.0
30855,Normal_Weight,5.8075
30856,Normal_Weight,2.95
30857,Normal_Weight,3.0
30858,Normal_Weight,3.1625
30859,Normal_Weight,3.0
30860,Normal_Weight,4.0
30861,Normal_Weight,3.7975
30862,Normal_Weight,0.55
30863,Normal_Weight,4.0
30864,Normal_Weight,4.0
30865,Normal_Weight,0.0675
30866,Normal_Weight,0.115
30867,Normal_Weight,3.155
30868,Normal_Weight,4.0
30869,Normal_Weight,4.25
30870,Normal_Weight,0.04
30871,Normal_Weight,4.5
30872,Normal_Weight,2.9975
30873,Normal_Weight,0.0
30874,Normal_Weight,4.2375
30875,Normal_Weight,5.5375
30876,Normal_Weight,5.135
30877,Normal_Weight,4.2175
30878,Normal_Weight,2.465
30879,Normal_Weight,3.1425
30880,Normal_Weight,4.0
30881,Normal_Weight,4.0
30882,Normal_Weight,4.7825
30883,Normal_Weight,5.725
30884,Normal_Weight,5.745
30885,Normal_Weight,5.1
30886,Normal_Weight,0.24
30887,Normal_Weight,3.65
30888,Normal_Weight,5.8375
30889,Normal_Weight,3.8525
30890,Normal_Weight,4.795
30891,Normal_Weight,4.0
30892,Normal_Weight,0.1075
30893,Normal_Weight,5.36
30894,Normal_Weight,0.0475
30895,Normal_Weight,2.5275
30896,Normal_Weight,4.0
30897,Normal_Weight,0.225
30898,Normal_Weight,2.94
30899,Normal_Weight,4.0
30900,Normal_Weight,4.295
30901,Normal_Weight,0.995
30902,Normal_Weight,1.195
30903,Normal_Weight,2.98
30904,Normal_Weight,3.87
30905,Normal_Weight,2.955
30906,Normal_Weight,3.245
30907,Normal_Weight,5.7875
30908,Normal_Weight,3.11
30909,Normal_Weight,0.4175
30910,Normal_Weight,2.765
30911,Normal_Weight,4.5025
30912,Normal_Weight,3.5675
30913,Normal_Weight,0.34
30914,Normal_Weight,1.205
30915,Normal_Weight,5.31
30916,Normal_Weight,4.8725
30917,Normal_Weight,2.59
30918,Normal_Weight,2.9575
30919,Normal_Weight,2.525
30920,Normal_Weight,0.5525
30921,Normal_Weight,5.9225
30922,Normal_Weight,4.0
30923,Normal_Weight,2.07
30924,Normal_Weight,4.0
30925,Normal_Weight,3.995
30926,Normal_Weight,4.9575
30927,Normal_Weight,2.76
30928,Normal_Weight,0.0875
30929,Normal_Weight,2.5475
30930,Normal_Weight,0.0875
30931,Normal_Weight,0.24
30932,Normal_Weight,4.0
30933,Normal_Weight,3.0
30934,Normal_Weight,4.0
30935,Normal_Weight,0.965
30936,Normal_Weight,5.7175
30937,Normal_Weight,5.945
30938,Normal_Weight,2.945
30939,Normal_Weight,0.0125
30940,Normal_Weight,2.1025
30941,Normal_Weight,0.2975
30942,Normal_Weight,2.0925
30943,Normal_Weight,0.0725
30944,Normal_Weight,4.175
30945,Normal_Weight,0.7025
30946,Normal_Weight,5.22
30947,Normal_Weight,4.0
30948,Normal_Weight,4.96
30949,Normal_Weight,3.755
30950,Normal_Weight,5.4275
30951,Normal_Weight,4.0
30952,Normal_Weight,3.64
30953,Normal_Weight,2.555
30954,Normal_Weight,0.6675
30955,Normal_Weight,1.475
30956,Normal_Weight,2.9175
30957,Normal_Weight,3.8175
30958,Normal_Weight,3.5825
30959,Normal_Weight,0.155
30960,Normal_Weight,3.335
30961,Normal_Weight,0.0375
30962,Normal_Weight,2.04
30963,Normal_Weight,4.0
30964,Normal_Weight,5.77
30965,Normal_Weight,1.01
30966,Normal_Weight,4.84
30967,Normal_Weight,2.9925
30968,Normal_Weight,0.2325
30969,Normal_Weight,4.5
30970,Normal_Weight,3.9675
30971,Normal_Weight,4.0
30972,Normal_Weight,4.0
30973,Normal_Weight,2.3825
30974,Normal_Weight,5.03
30975,Normal_Weight,3.0
30976,Normal_Weight,2.9525
30977,Normal_Weight,0.925
30978,Normal_Weight,2.92
30979,Normal_Weight,2.7
30980,Normal_Weight,4.905
30981,Normal_Weight,1.525
30982,Normal_Weight,4.7725
30983,Normal_Weight,4.0
30984,Normal_Weight,5.43
30985,Normal_Weight,2.0525
30986,Normal_Weight,2.6275
30987,Normal_Weight,5.72
30988,Normal_Weight,2.9375
30989,Normal_Weight,3.2375
30990,Normal_Weight,1.185
30991,Normal_Weight,4.175
30992,Normal_Weight,4.0
30993,Normal_Weight,4.0
30994,Normal_Weight,0.77
30995,Normal_Weight,4.2225
30996,Normal_Weight,4.0
30997,Normal_Weight,0.01
30998,Normal_Weight,2.935
30999,Normal_Weight,0.275
31000,Normal_Weight,0.0075
31001,Normal_Weight,4.9825
31002,Normal_Weight,0.9925
31003,Normal_Weight,4.4625
31004,Normal_Weight,4.1975
31005,Normal_Weight,1.04
31006,Normal_Weight,4.0
31007,Normal_Weight,4.0
31008,Normal_Weight,0.005
31009,Normal_Weight,0.0675
31010,Normal_Weight,3.685
31011,Normal_Weight,2.5725
31012,Normal_Weight,3.7875
31013,Normal_Weight,4.0
31014,Normal_Weight,0.01
31015,Normal_Weight,2.7075
31016,Normal_Weight,4.0
31017,Normal_Weight,2.365
31018,Normal_Weight,2.92
31019,Normal_Weight,2.5475
31020,Normal_Weight,2.9975
31021,Normal_Weight,1.185
31022,Normal_Weight,4.715
31023,Normal_Weight,5.6275
31024,Normal_Weight,0.965
31025,Normal_Weight,0.005
31026,Normal_Weight,4.0
31027,Normal_Weight,4.0
31028,Normal_Weight,0.8725
31029,Normal_Weight,0.6075
31030,Normal_Weight,2.8825
31031,Normal_Weight,1.44
31032,Normal_Weight,4.95
31033,Normal_Weight,5.74
31034,Normal_Weight,2.9425
31035,Normal_Weight,4.945
31036,Normal_Weight,2.5125
31037,Normal_Weight,4.0
31038,Normal_Weight,4.0375
31039,Normal_Weight,2.0175
31040,Normal_Weight,4.6975
31041,Normal_Weight,4.0
31042,Normal_Weight,4.525
31043,Normal_Weight,5.885
31044,Normal_Weight,0.0925
31045,Normal_Weight,4.1325
31046,Normal_Weight,4.9225
31047,Normal_Weight,2.32
31048,Normal_Weight,2.595
31049,Normal_Weight,5.6825
31050,Normal_Weight,4.0
31051,Normal_Weight,0.8425
31052,Normal_Weight,3.41
31053,Normal_Weight,2.985
31054,Normal_Weight,2.5475
31055,Normal_Weight,0.0
31056,Normal_Weight,0.5925
31057,Normal_Weight,1.3075
31058,Normal_Weight,0.06
31059,Normal_Weight,4.0
31060,Normal_Weight,2.96
31061,Normal_Weight,3.5325
31062,Normal_Weight,1.2175
31063,Normal_Weight,3.5675
31064,Normal_Weight,4.0
31065,Normal_Weight,2.805
31066,Normal_Weight,2.565
31067,Normal_Weight,5.58
31068,Normal_Weight,0.7925
31069,Normal_Weight,2.9575
31070,Normal_Weight,4.9175
31071,Normal_Weight,2.9475
31072,Normal_Weight,2.98
31073,Normal_Weight,0.5875
31074,Normal_Weight,0.0
31075,Normal_Weight,1.0
31076,Normal_Weight,4.42
31077,Normal_Weight,4.92
31078,Normal_Weight,4.0
31079,Normal_Weight,4.4975
31080,Normal_Weight,2.2775
31081,Normal_Weight,4.8225
31082,Normal_Weight,0.0325
31083,Normal_Weight,5.7025
31084,Normal_Weight,5.0
31085,Normal_Weight,4.0
31086,Normal_Weight,2.635
31087,Normal_Weight,2.56
31088,Normal_Weight,4.7625
31089,Normal_Weight,3.52
31090,Normal_Weight,2.9225
31091,Normal_Weight,2.4875
31092,Normal_Weight,4.585
31093,Normal_Weight,3.0525
31094,Normal_Weight,4.13
31095,Normal_Weight,4.0
31096,Normal_Weight,0.2775
31097,Normal_Weight,1.07
31098,Normal_Weight,2.2975
31099,Normal_Weight,5.8275
31100,Normal_Weight,0.0675
31101,Normal_Weight,2.525
31102,Normal_Weight,4.54
31103,Normal_Weight,3.0025
31104,Normal_Weight,3.8875
31105,Normal_Weight,0.4175
31106,Normal_Weight,4.0
31107,Normal_Weight,1.3775
31108,Normal_Weight,3.92
31109,Normal_Weight,3.0325
31110,Normal_Weight,4.6875
31111,Normal_Weight,2.8625
31112,Normal_Weight,2.3375
31113,Normal_Weight,1.185
31114,Normal_Weight,4.595
31115,Normal_Weight,3.405
31116,Normal_Weight,3.0
31117,Normal_Weight,5.0075
31118,Normal_Weight,0.015
31119,Normal_Weight,1.0425
31120,Normal_Weight,3.0
31121,Normal_Weight,4.6975
31122,Normal_Weight,0.015
31123,Normal_Weight,3.9675
31124,Normal_Weight,3.9225
31125,Normal_Weight,4.655
31126,Normal_Weight,4.0
31127,Normal_Weight,2.9675
31128,Normal_Weight,4.4225
31129,Normal_Weight,5.0425
31130,Normal_Weight,2.9625
31131,Normal_Weight,3.9575
31132,Normal_Weight,4.885
31133,Normal_Weight,5.695
31134,Normal_Weight,4.0
31135,Normal_Weight,2.215
31136,Normal_Weight,4.0
31137,Normal_Weight,5.6275
31138,Normal_Weight,1.0625
31139,Normal_Weight,4.0
31140,Normal_Weight,3.59
31141,Normal_Weight,4.9425
31142,Normal_Weight,4.0
31143,Normal_Weight,3.605
31144,Normal_Weight,4.0
31145,Normal_Weight,0.02
31146,Normal_Weight,4.99
31147,Normal_Weight,2.965
31148,Normal_Weight,2.835
31149,Normal_Weight,0.1375
31150,Normal_Weight,0.185
31151,Normal_Weight,0.4125
31152,Normal_Weight,2.33
31153,Normal_Weight,0.4025
31154,Normal_Weight,5.1175
31155,Normal_Weight,3.0
31156,Normal_Weight,2.275
31157,Normal_Weight,0.015
31158,Normal_Weight,0.345
31159,Normal_Weight,4.0
31160,Normal_Weight,3.45
31161,Normal_Weight,0.185
31162,Normal_Weight,0.995
31163,Normal_Weight,0.2175
31164,Normal_Weight,0.9625
31165,Normal_Weight,4.63
31166,Normal_Weight,4.9
31167,Normal_Weight,1.3825
31168,Normal_Weight,2.985
31169,Normal_Weight,2.9525
31170,Normal_Weight,4.7325
31171,Normal_Weight,2.83
31172,Normal_Weight,5.84
31173,Normal_Weight,3.8225
31174,Normal_Weight,2.455
31175,Normal_Weight,3.0
31176,Normal_Weight,3.7075
31177,Normal_Weight,5.7675
31178,Normal_Weight,3.0
31179,Normal_Weight,1.7325
31180,Normal_Weight,2.8925
31181,Normal_Weight,3.735
31182,Normal_Weight,4.0
31183,Normal_Weight,4.0
31184,Normal_Weight,0.0175
31185,Normal_Weight,4.0
31186,Normal_Weight,3.605
31187,Normal_Weight,1.405
31188,Normal_Weight,4.0
31189,Normal_Weight,0.925
31190,Normal_Weight,2.5675
31191,Normal_Weight,3.05
31192,Normal_Weight,4.3475
31193,Normal_Weight,2.9675
31194,Normal_Weight,4.5875
31195,Normal_Weight,4.0
31196,Normal_Weight,1.295
31197,Normal_Weight,0.915
31198,Normal_Weight,4.0
31199,Normal_Weight,4.3075
31200,Normal_Weight,4.0
31201,Normal_Weight,4.68
31202,Normal_Weight,0.075
31203,Normal_Weight,1.02
31204,Normal_Weight,4.0
31205,Normal_Weight,4.0
31206,Normal_Weight,0.225
31207,Normal_Weight,4.0
31208,Normal_Weight,0.0975
31209,Normal_Weight,5.1875
31210,Normal_Weight,4.93
31211,Normal_Weight,5.575
31212,Normal_Weight,0.9925
31213,Normal_Weight,2.5875
31214,Normal_Weight,2.9225
31215,Normal_Weight,2.995
31216,Normal_Weight,4.0
31217,Normal_Weight,4.5925
31218,Normal_Weight,4.6325
31219,Normal_Weight,0.98
31220,Normal_Weight,4.0
31221,Normal_Weight,0.3225
31222,Normal_Weight,0.0375
31223,Normal_Weight,2.56
31224,Normal_Weight,0.06
31225,Normal_Weight,5.9425
31226,Normal_Weight,0.0125
31227,Normal_Weight,5.095
31228,Normal_Weight,0.9325
31229,Normal_Weight,2.7975
31230,Normal_Weight,4.0
31231,Normal_Weight,3.58
31232,Normal_Weight,3.875
31233,Normal_Weight,0.18
31234,Normal_Weight,4.0425
31235,Normal_Weight,0.4475
31236,Normal_Weight,2.9775
31237,Normal_Weight,0.4375
31238,Normal_Weight,1.52
31239,Normal_Weight,1.03
31240,Normal_Weight,2.9975
31241,Normal_Weight,5.6225
31242,Normal_Weight,2.955
31243,Normal_Weight,5.12
31244,Normal_Weight,5.525
31245,Normal_Weight,0.515
31246,Normal_Weight,2.9375
31247,Normal_Weight,0.9925
31248,Normal_Weight,4.0
31249,Normal_Weight,2.975
31250,Normal_Weight,4.0
31251,Normal_Weight,2.9975
31252,Normal_Weight,0.0025
31253,Normal_Weight,0.0
31254,Normal_Weight,2.5225
31255,Normal_Weight,1.0075
31256,Normal_Weight,2.8625
31257,Normal_Weight,0.17
31258,Normal_Weight,2.4725
31259,Normal_Weight,2.935
31260,Normal_Weight,2.9
31261,Normal_Weight,2.9975
31262,Normal_Weight,2.985
31263,Normal_Weight,0.9125
31264,Normal_Weight,4.0
31265,Normal_Weight,0.035
31266,Normal_Weight,5.235
31267,Normal_Weight,1.9175
31268,Normal_Weight,2.51
31269,Normal_Weight,2.8175
31270,Normal_Weight,2.9825
31271,Normal_Weight,3.245
31272,Normal_Weight,0.2725
31273,Normal_Weight,2.9825
31274,Normal_Weight,2.915
31275,Normal_Weight,2.9425
31276,Normal_Weight,3.0
31277,Normal_Weight,3.295
31278,Normal_Weight,4.0
31279,Normal_Weight,3.9975
31280,Normal_Weight,4.5875
31281,Normal_Weight,2.9525
31282,Normal_Weight,3.0
31283,Normal_Weight,1.6125
31284,Normal_Weight,1.645
31285,Normal_Weight,4.0
31286,Normal_Weight,5.41
31287,Normal_Weight,0.0025
31288,Normal_Weight,4.655
31289,Normal_Weight,0.1075
31290,Normal_Weight,4.4925
31291,Normal_Weight,0.0075
31292,Normal_Weight,4.0
31293,Normal_Weight,1.1075
31294,Normal_Weight,4.0
31295,Normal_Weight,2.945
31296,Normal_Weight,5.905
31297,Normal_Weight,2.9475
31298,Normal_Weight,4.0
31299,Normal_Weight,0.35
31300,Normal_Weight,1.01
31301,Normal_Weight,1.0
31302,Normal_Weight,0.225
31303,Normal_Weight,2.9925
31304,Normal_Weight,3.64
31305,Normal_Weight,0.175
31306,Normal_Weight,0.785
31307,Normal_Weight,5.34
31308,Normal_Weight,2.3325
31309,Normal_Weight,2.9375
31310,Normal_Weight,2.9
31311,Normal_Weight,4.0
31312,Normal_Weight,2.555
31313,Normal_Weight,2.7775
31314,Normal_Weight,0.0025
31315,Normal_Weight,2.19
31316,Normal_Weight,2.99
31317,Normal_Weight,2.5575
31318,Normal_Weight,4.0
31319,Normal_Weight,5.425
31320,Normal_Weight,4.83
31321,Normal_Weight,0.01
31322,Normal_Weight,4.7325
31323,Normal_Weight,3.0
31324,Normal_Weight,2.9425
31325,Normal_Weight,4.0
31326,Normal_Weight,2.0
31327,Normal_Weight,3.0
31328,Normal_Weight,0.2375
31329,Normal_Weight,4.9225
31330,Normal_Weight,3.0
31331,Normal_Weight,4.865
31332,Normal_Weight,1.59
31333,Normal_Weight,2.6625
31334,Normal_Weight,1.3525
31335,Normal_Weight,5.905
31336,Normal_Weight,2.7325
31337,Normal_Weight,5.0175
31338,Normal_Weight,1.9825
31339,Normal_Weight,2.7925
31340,Normal_Weight,4.0
31341,Normal_Weight,0.23
31342,Normal_Weight,4.0
31343,Normal_Weight,0.315
31344,Normal_Weight,1.275
31345,Normal_Weight,0.0575
31346,Normal_Weight,4.0
31347,Normal_Weight,5.8075
31348,Normal_Weight,2.825
31349,Normal_Weight,4.5725
31350,Normal_Weight,4.99
31351,Normal_Weight,4.0
31352,Normal_Weight,5.5125
31353,Normal_Weight,0.6825
31354,Normal_Weight,2.93
31355,Normal_Weight,5.425
31356,Normal_Weight,0.8375
31357,Normal_Weight,0.065
31358,Normal_Weight,0.0025
31359,Normal_Weight,4.9825
31360,Normal_Weight,5.245
31361,Normal_Weight,2.9775
31362,Normal_Weight,3.3375
31363,Normal_Weight,1.41
31364,Normal_Weight,2.735
31365,Normal_Weight,4.095
31366,Normal_Weight,3.325
31367,Normal_Weight,1.2175
31368,Normal_Weight,0.4675
31369,Normal_Weight,3.55
31370,Normal_Weight,0.0825
31371,Normal_Weight,4.2725
31372,Normal_Weight,0.0
31373,Normal_Weight,4.0
31374,Normal_Weight,2.9075
31375,Normal_Weight,4.0
31376,Normal_Weight,1.13
31377,Normal_Weight,1.0
31378,Normal_Weight,2.6975
31379,Normal_Weight,3.3925
31380,Normal_Weight,1.37
31381,Normal_Weight,2.3225
31382,Normal_Weight,3.3625
31383,Normal_Weight,4.0
31384,Normal_Weight,3.8025
31385,Normal_Weight,2.6175
31386,Normal_Weight,4.0
31387,Normal_Weight,3.0
31388,Normal_Weight,3.225
31389,Normal_Weight,2.95
31390,Normal_Weight,3.45
31391,Normal_Weight,3.4575
31392,Normal_Weight,5.5425
31393,Normal_Weight,5.375
31394,Normal_Weight,2.6125
31395,Normal_Weight,5.7975
31396,Normal_Weight,0.3125
31397,Normal_Weight,2.7275
31398,Normal_Weight,3.93
31399,Normal_Weight,4.0
31400,Normal_Weight,3.2975
31401,Normal_Weight,2.885
31402,Normal_Weight,4.0
31403,Normal_Weight,4.2725
31404,Normal_Weight,2.2675
31405,Normal_Weight,2.79
31406,Normal_Weight,2.5675
31407,Normal_Weight,2.36
31408,Normal_Weight,5.55
31409,Normal_Weight,1.095
31410,Normal_Weight,0.19
31411,Normal_Weight,0.36
31412,Normal_Weight,4.0
31413,Normal_Weight,2.995
31414,Normal_Weight,0.015
31415,Normal_Weight,0.08
31416,Normal_Weight,4.055
31417,Normal_Weight,0.1525
31418,Normal_Weight,4.945
31419,Normal_Weight,2.9725
31420,Normal_Weight,2.9525
31421,Normal_Weight,3.45
31422,Normal_Weight,1.72
31423,Normal_Weight,2.0625
31424,Normal_Weight,4.0
31425,Normal_Weight,3.5925
31426,Normal_Weight,4.0
31427,Normal_Weight,0.905
31428,Normal_Weight,2.465
31429,Normal_Weight,4.0
31430,Normal_Weight,4.0
31431,Normal_Weight,4.2875
31432,Normal_Weight,0.2025
31433,Normal_Weight,5.2675
31434,Normal_Weight,4.0
31435,Normal_Weight,0.055
31436,Normal_Weight,3.0
31437,Normal_Weight,2.975
31438,Normal_Weight,4.0
31439,Normal_Weight,1.555
31440,Normal_Weight,0.455
31441,Normal_Weight,2.99
31442,Normal_Weight,4.0
31443,Normal_Weight,4.0
31444,Normal_Weight,4.0
31445,Normal_Weight,3.33
31446,Normal_Weight,2.9975
31447,Normal_Weight,3.7375
31448,Normal_Weight,0.495
31449,Normal_Weight,0.105
31450,Normal_Weight,5.01
31451,Normal_Weight,0.9725
31452,Normal_Weight,0.4925
31453,Normal_Weight,2.8875
31454,Normal_Weight,3.0
31455,Normal_Weight,2.96
31456,Normal_Weight,0.025
31457,Normal_Weight,0.61
31458,Normal_Weight,3.4525
31459,Normal_Weight,5.7325
31460,Normal_Weight,3.0525
31461,Normal_Weight,3.1425
31462,Normal_Weight,0.9425
31463,Normal_Weight,0.945
31464,Normal_Weight,5.6625
31465,Normal_Weight,2.9225
31466,Normal_Weight,2.99
31467,Normal_Weight,3.0
31468,Normal_Weight,4.0
31469,Normal_Weight,2.9875
31470,Normal_Weight,3.0
31471,Normal_Weight,4.0
31472,Normal_Weight,3.67
31473,Normal_Weight,1.2475
31474,Normal_Weight,0.9975
31475,Normal_Weight,4.6425
31476,Normal_Weight,0.4
31477,Normal_Weight,0.0325
31478,Normal_Weight,2.92
31479,Normal_Weight,2.99
31480,Normal_Weight,0.1275
31481,Normal_Weight,4.0
31482,Normal_Weight,2.975
31483,Normal_Weight,4.0
31484,Normal_Weight,4.7775
31485,Normal_Weight,2.555
31486,Normal_Weight,2.8825
31487,Normal_Weight,2.9675
31488,Normal_Weight,2.555
31489,Normal_Weight,4.0
31490,Normal_Weight,2.84
31491,Normal_Weight,4.0
31492,Normal_Weight,2.245
31493,Normal_Weight,2.7725
31494,Normal_Weight,0.04
31495,Normal_Weight,5.895
31496,Normal_Weight,1.2525
31497,Normal_Weight,2.6875
31498,Normal_Weight,1.4575
31499,Normal_Weight,0.7275
31500,Normal_Weight,3.59
31501,Normal_Weight,2.99
31502,Normal_Weight,3.0
31503,Normal_Weight,4.955
31504,Normal_Weight,4.0
31505,Normal_Weight,5.7525
31506,Normal_Weight,2.8025
31507,Normal_Weight,2.5575
31508,Normal_Weight,2.955
31509,Normal_Weight,0.365
31510,Normal_Weight,4.0
31511,Normal_Weight,4.0
31512,Normal_Weight,0.81
31513,Normal_Weight,5.865
31514,Normal_Weight,1.1975
31515,Normal_Weight,0.965
31516,Normal_Weight,1.925
31517,Normal_Weight,4.0
31518,Normal_Weight,5.9125
31519,Normal_Weight,4.0425
31520,Normal_Weight,3.2325
31521,Normal_Weight,4.5825
31522,Normal_Weight,0.9975
31523,Normal_Weight,0.135
31524,Normal_Weight,4.0
31525,Normal_Weight,0.9825
31526,Normal_Weight,3.83
31527,Normal_Weight,4.58
31528,Normal_Weight,4.0
31529,Normal_Weight,4.0
31530,Normal_Weight,4.0
31531,Normal_Weight,0.51
31532,Normal_Weight,0.0075
31533,Normal_Weight,4.0
31534,Normal_Weight,4.5575
31535,Normal_Weight,0.375
31536,Normal_Weight,2.795
31537,Normal_Weight,1.6175
31538,Normal_Weight,0.07
31539,Normal_Weight,4.0
31540,Normal_Weight,4.0
31541,Normal_Weight,3.0
31542,Normal_Weight,0.2825
31543,Normal_Weight,4.4225
31544,Normal_Weight,2.9625
31545,Normal_Weight,0.0075
31546,Normal_Weight,4.74
31547,Normal_Weight,0.1325
31548,Normal_Weight,4.0
31549,Normal_Weight,0.0875
31550,Normal_Weight,3.42
31551,Normal_Weight,2.815
31552,Normal_Weight,1.435
31553,Normal_Weight,2.565
31554,Normal_Weight,4.0
31555,Normal_Weight,5.035
31556,Normal_Weight,5.35
31557,Normal_Weight,4.425
31558,Normal_Weight,4.0
31559,Normal_Weight,0.4025
31560,Normal_Weight,0.05
31561,Normal_Weight,2.995
31562,Normal_Weight,3.4675
31563,Normal_Weight,4.0
31564,Normal_Weight,3.8825
31565,Normal_Weight,2.9225
31566,Normal_Weight,0.0525
31567,Normal_Weight,2.9875
31568,Normal_Weight,3.25
31569,Normal_Weight,4.72
31570,Normal_Weight,2.975
31571,Normal_Weight,3.4375
31572,Normal_Weight,3.605
31573,Normal_Weight,2.965
31574,Normal_Weight,2.9975
31575,Normal_Weight,4.965
31576,Normal_Weight,4.0
31577,Normal_Weight,3.3425
31578,Normal_Weight,0.6425
31579,Normal_Weight,4.0
31580,Normal_Weight,3.4175
31581,Normal_Weight,2.785
31582,Normal_Weight,4.81
31583,Normal_Weight,4.0
31584,Normal_Weight,2.4525
31585,Normal_Weight,4.0
31586,Normal_Weight,4.94
31587,Normal_Weight,1.7325
31588,Normal_Weight,4.0
31589,Normal_Weight,1.165
31590,Normal_Weight,4.245
31591,Normal_Weight,3.7575
31592,Normal_Weight,2.9775
31593,Normal_Weight,1.45
31594,Normal_Weight,4.195
31595,Normal_Weight,2.9225
31596,Normal_Weight,2.965
31597,Normal_Weight,2.7125
31598,Normal_Weight,0.0125
31599,Normal_Weight,2.83
31600,Normal_Weight,1.38
31601,Normal_Weight,0.02
31602,Normal_Weight,2.5775
31603,Normal_Weight,4.0
31604,Normal_Weight,3.915
31605,Normal_Weight,3.3
31606,Normal_Weight,0.005
31607,Normal_Weight,4.7975
31608,Normal_Weight,0.175
31609,Normal_Weight,4.0
31610,Normal_Weight,5.4975
31611,Normal_Weight,4.0
31612,Normal_Weight,4.5375
31613,Normal_Weight,1.0
31614,Normal_Weight,2.74
31615,Normal_Weight,5.4325
31616,Normal_Weight,1.1025
31617,Normal_Weight,0.5625
31618,Normal_Weight,3.0
31619,Normal_Weight,2.9675
31620,Normal_Weight,0.8825
31621,Normal_Weight,4.95
31622,Normal_Weight,4.0
31623,Normal_Weight,2.96
31624,Normal_Weight,2.0675
31625,Normal_Weight,2.63
31626,Normal_Weight,0.0025
31627,Normal_Weight,2.975
31628,Normal_Weight,4.31
31629,Normal_Weight,0.05
31630,Normal_Weight,0.9325
31631,Normal_Weight,0.085
31632,Normal_Weight,2.8775
31633,Normal_Weight,3.95
31634,Normal_Weight,3.6325
31635,Normal_Weight,4.5925
31636,Normal_Weight,4.6075
31637,Normal_Weight,0.0125
31638,Normal_Weight,4.415
31639,Normal_Weight,2.6475
31640,Normal_Weight,0.53
31641,Normal_Weight,0.9525
31642,Normal_Weight,4.0
31643,Normal_Weight,2.9875
31644,Normal_Weight,4.0
31645,Normal_Weight,3.0875
31646,Normal_Weight,4.0
31647,Normal_Weight,4.0
31648,Normal_Weight,5.735
31649,Normal_Weight,0.68
31650,Normal_Weight,2.9325
31651,Normal_Weight,4.1425
31652,Normal_Weight,3.3925
31653,Normal_Weight,4.0
31654,Normal_Weight,4.0
31655,Normal_Weight,4.0
31656,Normal_Weight,0.005
31657,Normal_Weight,2.915
31658,Normal_Weight,4.0
31659,Normal_Weight,0.415
31660,Normal_Weight,4.0
31661,Normal_Weight,2.535
31662,Normal_Weight,5.7
31663,Normal_Weight,2.12
31664,Normal_Weight,4.0
31665,Normal_Weight,4.0
31666,Normal_Weight,5.94
31667,Normal_Weight,3.0
31668,Normal_Weight,2.495
31669,Normal_Weight,4.0
31670,Normal_Weight,2.5275
31671,Normal_Weight,2.5075
31672,Normal_Weight,5.0075
31673,Normal_Weight,5.32
31674,Normal_Weight,4.0
31675,Normal_Weight,5.4725
31676,Normal_Weight,2.4875
31677,Normal_Weight,4.0
31678,Normal_Weight,0.525
31679,Normal_Weight,4.165
31680,Normal_Weight,4.0
31681,Normal_Weight,4.0
31682,Normal_Weight,3.8075
31683,Normal_Weight,3.4
31684,Normal_Weight,1.0525
31685,Normal_Weight,1.94
31686,Normal_Weight,4.0
31687,Normal_Weight,5.8175
31688,Normal_Weight,5.7875
31689,Normal_Weight,4.0
31690,Normal_Weight,3.135
31691,Normal_Weight,2.855
31692,Normal_Weight,5.525
31693,Normal_Weight,2.9825
31694,Normal_Weight,5.9
31695,Normal_Weight,3.7175
31696,Normal_Weight,0.055
31697,Normal_Weight,2.995
31698,Normal_Weight,0.685
31699,Normal_Weight,0.6725
31700,Normal_Weight,2.9725
31701,Normal_Weight,0.375
31702,Normal_Weight,3.945
31703,Normal_Weight,4.0
31704,Normal_Weight,0.1675
31705,Normal_Weight,4.765
31706,Normal_Weight,2.0175
31707,Normal_Weight,0.02
31708,Normal_Weight,4.0725
31709,Normal_Weight,2.81
31710,Normal_Weight,2.7
31711,Normal_Weight,0.105
31712,Normal_Weight,2.7875
31713,Normal_Weight,0.0525
31714,Normal_Weight,4.63
31715,Normal_Weight,5.615
31716,Normal_Weight,4.8375
31717,Normal_Weight,4.0
31718,Normal_Weight,2.975
31719,Normal_Weight,4.385
31720,Normal_Weight,2.9975
31721,Normal_Weight,0.005
31722,Normal_Weight,3.0
31723,Normal_Weight,4.22
31724,Normal_Weight,0.1625
31725,Normal_Weight,2.96
31726,Normal_Weight,0.0475
31727,Normal_Weight,0.065
31728,Normal_Weight,3.3875
31729,Normal_Weight,2.8925
31730,Normal_Weight,1.185
31731,Normal_Weight,4.8825
31732,Normal_Weight,4.0
31733,Normal_Weight,3.895
31734,Normal_Weight,1.1625
31735,Normal_Weight,2.9225
31736,Normal_Weight,4.4025
31737,Normal_Weight,2.6675
31738,Normal_Weight,3.53
31739,Normal_Weight,5.7725
31740,Normal_Weight,3.9225
31741,Normal_Weight,4.0
31742,Normal_Weight,0.3325
31743,Normal_Weight,3.6075
31744,Normal_Weight,5.2775
31745,Normal_Weight,0.8375
31746,Normal_Weight,2.2125
31747,Normal_Weight,0.27
31748,Normal_Weight,4.0
31749,Normal_Weight,4.16
31750,Normal_Weight,0.99
31751,Normal_Weight,1.095
31752,Normal_Weight,4.0
31753,Normal_Weight,4.0
31754,Normal_Weight,2.9825
31755,Normal_Weight,2.1325
31756,Normal_Weight,4.0
31757,Normal_Weight,2.3775
31758,Normal_Weight,0.0125
31759,Normal_Weight,3.7625
31760,Normal_Weight,0.375
31761,Normal_Weight,4.0
31762,Normal_Weight,5.0425
31763,Normal_Weight,0.0275
31764,Normal_Weight,4.6525
31765,Normal_Weight,2.625
31766,Normal_Weight,5.4875
31767,Normal_Weight,0.7475
31768,Normal_Weight,1.1975
31769,Normal_Weight,4.0
31770,Normal_Weight,5.815
31771,Normal_Weight,3.5725
31772,Normal_Weight,3.8375
31773,Normal_Weight,2.2025
31774,Normal_Weight,4.4325
31775,Normal_Weight,5.005
31776,Normal_Weight,4.0
31777,Normal_Weight,2.645
31778,Normal_Weight,2.9875
31779,Normal_Weight,3.7575
31780,Normal_Weight,3.59
31781,Normal_Weight,4.0
31782,Normal_Weight,2.33
31783,Normal_Weight,2.82
31784,Normal_Weight,4.0
31785,Normal_Weight,4.9775
31786,Normal_Weight,4.0
31787,Normal_Weight,5.0725
31788,Normal_Weight,0.4875
31789,Normal_Weight,0.0
31790,Normal_Weight,3.32
31791,Normal_Weight,2.79
31792,Normal_Weight,3.845
31793,Normal_Weight,2.14
31794,Normal_Weight,2.5625
31795,Normal_Weight,4.0
31796,Normal_Weight,0.325
31797,Normal_Weight,3.0
31798,Normal_Weight,4.995
31799,Normal_Weight,2.925
31800,Normal_Weight,3.7325
31801,Normal_Weight,2.415
31802,Normal_Weight,5.5775
31803,Normal_Weight,2.9675
31804,Normal_Weight,0.9825
31805,Normal_Weight,2.98
31806,Normal_Weight,3.3125
31807,Normal_Weight,5.775
31808,Normal_Weight,4.0
31809,Normal_Weight,2.76
31810,Normal_Weight,4.0
31811,Normal_Weight,3.0
31812,Normal_Weight,5.3625
31813,Normal_Weight,1.0075
31814,Normal_Weight,5.2
31815,Normal_Weight,5.03
31816,Normal_Weight,4.16
31817,Normal_Weight,4.0
31818,Normal_Weight,5.78
31819,Normal_Weight,4.7475
31820,Normal_Weight,4.0
31821,Normal_Weight,4.0
31822,Normal_Weight,4.0
31823,Normal_Weight,0.895
31824,Normal_Weight,4.04
31825,Normal_Weight,4.765
31826,Normal_Weight,2.985
31827,Normal_Weight,3.6275
31828,Normal_Weight,4.0
31829,Normal_Weight,4.6
31830,Normal_Weight,1.02
31831,Normal_Weight,5.03
31832,Normal_Weight,2.0975
31833,Normal_Weight,0.015
31834,Normal_Weight,3.365
31835,Normal_Weight,5.6875
31836,Normal_Weight,1.2275
31837,Normal_Weight,5.85
31838,Normal_Weight,0.0325
31839,Normal_Weight,2.0225
31840,Normal_Weight,4.0
31841,Normal_Weight,1.205
31842,Normal_Weight,1.79
31843,Normal_Weight,2.6575
31844,Normal_Weight,3.2475
31845,Normal_Weight,5.86
31846,Normal_Weight,3.0
31847,Normal_Weight,5.04
31848,Normal_Weight,5.84
31849,Normal_Weight,0.6675
31850,Normal_Weight,0.0325
31851,Normal_Weight,1.19
31852,Normal_Weight,5.0125
31853,Normal_Weight,2.93
31854,Normal_Weight,1.9725
31855,Normal_Weight,2.98
31856,Normal_Weight,2.9875
31857,Normal_Weight,2.3625
31858,Normal_Weight,0.0425
31859,Normal_Weight,5.01
31860,Normal_Weight,4.0
31861,Normal_Weight,5.9
31862,Normal_Weight,4.0
31863,Normal_Weight,2.185
31864,Normal_Weight,0.2475
31865,Normal_Weight,4.4825
31866,Normal_Weight,5.64
31867,Normal_Weight,5.6275
31868,Normal_Weight,0.16
31869,Normal_Weight,4.7
31870,Normal_Weight,2.51
31871,Normal_Weight,4.0
31872,Normal_Weight,4.0
31873,Normal_Weight,4.1825
31874,Normal_Weight,2.935
31875,Normal_Weight,2.9425
31876,Normal_Weight,2.3
31877,Normal_Weight,1.185
31878,Normal_Weight,2.715
31879,Normal_Weight,4.0
31880,Normal_Weight,3.7
31881,Normal_Weight,2.9025
31882,Normal_Weight,4.0
31883,Normal_Weight,4.0
31884,Normal_Weight,2.975
31885,Normal_Weight,4.25
31886,Normal_Weight,4.0
31887,Normal_Weight,2.21
31888,Normal_Weight,4.42
31889,Normal_Weight,1.01
31890,Normal_Weight,4.0
31891,Normal_Weight,5.2725
31892,Normal_Weight,4.2125
31893,Normal_Weight,1.1975
31894,Normal_Weight,4.0
31895,Normal_Weight,2.9625
31896,Normal_Weight,0.82
31897,Normal_Weight,2.565
31898,Normal_Weight,2.885
31899,Normal_Weight,2.535
31900,Normal_Weight,2.135
31901,Normal_Weight,2.9775
31902,Normal_Weight,1.43
31903,Normal_Weight,4.0
31904,Normal_Weight,4.0
31905,Normal_Weight,4.0175
31906,Normal_Weight,4.0
31907,Normal_Weight,2.945
31908,Normal_Weight,2.9775
31909,Normal_Weight,0.0225
31910,Normal_Weight,2.215
31911,Normal_Weight,4.665
31912,Normal_Weight,5.36
31913,Normal_Weight,4.0
31914,Normal_Weight,2.5225
31915,Normal_Weight,4.0
31916,Normal_Weight,4.0
31917,Normal_Weight,3.0325
31918,Normal_Weight,1.955
31919,Normal_Weight,2.9175
31920,Normal_Weight,0.3125
31921,Normal_Weight,4.44
31922,Normal_Weight,2.91
31923,Normal_Weight,4.0
31924,Normal_Weight,0.87
31925,Normal_Weight,2.9975
31926,Normal_Weight,4.0
31927,Normal_Weight,4.0
31928,Normal_Weight,3.52
31929,Normal_Weight,2.99
31930,Normal_Weight,4.7475
31931,Normal_Weight,4.0
31932,Normal_Weight,0.605
31933,Normal_Weight,4.0
31934,Normal_Weight,1.4975
31935,Normal_Weight,2.7125
31936,Normal_Weight,4.695
31937,Normal_Weight,5.7825
31938,Normal_Weight,4.0
31939,Normal_Weight,0.0425
31940,Normal_Weight,3.3825
31941,Normal_Weight,3.545
31942,Normal_Weight,4.0
31943,Normal_Weight,4.0
31944,Normal_Weight,1.5075
31945,Normal_Weight,4.0125
31946,Normal_Weight,2.5625
31947,Normal_Weight,4.0
31948,Normal_Weight,2.04
31949,Normal_Weight,5.1075
31950,Normal_Weight,3.0
31951,Normal_Weight,5.165
31952,Normal_Weight,4.0
31953,Normal_Weight,0.9775
31954,Normal_Weight,4.7125
31955,Normal_Weight,5.0075
31956,Normal_Weight,0.0375
31957,Normal_Weight,3.1125
31958,Normal_Weight,4.615
31959,Normal_Weight,1.2175
31960,Normal_Weight,2.915
31961,Normal_Weight,1.6525
31962,Normal_Weight,3.95
31963,Normal_Weight,3.1475
31964,Normal_Weight,0.48
31965,Normal_Weight,2.8025
31966,Normal_Weight,4.0
31967,Normal_Weight,4.0
31968,Normal_Weight,4.925
31969,Normal_Weight,3.9575
31970,Normal_Weight,0.5775
31971,Normal_Weight,2.9225
31972,Normal_Weight,2.515
31973,Normal_Weight,5.61
31974,Normal_Weight,5.3825
31975,Normal_Weight,4.8975
31976,Normal_Weight,4.0
31977,Normal_Weight,4.735
31978,Normal_Weight,5.73
31979,Normal_Weight,0.145
31980,Normal_Weight,2.5125
31981,Normal_Weight,5.79
31982,Normal_Weight,2.9725
31983,Normal_Weight,5.8975
31984,Normal_Weight,5.3575
31985,Normal_Weight,2.96
31986,Normal_Weight,2.5225
31987,Normal_Weight,2.675
31988,Normal_Weight,2.745
31989,Normal_Weight,4.0
31990,Normal_Weight,0.9675
31991,Normal_Weight,4.0
31992,Normal_Weight,4.0
31993,Normal_Weight,4.68
31994,Normal_Weight,1.48
31995,Normal_Weight,4.0
31996,Normal_Weight,0.9125
31997,Normal_Weight,0.095
31998,Normal_Weight,0.0025
31999,Normal_Weight,5.1075
32000,Normal_Weight,4.9625
32001,Normal_Weight,5.2175
32002,Normal_Weight,4.915
32003,Normal_Weight,2.5725
32004,Normal_Weight,3.13
32005,Normal_Weight,4.885
32006,Normal_Weight,0.4475
32007,Normal_Weight,4.0
32008,Normal_Weight,3.0
32009,Normal_Weight,0.9875
32010,Normal_Weight,3.465
32011,Normal_Weight,4.0
32012,Normal_Weight,3.71
32013,Normal_Weight,2.44
32014,Normal_Weight,0.165
32015,Normal_Weight,3.0
32016,Normal_Weight,3.0
32017,Normal_Weight,2.99
32018,Normal_Weight,0.495
32019,Normal_Weight,5.7525
32020,Normal_Weight,4.0
32021,Normal_Weight,0.09
32022,Normal_Weight,1.555
32023,Normal_Weight,4.2775
32024,Normal_Weight,0.105
32025,Normal_Weight,0.2425
32026,Normal_Weight,4.0
32027,Normal_Weight,5.69
32028,Normal_Weight,4.0
32029,Normal_Weight,5.1625
32030,Normal_Weight,3.0
32031,Normal_Weight,0.5725
32032,Normal_Weight,0.58
32033,Normal_Weight,1.525
32034,Normal_Weight,0.0575
32035,Normal_Weight,0.825
32036,Normal_Weight,3.0025
32037,Normal_Weight,2.26
32038,Normal_Weight,3.965
32039,Normal_Weight,2.9375
32040,Normal_Weight,4.0775
32041,Normal_Weight,4.0
32042,Normal_Weight,4.0
32043,Normal_Weight,0.77
32044,Normal_Weight,2.9125
32045,Normal_Weight,4.9325
32046,Normal_Weight,4.0
32047,Normal_Weight,2.37
32048,Normal_Weight,4.0075
32049,Normal_Weight,3.7525
32050,Normal_Weight,3.0
32051,Normal_Weight,4.0
32052,Normal_Weight,0.0075
32053,Normal_Weight,3.9
32054,Normal_Weight,2.2375
32055,Normal_Weight,0.585
32056,Normal_Weight,1.045
32057,Normal_Weight,2.5625
32058,Normal_Weight,2.41
32059,Normal_Weight,5.7975
32060,Normal_Weight,2.545
32061,Normal_Weight,3.0
32062,Normal_Weight,4.395
32063,Normal_Weight,4.3875
32064,Normal_Weight,2.9975
32065,Normal_Weight,4.0
32066,Normal_Weight,5.0
32067,Normal_Weight,4.0
32068,Normal_Weight,4.69
32069,Normal_Weight,5.0425
32070,Normal_Weight,4.0
32071,Normal_Weight,5.795
32072,Normal_Weight,4.0
32073,Normal_Weight,4.0
32074,Normal_Weight,4.0
32075,Normal_Weight,0.57
32076,Normal_Weight,4.0
32077,Normal_Weight,2.1725
32078,Normal_Weight,2.695
32079,Normal_Weight,2.9075
32080,Normal_Weight,4.0
32081,Normal_Weight,0.105
32082,Normal_Weight,2.9675
32083,Normal_Weight,2.975
32084,Normal_Weight,2.9825
32085,Normal_Weight,2.995
32086,Normal_Weight,4.0
32087,Normal_Weight,0.025
32088,Normal_Weight,0.685
32089,Normal_Weight,1.01
32090,Normal_Weight,3.88
32091,Normal_Weight,2.9725
32092,Normal_Weight,2.7725
32093,Normal_Weight,4.0
32094,Normal_Weight,0.1525
32095,Normal_Weight,2.28
32096,Normal_Weight,0.1225
32097,Normal_Weight,4.0175
32098,Normal_Weight,3.2275
32099,Normal_Weight,4.6675
32100,Normal_Weight,2.9575
32101,Normal_Weight,0.0
32102,Normal_Weight,4.225
32103,Normal_Weight,4.0
32104,Normal_Weight,1.185
32105,Normal_Weight,2.9875
32106,Normal_Weight,2.995
32107,Normal_Weight,4.0
32108,Normal_Weight,4.0
32109,Normal_Weight,4.945
32110,Normal_Weight,1.2175
32111,Normal_Weight,4.0
32112,Normal_Weight,2.9975
32113,Normal_Weight,5.6075
32114,Normal_Weight,2.9575
32115,Normal_Weight,2.555
32116,Normal_Weight,4.0
32117,Normal_Weight,3.0
32118,Normal_Weight,2.3725
32119,Normal_Weight,4.0
32120,Normal_Weight,2.2075
32121,Normal_Weight,2.555
32122,Normal_Weight,2.9775
32123,Normal_Weight,3.91
32124,Normal_Weight,4.0
32125,Normal_Weight,2.9425
32126,Normal_Weight,0.22
32127,Normal_Weight,0.0025
32128,Normal_Weight,3.065
32129,Normal_Weight,2.97
32130,Normal_Weight,4.7
32131,Normal_Weight,0.2775
32132,Normal_Weight,3.4325
32133,Normal_Weight,4.0
32134,Normal_Weight,5.195
32135,Normal_Weight,4.4325
32136,Normal_Weight,3.84
32137,Normal_Weight,4.4475
32138,Normal_Weight,4.0
32139,Normal_Weight,0.7475
32140,Normal_Weight,0.76
32141,Normal_Weight,1.12
32142,Normal_Weight,5.875
32143,Normal_Weight,5.005
32144,Normal_Weight,4.0
32145,Normal_Weight,1.0375
32146,Normal_Weight,0.0125
32147,Normal_Weight,4.82
32148,Normal_Weight,4.0
32149,Normal_Weight,4.0
32150,Normal_Weight,4.0
32151,Normal_Weight,2.5325
32152,Normal_Weight,2.0425
32153,Normal_Weight,2.385
32154,Normal_Weight,0.82
32155,Normal_Weight,2.98
32156,Normal_Weight,2.745
32157,Normal_Weight,3.4775
32158,Normal_Weight,3.055
32159,Normal_Weight,4.94
32160,Normal_Weight,0.675
32161,Normal_Weight,2.3975
32162,Normal_Weight,4.0
32163,Normal_Weight,0.02
32164,Normal_Weight,0.015
32165,Normal_Weight,0.1425
32166,Normal_Weight,4.9925
32167,Normal_Weight,3.2675
32168,Normal_Weight,4.65
32169,Normal_Weight,2.7875
32170,Normal_Weight,3.0
32171,Normal_Weight,4.0
32172,Normal_Weight,3.705
32173,Normal_Weight,2.735
32174,Normal_Weight,4.0
32175,Normal_Weight,0.0075
32176,Normal_Weight,0.2125
32177,Normal_Weight,4.48
32178,Normal_Weight,4.33
32179,Normal_Weight,4.0
32180,Normal_Weight,4.4575
32181,Normal_Weight,2.9625
32182,Normal_Weight,0.7
32183,Normal_Weight,3.8275
32184,Normal_Weight,4.695
32185,Normal_Weight,4.685
32186,Normal_Weight,4.05
32187,Normal_Weight,2.965
32188,Normal_Weight,4.0
32189,Normal_Weight,4.0325
32190,Normal_Weight,2.0325
32191,Normal_Weight,0.9375
32192,Normal_Weight,1.3025
32193,Normal_Weight,0.145
32194,Normal_Weight,2.47
32195,Normal_Weight,2.54
32196,Normal_Weight,4.925
32197,Normal_Weight,2.485
32198,Normal_Weight,4.145
32199,Normal_Weight,2.7725
32200,Normal_Weight,2.99
32201,Normal_Weight,4.0
32202,Normal_Weight,0.0125
32203,Normal_Weight,4.4275
32204,Normal_Weight,4.0
32205,Normal_Weight,2.5425
32206,Normal_Weight,4.9675
32207,Normal_Weight,2.2625
32208,Normal_Weight,2.8225
32209,Normal_Weight,2.9175
32210,Normal_Weight,4.0
32211,Normal_Weight,1.6575
32212,Normal_Weight,1.19
32213,Normal_Weight,3.0
32214,Normal_Weight,2.9975
32215,Normal_Weight,4.805
32216,Normal_Weight,4.0
32217,Normal_Weight,3.91
32218,Normal_Weight,0.3
32219,Normal_Weight,1.2825
32220,Normal_Weight,1.88
32221,Normal_Weight,3.4825
32222,Normal_Weight,4.0
32223,Normal_Weight,0.2375
32224,Normal_Weight,0.835
32225,Normal_Weight,4.0
32226,Normal_Weight,2.9975
32227,Normal_Weight,4.0
32228,Normal_Weight,3.43
32229,Normal_Weight,4.35
32230,Normal_Weight,1.2125
32231,Normal_Weight,2.9975
32232,Normal_Weight,0.995
32233,Normal_Weight,3.9
32234,Normal_Weight,3.11
32235,Normal_Weight,1.1025
32236,Normal_Weight,0.7025
32237,Normal_Weight,3.2175
32238,Normal_Weight,2.9475
32239,Normal_Weight,3.44
32240,Normal_Weight,4.34
32241,Normal_Weight,3.0
32242,Normal_Weight,0.805
32243,Normal_Weight,4.0
32244,Normal_Weight,2.985
32245,Normal_Weight,0.1475
32246,Normal_Weight,4.7475
32247,Normal_Weight,4.0
32248,Normal_Weight,4.0
32249,Normal_Weight,4.0
32250,Normal_Weight,0.415
32251,Normal_Weight,3.055
32252,Normal_Weight,2.595
32253,Normal_Weight,4.0
32254,Normal_Weight,0.4475
32255,Normal_Weight,0.0425
32256,Normal_Weight,1.455
32257,Normal_Weight,0.8175
32258,Normal_Weight,5.0
32259,Normal_Weight,5.7975
32260,Normal_Weight,5.8675
32261,Normal_Weight,2.3925
32262,Normal_Weight,0.7125
32263,Normal_Weight,0.28
32264,Normal_Weight,5.4225
32265,Normal_Weight,4.0
32266,Normal_Weight,3.2575
32267,Normal_Weight,4.75
32268,Normal_Weight,1.7625
32269,Normal_Weight,4.0075
32270,Normal_Weight,0.175
32271,Normal_Weight,0.71
32272,Normal_Weight,0.0325
32273,Normal_Weight,4.7625
32274,Normal_Weight,2.975
32275,Normal_Weight,0.61
32276,Normal_Weight,0.8825
32277,Normal_Weight,3.0
32278,Normal_Weight,5.8
32279,Normal_Weight,2.99
32280,Normal_Weight,0.7675
32281,Normal_Weight,5.0375
32282,Normal_Weight,1.03
32283,Normal_Weight,2.2275
32284,Normal_Weight,2.965
32285,Normal_Weight,2.645
32286,Normal_Weight,3.11
32287,Normal_Weight,1.5325
32288,Normal_Weight,2.9975
32289,Normal_Weight,4.0
32290,Normal_Weight,2.9375
32291,Normal_Weight,2.5025
32292,Normal_Weight,4.4575
32293,Normal_Weight,3.3775
32294,Normal_Weight,5.8075
32295,Normal_Weight,4.0
32296,Normal_Weight,5.0125
32297,Normal_Weight,4.0
32298,Normal_Weight,4.0
32299,Normal_Weight,5.115
32300,Normal_Weight,2.9475
32301,Normal_Weight,3.995
32302,Normal_Weight,4.0
32303,Normal_Weight,0.3075
32304,Normal_Weight,2.9775
32305,Normal_Weight,0.5325
32306,Normal_Weight,2.92
32307,Normal_Weight,0.915
32308,Normal_Weight,0.1025
32309,Normal_Weight,4.0
32310,Normal_Weight,4.775
32311,Normal_Weight,1.6125
32312,Normal_Weight,4.0
32313,Normal_Weight,2.795
32314,Normal_Weight,1.1575
32315,Normal_Weight,1.915
32316,Normal_Weight,1.18
32317,Normal_Weight,2.92
32318,Normal_Weight,2.765
32319,Normal_Weight,4.0
32320,Normal_Weight,3.345
32321,Normal_Weight,0.7075
32322,Normal_Weight,2.545
32323,Normal_Weight,5.0725
32324,Normal_Weight,2.995
32325,Normal_Weight,4.1625
32326,Normal_Weight,0.0175
32327,Normal_Weight,1.67
32328,Normal_Weight,3.8675
32329,Normal_Weight,2.47
32330,Normal_Weight,4.8
32331,Normal_Weight,5.85
32332,Normal_Weight,4.975
32333,Normal_Weight,4.0
32334,Normal_Weight,2.9975
32335,Normal_Weight,0.3375
32336,Normal_Weight,0.9925
32337,Normal_Weight,2.6975
32338,Normal_Weight,2.725
32339,Normal_Weight,3.7025
32340,Normal_Weight,5.865
32341,Normal_Weight,0.0675
32342,Normal_Weight,4.11
32343,Normal_Weight,4.0
32344,Normal_Weight,2.9225
32345,Normal_Weight,5.525
32346,Normal_Weight,4.0
32347,Normal_Weight,2.975
32348,Normal_Weight,1.2025
32349,Normal_Weight,3.995
32350,Normal_Weight,4.8975
32351,Normal_Weight,2.5
32352,Normal_Weight,2.915
32353,Normal_Weight,4.0
32354,Normal_Weight,3.0
32355,Normal_Weight,2.96
32356,Normal_Weight,2.9975
32357,Normal_Weight,2.9575
32358,Normal_Weight,1.0
32359,Normal_Weight,3.375
32360,Normal_Weight,0.0075
32361,Normal_Weight,0.21
32362,Normal_Weight,4.0
32363,Normal_Weight,0.9275
32364,Normal_Weight,4.205
32365,Normal_Weight,2.9175
32366,Normal_Weight,3.0825
32367,Normal_Weight,2.88
32368,Normal_Weight,3.47
32369,Normal_Weight,3.0
32370,Normal_Weight,2.815
32371,Normal_Weight,4.0475
32372,Normal_Weight,4.0
32373,Normal_Weight,3.9425
32374,Normal_Weight,3.5
32375,Normal_Weight,5.8675
32376,Normal_Weight,3.1475
32377,Normal_Weight,4.0
32378,Normal_Weight,4.0
32379,Normal_Weight,0.13
32380,Normal_Weight,4.96
32381,Normal_Weight,4.0
32382,Normal_Weight,3.0
32383,Normal_Weight,2.8075
32384,Normal_Weight,4.0
32385,Normal_Weight,0.41
32386,Normal_Weight,2.4825
32387,Normal_Weight,0.98
32388,Normal_Weight,4.0
32389,Normal_Weight,1.4875
32390,Normal_Weight,4.0
32391,Normal_Weight,4.0
32392,Normal_Weight,4.0
32393,Normal_Weight,2.9575
32394,Normal_Weight,3.0
32395,Normal_Weight,3.3675
32396,Normal_Weight,5.0125
32397,Normal_Weight,4.3975
32398,Normal_Weight,4.0
32399,Normal_Weight,5.865
32400,Normal_Weight,3.0075
32401,Normal_Weight,3.7275
32402,Normal_Weight,0.01
32403,Normal_Weight,2.955
32404,Normal_Weight,4.0
32405,Normal_Weight,2.67
32406,Normal_Weight,3.9025
32407,Normal_Weight,4.0
32408,Normal_Weight,2.015
32409,Normal_Weight,4.0
32410,Normal_Weight,2.5275
32411,Normal_Weight,4.0
32412,Normal_Weight,0.005
32413,Normal_Weight,5.0875
32414,Normal_Weight,0.9975
32415,Normal_Weight,3.5075
32416,Normal_Weight,2.91
32417,Normal_Weight,4.0
32418,Normal_Weight,0.8575
32419,Normal_Weight,4.0
32420,Normal_Weight,0.96
32421,Normal_Weight,5.0275
32422,Normal_Weight,4.0
32423,Normal_Weight,0.6575
32424,Normal_Weight,4.0
32425,Normal_Weight,3.3775
32426,Normal_Weight,0.5975
32427,Normal_Weight,5.5175
32428,Normal_Weight,5.645
32429,Normal_Weight,4.0
32430,Normal_Weight,0.3375
32431,Normal_Weight,5.08
32432,Normal_Weight,4.0
32433,Normal_Weight,2.98
32434,Normal_Weight,3.0675
32435,Normal_Weight,3.0
32436,Normal_Weight,4.66
32437,Normal_Weight,3.33
32438,Normal_Weight,0.955
32439,Normal_Weight,0.1225
32440,Normal_Weight,5.295
32441,Normal_Weight,3.425
32442,Normal_Weight,3.625
32443,Normal_Weight,0.595
32444,Normal_Weight,2.9525
32445,Normal_Weight,1.06
32446,Normal_Weight,2.9375
32447,Normal_Weight,3.645
32448,Normal_Weight,0.2375
32449,Normal_Weight,5.78
32450,Normal_Weight,4.985
32451,Normal_Weight,4.0
32452,Normal_Weight,2.0225
32453,Normal_Weight,4.0
32454,Normal_Weight,1.485
32455,Normal_Weight,1.705
32456,Normal_Weight,2.6275
32457,Normal_Weight,4.49
32458,Normal_Weight,4.0
32459,Normal_Weight,5.02
32460,Normal_Weight,4.0
32461,Normal_Weight,3.405
32462,Normal_Weight,2.245
32463,Normal_Weight,2.94
32464,Normal_Weight,4.0
32465,Normal_Weight,4.0
32466,Normal_Weight,3.135
32467,Normal_Weight,2.9775
32468,Normal_Weight,2.79
32469,Normal_Weight,5.1725
32470,Normal_Weight,4.0
32471,Normal_Weight,0.11
32472,Normal_Weight,2.1
32473,Normal_Weight,4.0
32474,Normal_Weight,4.6475
32475,Normal_Weight,4.0
32476,Normal_Weight,0.3675
32477,Normal_Weight,4.0
32478,Normal_Weight,2.9625
32479,Normal_Weight,2.015
32480,Normal_Weight,4.0
32481,Normal_Weight,4.92
32482,Normal_Weight,3.5375
32483,Normal_Weight,0.0
32484,Normal_Weight,0.05
32485,Normal_Weight,4.825
32486,Normal_Weight,0.59
32487,Normal_Weight,2.9975
32488,Normal_Weight,2.715
32489,Normal_Weight,0.8975
32490,Normal_Weight,4.205
32491,Normal_Weight,5.8275
32492,Normal_Weight,0.885
32493,Normal_Weight,3.835
32494,Normal_Weight,1.4825
32495,Normal_Weight,4.0
32496,Normal_Weight,4.0
32497,Normal_Weight,4.0
32498,Normal_Weight,3.485
32499,Normal_Weight,2.9775
32500,Normal_Weight,4.885
32501,Normal_Weight,3.3575
32502,Normal_Weight,2.99
32503,Normal_Weight,4.2525
32504,Normal_Weight,5.4225
32505,Normal_Weight,2.66
32506,Normal_Weight,4.0
32507,Normal_Weight,4.09
32508,Normal_Weight,0.085
32509,Normal_Weight,2.4475
32510,Normal_Weight,2.39
32511,Normal_Weight,1.9225
32512,Normal_Weight,2.84
32513,Normal_Weight,4.0
32514,Normal_Weight,4.3
32515,Normal_Weight,0.0025
32516,Normal_Weight,4.0
32517,Normal_Weight,4.285
32518,Normal_Weight,0.0
32519,Normal_Weight,3.77
32520,Normal_Weight,0.9775
32521,Normal_Weight,2.4725
32522,Normal_Weight,5.18
32523,Normal_Weight,2.9975
32524,Normal_Weight,2.2925
32525,Normal_Weight,0.9775
32526,Normal_Weight,3.5375
32527,Normal_Weight,2.945
32528,Normal_Weight,0.9475
32529,Normal_Weight,0.0075
32530,Normal_Weight,4.0
32531,Normal_Weight,4.14
32532,Normal_Weight,0.48
32533,Normal_Weight,0.055
32534,Normal_Weight,2.305
32535,Normal_Weight,4.935
32536,Normal_Weight,2.4425
32537,Normal_Weight,0.015
32538,Normal_Weight,4.5625
32539,Normal_Weight,1.2375
32540,Normal_Weight,1.0025
32541,Normal_Weight,2.9975
32542,Normal_Weight,4.0
32543,Normal_Weight,0.0875
32544,Normal_Weight,4.0
32545,Normal_Weight,0.03
32546,Normal_Weight,5.5775
32547,Normal_Weight,2.985
32548,Normal_Weight,2.99
32549,Normal_Weight,5.7725
32550,Normal_Weight,2.945
32551,Normal_Weight,4.9225
32552,Normal_Weight,3.5425
32553,Normal_Weight,4.8075
32554,Normal_Weight,2.775
32555,Normal_Weight,4.6375
32556,Normal_Weight,4.655
32557,Normal_Weight,4.0
32558,Normal_Weight,5.3925
32559,Normal_Weight,4.0
32560,Normal_Weight,4.405
32561,Normal_Weight,4.0
32562,Normal_Weight,2.6325
32563,Normal_Weight,4.7575
32564,Normal_Weight,0.7925
32565,Normal_Weight,3.0
32566,Normal_Weight,4.5475
32567,Normal_Weight,3.66
32568,Normal_Weight,0.0025
32569,Normal_Weight,5.79
32570,Normal_Weight,3.36
32571,Normal_Weight,1.195
32572,Normal_Weight,2.5625
32573,Normal_Weight,3.89
32574,Normal_Weight,3.91
32575,Normal_Weight,1.185
32576,Normal_Weight,0.0575
32577,Normal_Weight,0.38
32578,Normal_Weight,4.9425
32579,Normal_Weight,0.8425
32580,Normal_Weight,0.11
32581,Normal_Weight,0.5125
32582,Normal_Weight,4.0
32583,Normal_Weight,1.455
32584,Normal_Weight,3.275
32585,Normal_Weight,2.94
32586,Normal_Weight,1.8575
32587,Normal_Weight,3.0
32588,Normal_Weight,1.62
32589,Normal_Weight,0.0575
32590,Normal_Weight,3.675
32591,Normal_Weight,4.0
32592,Normal_Weight,0.1825
32593,Normal_Weight,1.9825
32594,Normal_Weight,4.0
32595,Normal_Weight,1.33
32596,Normal_Weight,2.935
32597,Normal_Weight,4.0
32598,Normal_Weight,0.165
32599,Normal_Weight,3.99
32600,Normal_Weight,1.0375
32601,Normal_Weight,2.825
32602,Normal_Weight,1.3975
32603,Normal_Weight,5.8425
32604,Normal_Weight,1.025
32605,Normal_Weight,4.0
32606,Normal_Weight,4.0
32607,Normal_Weight,0.41
32608,Normal_Weight,4.4225
32609,Normal_Weight,4.0
32610,Normal_Weight,3.45
32611,Normal_Weight,4.51
32612,Normal_Weight,0.15
32613,Normal_Weight,3.6225
32614,Normal_Weight,1.3825
32615,Normal_Weight,0.0025
32616,Normal_Weight,0.7475
32617,Normal_Weight,0.0025
32618,Normal_Weight,4.9025
32619,Normal_Weight,4.005
32620,Normal_Weight,0.675
32621,Normal_Weight,4.0
32622,Normal_Weight,1.9825
32623,Normal_Weight,5.3275
32624,Normal_Weight,4.015
32625,Normal_Weight,4.0
32626,Normal_Weight,4.0
32627,Normal_Weight,2.9775
32628,Normal_Weight,3.67
32629,Normal_Weight,4.37
32630,Normal_Weight,5.45
32631,Normal_Weight,0.9975
32632,Normal_Weight,5.005
32633,Normal_Weight,4.0
32634,Normal_Weight,0.695
32635,Normal_Weight,4.0
32636,Normal_Weight,3.56
32637,Normal_Weight,4.245
32638,Normal_Weight,4.0
32639,Normal_Weight,4.815
32640,Normal_Weight,4.4675
32641,Normal_Weight,1.0
32642,Normal_Weight,2.945
32643,Normal_Weight,2.85
32644,Normal_Weight,4.0
32645,Normal_Weight,0.9925
32646,Normal_Weight,4.8975
32647,Normal_Weight,4.0375
32648,Normal_Weight,2.7375
32649,Normal_Weight,4.0
32650,Normal_Weight,3.2075
32651,Normal_Weight,4.0
32652,Normal_Weight,5.78
32653,Normal_Weight,3.405
32654,Normal_Weight,1.185
32655,Normal_Weight,2.3375
32656,Normal_Weight,4.0
32657,Normal_Weight,4.975
32658,Normal_Weight,3.9075
32659,Normal_Weight,2.545
32660,Normal_Weight,1.5
32661,Normal_Weight,5.4
32662,Normal_Weight,1.09
32663,Normal_Weight,2.55
32664,Normal_Weight,2.97
32665,Normal_Weight,5.3675
32666,Normal_Weight,1.2125
32667,Normal_Weight,1.2225
32668,Normal_Weight,0.025
32669,Normal_Weight,0.0775
32670,Normal_Weight,0.3075
32671,Normal_Weight,3.4575
32672,Normal_Weight,2.93
32673,Normal_Weight,4.985
32674,Normal_Weight,0.015
32675,Normal_Weight,0.0
32676,Normal_Weight,0.0425
32677,Normal_Weight,0.6725
32678,Normal_Weight,2.945
32679,Normal_Weight,0.9475
32680,Normal_Weight,1.32
32681,Normal_Weight,0.3
32682,Normal_Weight,2.5575
32683,Normal_Weight,0.135
32684,Normal_Weight,4.6025
32685,Normal_Weight,0.2925
32686,Normal_Weight,4.6625
32687,Normal_Weight,4.0
32688,Normal_Weight,2.9575
32689,Normal_Weight,3.7125
32690,Normal_Weight,2.97
32691,Normal_Weight,2.1175
32692,Normal_Weight,4.0
32693,Normal_Weight,4.0
32694,Normal_Weight,5.595
32695,Normal_Weight,5.3825
32696,Normal_Weight,4.0
32697,Normal_Weight,2.8325
32698,Normal_Weight,5.91
32699,Normal_Weight,2.9525
32700,Normal_Weight,0.02
32701,Normal_Weight,4.0
32702,Normal_Weight,1.8525
32703,Normal_Weight,5.355
32704,Normal_Weight,2.975
32705,Normal_Weight,2.8225
32706,Normal_Weight,5.665
32707,Normal_Weight,4.005
32708,Normal_Weight,4.0
32709,Normal_Weight,4.9475
32710,Normal_Weight,0.7125
32711,Normal_Weight,3.0
32712,Normal_Weight,4.0
32713,Normal_Weight,2.9175
32714,Normal_Weight,4.5175
32715,Normal_Weight,4.4425
32716,Normal_Weight,3.86
32717,Normal_Weight,0.775
32718,Normal_Weight,3.015
32719,Normal_Weight,0.9975
32720,Normal_Weight,5.51
32721,Normal_Weight,0.2175
32722,Normal_Weight,1.5425
32723,Normal_Weight,3.5325
32724,Normal_Weight,4.0
32725,Normal_Weight,2.7825
32726,Normal_Weight,0.01
32727,Normal_Weight,0.4625
32728,Normal_Weight,3.3775
32729,Normal_Weight,3.0
32730,Normal_Weight,0.405
32731,Normal_Weight,1.4225
32732,Normal_Weight,0.5375
32733,Normal_Weight,0.855
32734,Normal_Weight,3.0725
32735,Normal_Weight,4.0
32736,Normal_Weight,3.0
32737,Normal_Weight,4.0
32738,Normal_Weight,3.98
32739,Normal_Weight,4.055
32740,Normal_Weight,3.15
32741,Normal_Weight,4.0
32742,Normal_Weight,5.765
32743,Normal_Weight,5.4125
32744,Normal_Weight,4.0
32745,Normal_Weight,4.8175
32746,Normal_Weight,4.0
32747,Normal_Weight,2.1925
32748,Normal_Weight,2.9875
32749,Normal_Weight,4.375
32750,Normal_Weight,0.9975
32751,Normal_Weight,2.995
32752,Normal_Weight,4.0
32753,Normal_Weight,1.76
32754,Normal_Weight,0.01
32755,Normal_Weight,0.9625
32756,Normal_Weight,0.0325
32757,Normal_Weight,5.4825
32758,Normal_Weight,3.595
32759,Normal_Weight,1.31
32760,Normal_Weight,5.3325
32761,Normal_Weight,4.85
32762,Normal_Weight,2.7775
32763,Normal_Weight,4.0
32764,Normal_Weight,4.0
32765,Normal_Weight,5.465
32766,Normal_Weight,4.0
32767,Normal_Weight,4.7175
32768,Normal_Weight,0.715
32769,Normal_Weight,2.13
32770,Normal_Weight,0.015
32771,Normal_Weight,2.4575
32772,Normal_Weight,1.0125
32773,Normal_Weight,2.9525
32774,Normal_Weight,3.0
32775,Normal_Weight,2.5725
32776,Normal_Weight,0.9575
32777,Normal_Weight,1.005
32778,Normal_Weight,4.9825
32779,Normal_Weight,0.9775
32780,Normal_Weight,2.1325
32781,Normal_Weight,4.2425
32782,Normal_Weight,0.7875
32783,Normal_Weight,4.0575
32784,Normal_Weight,1.405
32785,Normal_Weight,5.7325
32786,Normal_Weight,5.645
32787,Normal_Weight,5.2275
32788,Normal_Weight,4.0
32789,Normal_Weight,2.99
32790,Normal_Weight,4.0675
32791,Normal_Weight,4.9275
32792,Normal_Weight,4.0
32793,Normal_Weight,4.0
32794,Normal_Weight,2.7425
32795,Normal_Weight,0.21
32796,Normal_Weight,4.0
32797,Normal_Weight,4.9775
32798,Normal_Weight,4.0
32799,Normal_Weight,4.6175
32800,Normal_Weight,4.7525
32801,Normal_Weight,1.55
32802,Normal_Weight,1.4525
32803,Normal_Weight,2.5525
32804,Normal_Weight,4.0
32805,Normal_Weight,4.8525
32806,Normal_Weight,0.945
32807,Normal_Weight,2.95
32808,Normal_Weight,5.2675
32809,Normal_Weight,0.1925
32810,Normal_Weight,5.395
32811,Normal_Weight,4.0
32812,Normal_Weight,4.0
32813,Normal_Weight,4.0
32814,Normal_Weight,5.815
32815,Normal_Weight,4.985
32816,Normal_Weight,4.0125
32817,Normal_Weight,4.0
32818,Normal_Weight,4.4275
32819,Normal_Weight,4.9775
32820,Normal_Weight,2.7075
32821,Normal_Weight,4.0
32822,Normal_Weight,0.035
32823,Normal_Weight,5.3075
32824,Normal_Weight,5.49
32825,Normal_Weight,4.0
32826,Normal_Weight,0.52
32827,Normal_Weight,5.92
32828,Normal_Weight,0.0025
32829,Normal_Weight,4.0
32830,Normal_Weight,4.0
32831,Normal_Weight,4.7
32832,Normal_Weight,1.5025
32833,Normal_Weight,0.9975
32834,Normal_Weight,2.6625
32835,Normal_Weight,0.075
32836,Normal_Weight,2.04
32837,Normal_Weight,4.0
32838,Normal_Weight,4.0
32839,Normal_Weight,0.645
32840,Normal_Weight,5.835
32841,Normal_Weight,3.6575
32842,Normal_Weight,4.0
32843,Normal_Weight,5.6225
32844,Normal_Weight,4.185
32845,Normal_Weight,5.7275
32846,Normal_Weight,4.0
32847,Normal_Weight,2.93
32848,Normal_Weight,3.9
32849,Normal_Weight,3.0
32850,Normal_Weight,3.0
32851,Normal_Weight,4.835
32852,Normal_Weight,0.515
32853,Normal_Weight,3.0
32854,Normal_Weight,4.0
32855,Normal_Weight,4.0
32856,Normal_Weight,4.685
32857,Normal_Weight,5.78
32858,Normal_Weight,5.0175
32859,Normal_Weight,4.0
32860,Normal_Weight,2.9925
32861,Normal_Weight,2.13
32862,Normal_Weight,4.84
32863,Normal_Weight,0.985
32864,Normal_Weight,2.965
32865,Normal_Weight,4.0
32866,Normal_Weight,2.975
32867,Normal_Weight,2.5575
32868,Normal_Weight,2.965
32869,Normal_Weight,4.145
32870,Normal_Weight,2.5475
32871,Normal_Weight,5.03
32872,Normal_Weight,5.8975
32873,Normal_Weight,2.215
32874,Normal_Weight,0.345
32875,Normal_Weight,4.8975
32876,Normal_Weight,4.0
32877,Normal_Weight,2.975
32878,Normal_Weight,4.0
32879,Normal_Weight,0.31
32880,Normal_Weight,0.62
32881,Normal_Weight,4.0
32882,Normal_Weight,0.5025
32883,Normal_Weight,2.54
32884,Normal_Weight,2.35
32885,Normal_Weight,2.945
32886,Normal_Weight,5.48
32887,Normal_Weight,5.06
32888,Normal_Weight,5.85
32889,Normal_Weight,4.0
32890,Normal_Weight,4.0
32891,Normal_Weight,4.0075
32892,Normal_Weight,4.6175
32893,Normal_Weight,4.0
32894,Normal_Weight,1.5525
32895,Normal_Weight,1.185
32896,Normal_Weight,2.98
32897,Normal_Weight,4.0
32898,Normal_Weight,0.9875
32899,Normal_Weight,2.9975
32900,Normal_Weight,2.8625
32901,Normal_Weight,1.3825
32902,Normal_Weight,5.075
32903,Normal_Weight,3.0
32904,Normal_Weight,1.27
32905,Normal_Weight,3.7625
32906,Normal_Weight,5.6775
32907,Normal_Weight,4.0
32908,Normal_Weight,5.695
32909,Normal_Weight,4.985
32910,Normal_Weight,1.9
32911,Normal_Weight,3.805
32912,Normal_Weight,4.93
32913,Normal_Weight,4.0
32914,Normal_Weight,5.0825
32915,Normal_Weight,4.0
32916,Normal_Weight,5.0175
32917,Normal_Weight,2.8825
32918,Normal_Weight,4.805
32919,Normal_Weight,4.0
32920,Normal_Weight,1.305
32921,Normal_Weight,0.135
32922,Normal_Weight,4.0
32923,Normal_Weight,4.0
32924,Normal_Weight,4.0
32925,Normal_Weight,0.5575
32926,Normal_Weight,2.915
32927,Normal_Weight,5.8075
32928,Normal_Weight,5.395
32929,Normal_Weight,5.5775
32930,Normal_Weight,4.515
32931,Normal_Weight,4.785
32932,Normal_Weight,2.1
32933,Normal_Weight,5.2875
32934,Normal_Weight,4.0
32935,Normal_Weight,2.135
32936,Normal_Weight,4.9375
32937,Normal_Weight,3.3925
32938,Normal_Weight,4.4925
32939,Normal_Weight,3.095
32940,Normal_Weight,0.2225
32941,Normal_Weight,4.0
32942,Normal_Weight,4.0
32943,Normal_Weight,0.2625
32944,Normal_Weight,0.12
32945,Normal_Weight,0.0475
32946,Normal_Weight,1.215
32947,Normal_Weight,0.6575
32948,Normal_Weight,3.885
32949,Normal_Weight,2.9975
32950,Normal_Weight,4.0
32951,Normal_Weight,4.0
32952,Normal_Weight,5.5425
32953,Normal_Weight,2.9875
32954,Normal_Weight,1.6225
32955,Normal_Weight,4.0
32956,Normal_Weight,0.01
32957,Normal_Weight,4.0
32958,Normal_Weight,2.9975
32959,Normal_Weight,3.38
32960,Normal_Weight,2.9375
32961,Normal_Weight,4.905
32962,Normal_Weight,3.515
32963,Normal_Weight,4.575
32964,Normal_Weight,5.66
32965,Normal_Weight,2.52
32966,Normal_Weight,2.915
32967,Normal_Weight,3.085
32968,Normal_Weight,0.31
32969,Normal_Weight,2.9875
32970,Normal_Weight,4.0
32971,Normal_Weight,0.7425
32972,Normal_Weight,4.69
32973,Normal_Weight,0.0
32974,Normal_Weight,0.7
32975,Normal_Weight,0.035
32976,Normal_Weight,1.8475
32977,Normal_Weight,0.0775
32978,Normal_Weight,4.0
32979,Normal_Weight,5.0875
32980,Normal_Weight,0.2
32981,Normal_Weight,0.52
32982,Normal_Weight,2.9875
32983,Normal_Weight,0.0025
32984,Normal_Weight,4.0
32985,Normal_Weight,2.535
32986,Normal_Weight,2.955
32987,Normal_Weight,0.005
32988,Normal_Weight,4.0
32989,Normal_Weight,4.0
32990,Normal_Weight,2.8525
32991,Normal_Weight,4.06
32992,Normal_Weight,2.9875
32993,Normal_Weight,3.0
32994,Normal_Weight,4.0
32995,Normal_Weight,2.5
32996,Normal_Weight,0.1375
32997,Normal_Weight,4.75
32998,Normal_Weight,3.2975
32999,Normal_Weight,4.0
33000,Normal_Weight,4.2
33001,Normal_Weight,3.5625
33002,Normal_Weight,2.8325
33003,Normal_Weight,2.99
33004,Normal_Weight,1.2575
33005,Normal_Weight,1.0725
33006,Normal_Weight,2.0525
33007,Normal_Weight,3.0
33008,Normal_Weight,5.8725
33009,Normal_Weight,4.6825
33010,Normal_Weight,0.0075
33011,Normal_Weight,0.0025
33012,Normal_Weight,4.0
33013,Normal_Weight,2.9925
33014,Normal_Weight,4.0
33015,Normal_Weight,0.8
33016,Normal_Weight,2.54
33017,Normal_Weight,2.5575
33018,Normal_Weight,0.9125
33019,Normal_Weight,2.985
33020,Normal_Weight,4.71
33021,Normal_Weight,2.7525
33022,Normal_Weight,0.96
33023,Normal_Weight,4.0
33024,Normal_Weight,2.9425
33025,Normal_Weight,4.0
33026,Normal_Weight,0.0
33027,Normal_Weight,1.645
33028,Normal_Weight,2.97
33029,Normal_Weight,4.2375
33030,Normal_Weight,3.3875
33031,Normal_Weight,3.915
33032,Normal_Weight,0.115
33033,Normal_Weight,0.125
33034,Normal_Weight,4.0
33035,Normal_Weight,2.0525
33036,Normal_Weight,3.4775
33037,Normal_Weight,4.0
33038,Normal_Weight,4.0
33039,Normal_Weight,3.8175
33040,Normal_Weight,0.055
33041,Normal_Weight,2.9175
33042,Normal_Weight,2.96
33043,Normal_Weight,4.0
33044,Normal_Weight,4.0
33045,Normal_Weight,2.14
33046,Normal_Weight,4.0
33047,Normal_Weight,4.0
33048,Normal_Weight,4.0
33049,Normal_Weight,4.0
33050,Normal_Weight,3.375
33051,Normal_Weight,4.0
33052,Normal_Weight,4.0
33053,Normal_Weight,4.0
33054,Normal_Weight,2.0
33055,Normal_Weight,5.58
33056,Normal_Weight,0.0025
33057,Normal_Weight,4.0
33058,Normal_Weight,4.0
33059,Normal_Weight,2.9775
33060,Normal_Weight,2.545
33061,Normal_Weight,5.715
33062,Normal_Weight,2.0025
33063,Normal_Weight,1.3875
33064,Normal_Weight,5.05
33065,Normal_Weight,2.68
33066,Normal_Weight,0.01
33067,Normal_Weight,4.0
33068,Normal_Weight,0.0025
33069,Normal_Weight,0.99
33070,Normal_Weight,5.365
33071,Normal_Weight,0.09
33072,Normal_Weight,4.0
33073,Normal_Weight,0.5275
33074,Normal_Weight,2.315
33075,Normal_Weight,1.6
33076,Normal_Weight,0.0475
33077,Normal_Weight,0.2125
33078,Normal_Weight,2.975
33079,Normal_Weight,3.5725
33080,Normal_Weight,4.0
33081,Normal_Weight,2.0225
33082,Normal_Weight,5.3825
33083,Normal_Weight,1.605
33084,Normal_Weight,2.035
33085,Normal_Weight,5.8
33086,Normal_Weight,0.0325
33087,Normal_Weight,2.0
33088,Normal_Weight,3.2125
33089,Normal_Weight,2.4425
33090,Normal_Weight,3.0
33091,Normal_Weight,0.2975
33092,Normal_Weight,1.5475
33093,Normal_Weight,4.0
33094,Normal_Weight,0.0825
33095,Normal_Weight,0.2625
33096,Normal_Weight,2.81
33097,Normal_Weight,2.745
33098,Normal_Weight,4.0
33099,Normal_Weight,0.03
33100,Normal_Weight,5.3175
33101,Normal_Weight,0.695
33102,Normal_Weight,0.0025
33103,Normal_Weight,0.1075
33104,Normal_Weight,2.5725
33105,Normal_Weight,3.54
33106,Normal_Weight,0.455
33107,Normal_Weight,4.665
33108,Normal_Weight,2.895
33109,Normal_Weight,4.0
33110,Normal_Weight,3.0
33111,Normal_Weight,4.21
33112,Normal_Weight,4.0
33113,Normal_Weight,4.875
33114,Normal_Weight,0.0875
33115,Normal_Weight,2.5225
33116,Normal_Weight,2.66
33117,Normal_Weight,3.91
33118,Normal_Weight,4.025
33119,Normal_Weight,1.045
33120,Normal_Weight,0.0125
33121,Normal_Weight,2.1125
33122,Normal_Weight,3.0
33123,Normal_Weight,3.0
33124,Normal_Weight,4.9075
33125,Normal_Weight,2.285
33126,Normal_Weight,2.945
33127,Normal_Weight,0.0025
33128,Normal_Weight,3.5725
33129,Normal_Weight,4.0
33130,Normal_Weight,4.0
33131,Normal_Weight,4.095
33132,Normal_Weight,2.9925
33133,Normal_Weight,2.9475
33134,Normal_Weight,3.295
33135,Normal_Weight,4.0
33136,Normal_Weight,0.0075
33137,Normal_Weight,2.9725
33138,Normal_Weight,2.955
33139,Normal_Weight,3.4975
33140,Normal_Weight,1.0175
33141,Normal_Weight,4.435
33142,Normal_Weight,5.185
33143,Normal_Weight,5.0475
33144,Normal_Weight,3.0
33145,Normal_Weight,4.345
33146,Normal_Weight,2.0
33147,Normal_Weight,0.005
33148,Normal_Weight,4.0
33149,Normal_Weight,2.975
33150,Normal_Weight,2.9475
33151,Normal_Weight,0.595
33152,Normal_Weight,0.9975
33153,Normal_Weight,3.175
33154,Normal_Weight,4.0
33155,Normal_Weight,3.0
33156,Normal_Weight,3.94
33157,Normal_Weight,2.9225
33158,Normal_Weight,0.265
33159,Normal_Weight,4.0
33160,Normal_Weight,5.275
33161,Normal_Weight,3.5575
33162,Normal_Weight,5.0225
33163,Normal_Weight,3.4275
33164,Normal_Weight,3.0375
33165,Normal_Weight,3.0
33166,Normal_Weight,4.645
33167,Normal_Weight,1.7875
33168,Normal_Weight,3.3175
33169,Normal_Weight,5.3475
33170,Normal_Weight,0.565
33171,Normal_Weight,2.835
33172,Normal_Weight,4.445
33173,Normal_Weight,1.2025
33174,Normal_Weight,2.525
33175,Normal_Weight,4.96
33176,Normal_Weight,2.9325
33177,Normal_Weight,3.49
33178,Normal_Weight,5.7375
33179,Normal_Weight,4.0
33180,Normal_Weight,4.0
33181,Normal_Weight,5.845
33182,Normal_Weight,0.025
33183,Normal_Weight,1.5525
33184,Normal_Weight,4.0
33185,Normal_Weight,4.9175
33186,Normal_Weight,4.0
33187,Normal_Weight,5.3225
33188,Normal_Weight,4.715
33189,Normal_Weight,3.2475
33190,Normal_Weight,0.9625
33191,Normal_Weight,4.125
33192,Normal_Weight,2.5225
33193,Normal_Weight,1.2375
33194,Normal_Weight,2.795
33195,Normal_Weight,3.54
33196,Normal_Weight,4.0
33197,Normal_Weight,0.2175
33198,Normal_Weight,2.79
33199,Normal_Weight,3.965
33200,Normal_Weight,4.0
33201,Normal_Weight,3.3575
33202,Normal_Weight,2.37
33203,Normal_Weight,4.0
33204,Normal_Weight,5.1025
33205,Normal_Weight,2.995
33206,Normal_Weight,2.835
33207,Normal_Weight,2.11
33208,Normal_Weight,2.9375
33209,Normal_Weight,4.09
33210,Normal_Weight,5.8075
33211,Normal_Weight,4.0
33212,Normal_Weight,1.8725
33213,Normal_Weight,0.0725
33214,Normal_Weight,5.615
33215,Normal_Weight,0.47
33216,Normal_Weight,4.0
33217,Normal_Weight,1.625
33218,Normal_Weight,1.785
33219,Normal_Weight,2.505
33220,Normal_Weight,2.94
33221,Normal_Weight,0.3625
33222,Normal_Weight,2.9375
33223,Normal_Weight,2.1575
33224,Normal_Weight,4.0
33225,Normal_Weight,4.0325
33226,Normal_Weight,4.0
33227,Normal_Weight,0.0
33228,Normal_Weight,3.155
33229,Normal_Weight,2.53
33230,Normal_Weight,0.81
33231,Normal_Weight,0.0075
33232,Normal_Weight,0.0
33233,Normal_Weight,0.28
33234,Normal_Weight,2.99
33235,Normal_Weight,5.885
33236,Normal_Weight,4.4875
33237,Normal_Weight,2.9925
33238,Normal_Weight,5.855
33239,Normal_Weight,5.2625
33240,Normal_Weight,3.57
33241,Normal_Weight,4.0
33242,Normal_Weight,3.355
33243,Normal_Weight,3.995
33244,Normal_Weight,2.0
33245,Normal_Weight,5.7425
33246,Normal_Weight,4.7375
33247,Normal_Weight,0.1725
33248,Normal_Weight,5.685
33249,Normal_Weight,3.7775
33250,Normal_Weight,2.9225
33251,Normal_Weight,2.25
33252,Normal_Weight,4.555
33253,Normal_Weight,0.4825
33254,Normal_Weight,3.1875
33255,Normal_Weight,2.5325
33256,Normal_Weight,4.0
33257,Normal_Weight,2.51
33258,Normal_Weight,2.9975
33259,Normal_Weight,5.6525
33260,Normal_Weight,2.9
33261,Normal_Weight,4.0
33262,Normal_Weight,3.965
33263,Normal_Weight,0.0175
33264,Normal_Weight,4.0
33265,Normal_Weight,4.5475
33266,Normal_Weight,2.2725
33267,Normal_Weight,1.005
33268,Normal_Weight,2.995
33269,Normal_Weight,2.16
33270,Normal_Weight,2.925
33271,Normal_Weight,4.29
33272,Normal_Weight,0.01
33273,Normal_Weight,5.2275
33274,Normal_Weight,5.505
33275,Normal_Weight,0.9
33276,Normal_Weight,4.0
33277,Normal_Weight,2.7725
33278,Normal_Weight,2.9925
33279,Normal_Weight,0.87
33280,Normal_Weight,2.9975
33281,Normal_Weight,2.8575
33282,Normal_Weight,4.0
33283,Normal_Weight,4.0
33284,Normal_Weight,2.7225
33285,Normal_Weight,2.615
33286,Normal_Weight,2.015
33287,Normal_Weight,5.815
33288,Normal_Weight,4.0
33289,Normal_Weight,4.0
33290,Normal_Weight,5.225
33291,Normal_Weight,4.0
33292,Normal_Weight,0.0675
33293,Normal_Weight,5.8925
33294,Normal_Weight,4.845
33295,Normal_Weight,4.0
33296,Normal_Weight,1.03
33297,Normal_Weight,0.01
33298,Normal_Weight,5.6875
33299,Normal_Weight,2.9925
33300,Normal_Weight,4.0
33301,Normal_Weight,1.6425
33302,Normal_Weight,4.0
33303,Normal_Weight,3.0
33304,Normal_Weight,5.1875
33305,Normal_Weight,4.0
33306,Normal_Weight,4.0
33307,Normal_Weight,2.9975
33308,Normal_Weight,4.0
33309,Normal_Weight,2.36
33310,Normal_Weight,5.84
33311,Normal_Weight,2.9375
33312,Normal_Weight,2.99
33313,Normal_Weight,4.0
33314,Normal_Weight,5.3025
33315,Normal_Weight,3.99
33316,Normal_Weight,4.8875
33317,Normal_Weight,4.0
33318,Normal_Weight,5.8475
33319,Normal_Weight,2.275
33320,Normal_Weight,5.845
33321,Normal_Weight,2.9425
33322,Normal_Weight,0.445
33323,Normal_Weight,2.5775
33324,Normal_Weight,0.8275
33325,Normal_Weight,2.0
33326,Normal_Weight,4.2225
33327,Normal_Weight,1.105
33328,Normal_Weight,4.6
33329,Normal_Weight,0.1375
33330,Normal_Weight,4.84
33331,Normal_Weight,2.995
33332,Normal_Weight,0.99
33333,Normal_Weight,4.0
33334,Normal_Weight,4.3625
33335,Normal_Weight,3.11
33336,Normal_Weight,0.0175
33337,Normal_Weight,4.8975
33338,Normal_Weight,3.0
33339,Normal_Weight,0.0225
33340,Normal_Weight,4.0
33341,Normal_Weight,4.0
33342,Normal_Weight,2.985
33343,Normal_Weight,4.03
33344,Normal_Weight,3.7725
33345,Normal_Weight,0.0475
33346,Normal_Weight,5.77
33347,Normal_Weight,0.0025
33348,Normal_Weight,4.675
33349,Normal_Weight,4.0
33350,Normal_Weight,4.0
33351,Normal_Weight,3.0
33352,Normal_Weight,2.56
33353,Normal_Weight,5.9075
33354,Normal_Weight,3.0
33355,Normal_Weight,0.06
33356,Normal_Weight,4.0
33357,Normal_Weight,4.0
33358,Normal_Weight,2.3725
33359,Normal_Weight,4.5125
33360,Normal_Weight,5.0
33361,Normal_Weight,2.135
33362,Normal_Weight,1.0075
33363,Normal_Weight,2.5425
33364,Normal_Weight,4.0
33365,Normal_Weight,4.915
33366,Normal_Weight,3.84
33367,Normal_Weight,4.885
33368,Normal_Weight,4.7325
33369,Normal_Weight,4.0
33370,Normal_Weight,4.435
33371,Normal_Weight,1.2075
33372,Normal_Weight,4.0
33373,Normal_Weight,4.13
33374,Normal_Weight,3.0125
33375,Normal_Weight,4.0
33376,Normal_Weight,2.61
33377,Normal_Weight,0.5275
33378,Normal_Weight,4.77
33379,Normal_Weight,4.0
33380,Normal_Weight,2.99
33381,Normal_Weight,4.0
33382,Normal_Weight,5.625
33383,Normal_Weight,4.7325
33384,Normal_Weight,4.0
33385,Normal_Weight,2.9225
33386,Normal_Weight,3.0
33387,Normal_Weight,2.56
33388,Normal_Weight,2.03
33389,Normal_Weight,2.56
33390,Normal_Weight,1.8375
33391,Normal_Weight,2.565
33392,Normal_Weight,3.1725
33393,Normal_Weight,4.7
33394,Normal_Weight,4.0
33395,Normal_Weight,0.0025
33396,Normal_Weight,2.6175
33397,Normal_Weight,5.67
33398,Normal_Weight,3.14
33399,Normal_Weight,5.585
33400,Normal_Weight,3.565
33401,Normal_Weight,2.9275
33402,Normal_Weight,3.195
33403,Normal_Weight,2.175
33404,Normal_Weight,2.9975
33405,Normal_Weight,3.2
33406,Normal_Weight,1.56
33407,Normal_Weight,5.025
33408,Normal_Weight,0.7
33409,Normal_Weight,0.995
33410,Normal_Weight,2.63
33411,Normal_Weight,4.95
33412,Normal_Weight,4.0
33413,Normal_Weight,5.3975
33414,Normal_Weight,0.1675
33415,Normal_Weight,1.0175
33416,Normal_Weight,0.985
33417,Normal_Weight,1.3425
33418,Normal_Weight,0.0875
33419,Normal_Weight,3.38
33420,Normal_Weight,5.515
33421,Normal_Weight,5.0875
33422,Normal_Weight,4.0
33423,Normal_Weight,4.0
33424,Normal_Weight,4.0
33425,Normal_Weight,2.97
33426,Normal_Weight,4.0
33427,Normal_Weight,4.98
33428,Normal_Weight,4.47
33429,Normal_Weight,4.515
33430,Normal_Weight,4.0
33431,Normal_Weight,3.0
33432,Normal_Weight,0.5225
33433,Normal_Weight,5.775
33434,Normal_Weight,0.695
33435,Normal_Weight,4.0
33436,Normal_Weight,1.4825
33437,Normal_Weight,0.62
33438,Normal_Weight,3.0975
33439,Normal_Weight,1.6625
33440,Normal_Weight,5.8325
33441,Normal_Weight,2.19
33442,Normal_Weight,3.8325
33443,Normal_Weight,0.1125
33444,Normal_Weight,5.4925
33445,Normal_Weight,4.6125
33446,Normal_Weight,3.415
33447,Normal_Weight,5.43
33448,Normal_Weight,5.0075
33449,Normal_Weight,4.0
33450,Normal_Weight,4.43
33451,Normal_Weight,0.665
33452,Normal_Weight,1.49
33453,Normal_Weight,4.0
33454,Normal_Weight,5.1725
33455,Normal_Weight,0.51
33456,Normal_Weight,3.785
33457,Normal_Weight,4.0
33458,Normal_Weight,0.42
33459,Normal_Weight,5.775
33460,Normal_Weight,4.0
33461,Normal_Weight,5.0075
33462,Normal_Weight,3.5625
33463,Normal_Weight,4.0
33464,Normal_Weight,3.0
33465,Normal_Weight,4.0
33466,Normal_Weight,4.425
33467,Normal_Weight,0.35
33468,Normal_Weight,2.9175
33469,Normal_Weight,4.03
33470,Normal_Weight,5.735
33471,Normal_Weight,0.36
33472,Normal_Weight,4.0925
33473,Normal_Weight,2.77
33474,Normal_Weight,4.46
33475,Normal_Weight,2.285
33476,Normal_Weight,0.7725
33477,Normal_Weight,3.405
33478,Normal_Weight,4.0
33479,Normal_Weight,4.0
33480,Normal_Weight,3.4175
33481,Normal_Weight,0.6525
33482,Normal_Weight,2.9575
33483,Normal_Weight,4.0
33484,Normal_Weight,4.0
33485,Normal_Weight,4.0
33486,Normal_Weight,1.85
33487,Normal_Weight,5.67
33488,Normal_Weight,2.02
33489,Normal_Weight,5.4525
33490,Normal_Weight,2.9975
33491,Normal_Weight,2.9975
33492,Normal_Weight,2.0
33493,Normal_Weight,4.78
33494,Normal_Weight,4.0
33495,Normal_Weight,5.7225
33496,Normal_Weight,2.985
33497,Normal_Weight,4.34
33498,Normal_Weight,0.0075
33499,Normal_Weight,4.8475
33500,Normal_Weight,3.2575
33501,Normal_Weight,4.0
33502,Normal_Weight,2.87
33503,Normal_Weight,0.0575
33504,Normal_Weight,1.0125
33505,Normal_Weight,3.8675
33506,Normal_Weight,2.9975
33507,Normal_Weight,4.0
33508,Normal_Weight,1.185
33509,Normal_Weight,0.6275
33510,Normal_Weight,3.7175
33511,Normal_Weight,0.505
33512,Normal_Weight,4.0
33513,Normal_Weight,0.1525
33514,Normal_Weight,1.195
33515,Normal_Weight,4.0
33516,Normal_Weight,3.5
33517,Normal_Weight,2.785
33518,Normal_Weight,2.94
33519,Normal_Weight,5.265
33520,Normal_Weight,4.0
33521,Normal_Weight,0.1975
33522,Normal_Weight,4.1825
33523,Normal_Weight,4.6775
33524,Normal_Weight,4.1275
33525,Normal_Weight,5.625
33526,Normal_Weight,2.955
33527,Normal_Weight,4.0
33528,Normal_Weight,2.515
33529,Normal_Weight,2.605
33530,Normal_Weight,0.0
33531,Normal_Weight,3.93
33532,Normal_Weight,4.94
33533,Normal_Weight,0.225
33534,Normal_Weight,4.0
33535,Normal_Weight,5.5
33536,Normal_Weight,0.0075
33537,Normal_Weight,3.0
33538,Normal_Weight,4.87
33539,Normal_Weight,4.205
33540,Normal_Weight,5.8275
33541,Normal_Weight,0.3925
33542,Normal_Weight,3.405
33543,Normal_Weight,4.785
33544,Normal_Weight,0.055
33545,Normal_Weight,4.0
33546,Normal_Weight,5.125
33547,Normal_Weight,0.7025
33548,Normal_Weight,4.0
33549,Normal_Weight,1.0
33550,Normal_Weight,4.0
33551,Normal_Weight,0.7425
33552,Normal_Weight,2.32
33553,Normal_Weight,4.0
33554,Normal_Weight,2.005
33555,Normal_Weight,2.4375
33556,Normal_Weight,2.81
33557,Normal_Weight,4.0
33558,Normal_Weight,5.6625
33559,Normal_Weight,0.5575
33560,Normal_Weight,3.615
33561,Normal_Weight,4.0
33562,Normal_Weight,1.0075
33563,Normal_Weight,4.8725
33564,Normal_Weight,2.9675
33565,Normal_Weight,3.17
33566,Normal_Weight,4.8375
33567,Normal_Weight,0.6575
33568,Normal_Weight,0.3125
33569,Normal_Weight,3.0
33570,Normal_Weight,2.995
33571,Normal_Weight,4.0
33572,Normal_Weight,1.74
33573,Normal_Weight,1.0375
33574,Normal_Weight,0.08
33575,Normal_Weight,5.735
33576,Normal_Weight,4.305
33577,Normal_Weight,2.9925
33578,Normal_Weight,4.0
33579,Normal_Weight,4.0
33580,Normal_Weight,4.9225
33581,Normal_Weight,3.7325
33582,Normal_Weight,2.59
33583,Normal_Weight,1.6775
33584,Normal_Weight,0.72
33585,Normal_Weight,3.495
33586,Normal_Weight,2.9925
33587,Normal_Weight,4.0
33588,Normal_Weight,4.0
33589,Normal_Weight,2.14
33590,Normal_Weight,2.64
33591,Normal_Weight,0.1175
33592,Normal_Weight,2.9125
33593,Normal_Weight,2.96
33594,Normal_Weight,2.77
33595,Normal_Weight,0.0475
33596,Normal_Weight,2.0825
33597,Normal_Weight,4.0
33598,Normal_Weight,1.2075
33599,Normal_Weight,0.0025
33600,Normal_Weight,4.0
33601,Normal_Weight,3.0
33602,Normal_Weight,3.895
33603,Normal_Weight,4.845
33604,Normal_Weight,2.51
33605,Normal_Weight,2.3025
33606,Normal_Weight,3.0
33607,Normal_Weight,4.0
33608,Normal_Weight,4.0
33609,Normal_Weight,2.955
33610,Normal_Weight,4.0
33611,Normal_Weight,2.6475
33612,Normal_Weight,2.9975
33613,Normal_Weight,2.5525
33614,Normal_Weight,2.8775
33615,Normal_Weight,2.6225
33616,Normal_Weight,4.74
33617,Normal_Weight,2.875
33618,Normal_Weight,4.515
33619,Normal_Weight,2.475
33620,Normal_Weight,0.43
33621,Normal_Weight,3.395
33622,Normal_Weight,4.9725
33623,Normal_Weight,0.3475
33624,Normal_Weight,5.3925
33625,Normal_Weight,4.0
33626,Normal_Weight,1.2025
33627,Normal_Weight,4.0
33628,Normal_Weight,4.0
33629,Normal_Weight,1.85
33630,Normal_Weight,2.9525
33631,Normal_Weight,4.9775
33632,Normal_Weight,4.4275
33633,Normal_Weight,2.9875
33634,Normal_Weight,4.4675
33635,Normal_Weight,3.0
33636,Normal_Weight,4.1225
33637,Normal_Weight,5.4925
33638,Normal_Weight,2.9975
33639,Normal_Weight,4.0
33640,Normal_Weight,4.0925
33641,Normal_Weight,3.3975
33642,Normal_Weight,2.9175
33643,Normal_Weight,0.395
33644,Normal_Weight,2.92
33645,Normal_Weight,0.3975
33646,Normal_Weight,4.0
33647,Normal_Weight,4.0
33648,Normal_Weight,0.9025
33649,Normal_Weight,4.0
33650,Normal_Weight,3.16
33651,Normal_Weight,2.0825
33652,Normal_Weight,4.0
33653,Normal_Weight,4.0
33654,Normal_Weight,4.0
33655,Normal_Weight,1.0175
33656,Normal_Weight,2.0525
33657,Normal_Weight,1.97
33658,Normal_Weight,0.4875
33659,Normal_Weight,2.535
33660,Normal_Weight,0.02
33661,Normal_Weight,3.8725
33662,Normal_Weight,4.0
33663,Normal_Weight,3.48
33664,Normal_Weight,3.45
33665,Normal_Weight,3.0
33666,Normal_Weight,3.93
33667,Normal_Weight,3.0075
33668,Normal_Weight,0.01
33669,Normal_Weight,3.835
33670,Normal_Weight,3.6625
33671,Normal_Weight,1.1825
33672,Normal_Weight,4.75
33673,Normal_Weight,4.0
33674,Normal_Weight,2.0
33675,Normal_Weight,0.5225
33676,Normal_Weight,0.0525
33677,Normal_Weight,0.915
33678,Normal_Weight,0.6375
33679,Normal_Weight,4.0
33680,Normal_Weight,0.08
33681,Normal_Weight,0.18
33682,Normal_Weight,1.0025
33683,Normal_Weight,2.51
33684,Normal_Weight,0.1475
33685,Normal_Weight,2.9325
33686,Normal_Weight,3.0
33687,Normal_Weight,4.0
33688,Normal_Weight,4.0
33689,Normal_Weight,5.5675
33690,Normal_Weight,2.92
33691,Normal_Weight,2.5675
33692,Normal_Weight,2.12
33693,Normal_Weight,0.5125
33694,Normal_Weight,0.0875
33695,Normal_Weight,0.03
33696,Normal_Weight,1.0775
33697,Normal_Weight,1.4725
33698,Normal_Weight,2.0
33699,Normal_Weight,0.0075
33700,Normal_Weight,4.0
33701,Normal_Weight,5.005
33702,Normal_Weight,2.0825
33703,Normal_Weight,0.02
33704,Normal_Weight,4.0
33705,Normal_Weight,4.095
33706,Normal_Weight,3.5725
33707,Normal_Weight,2.9975
33708,Normal_Weight,2.8175
33709,Normal_Weight,0.6275
33710,Normal_Weight,2.5525
33711,Normal_Weight,0.0
33712,Normal_Weight,4.0
33713,Normal_Weight,2.31
33714,Normal_Weight,4.0
33715,Normal_Weight,5.4525
33716,Normal_Weight,4.0
33717,Normal_Weight,5.375
33718,Normal_Weight,1.3925
33719,Normal_Weight,5.19
33720,Normal_Weight,1.0
33721,Normal_Weight,5.29
33722,Normal_Weight,2.9725
33723,Normal_Weight,5.695
33724,Normal_Weight,0.99
33725,Normal_Weight,2.07
33726,Normal_Weight,4.0
33727,Normal_Weight,5.8175
33728,Normal_Weight,2.9675
33729,Normal_Weight,4.0
33730,Normal_Weight,5.4675
33731,Normal_Weight,4.585
33732,Normal_Weight,4.6875
33733,Normal_Weight,0.8
33734,Normal_Weight,0.1075
33735,Normal_Weight,2.9025
33736,Normal_Weight,4.0
33737,Normal_Weight,4.535
33738,Normal_Weight,4.0
33739,Normal_Weight,5.7
33740,Normal_Weight,4.0
33741,Normal_Weight,2.9175
33742,Normal_Weight,2.735
33743,Normal_Weight,3.605
33744,Normal_Weight,2.975
33745,Normal_Weight,4.0
33746,Normal_Weight,2.775
33747,Normal_Weight,0.2025
33748,Normal_Weight,4.0
33749,Normal_Weight,2.955
33750,Normal_Weight,5.0725
33751,Normal_Weight,5.165
33752,Normal_Weight,0.34
33753,Normal_Weight,1.6925
33754,Normal_Weight,3.065
33755,Normal_Weight,0.24
33756,Normal_Weight,2.9625
33757,Normal_Weight,0.0
33758,Normal_Weight,5.745
33759,Normal_Weight,5.0075
33760,Normal_Weight,0.02
33761,Normal_Weight,3.135
33762,Normal_Weight,0.0575
33763,Normal_Weight,0.2
33764,Normal_Weight,2.94
33765,Normal_Weight,5.7825
33766,Normal_Weight,1.3025
33767,Normal_Weight,4.0
33768,Normal_Weight,2.1525
33769,Normal_Weight,4.11
33770,Normal_Weight,4.0
33771,Normal_Weight,4.0
33772,Normal_Weight,2.995
33773,Normal_Weight,2.0375
33774,Normal_Weight,4.0
33775,Normal_Weight,2.2525
33776,Normal_Weight,5.6275
33777,Normal_Weight,5.5525
33778,Normal_Weight,1.02
33779,Normal_Weight,2.98
33780,Normal_Weight,5.6575
33781,Normal_Weight,0.08
33782,Normal_Weight,1.0225
33783,Normal_Weight,2.775
33784,Normal_Weight,0.785
33785,Normal_Weight,2.2875
33786,Normal_Weight,4.6975
33787,Normal_Weight,2.93
33788,Normal_Weight,0.015
33789,Normal_Weight,0.0125
33790,Normal_Weight,4.0
33791,Normal_Weight,5.0775
33792,Normal_Weight,2.565
33793,Normal_Weight,2.5475
33794,Normal_Weight,2.025
33795,Normal_Weight,2.9875
33796,Normal_Weight,2.985
33797,Normal_Weight,2.63
33798,Normal_Weight,4.545
33799,Normal_Weight,1.1825
33800,Normal_Weight,4.0
33801,Normal_Weight,2.5775
33802,Normal_Weight,4.0
33803,Normal_Weight,3.8975
33804,Normal_Weight,4.6275
33805,Normal_Weight,3.5125
33806,Normal_Weight,5.005
33807,Normal_Weight,4.8
33808,Normal_Weight,4.0
33809,Normal_Weight,2.56
33810,Normal_Weight,0.0325
33811,Normal_Weight,1.195
33812,Normal_Weight,4.0
33813,Normal_Weight,4.0
33814,Normal_Weight,4.0
33815,Normal_Weight,4.6925
33816,Normal_Weight,2.9525
33817,Normal_Weight,5.8875
33818,Normal_Weight,4.235
33819,Normal_Weight,0.9875
33820,Normal_Weight,2.9525
33821,Normal_Weight,1.775
33822,Normal_Weight,0.1825
33823,Normal_Weight,0.32
33824,Normal_Weight,1.82
33825,Normal_Weight,2.885
33826,Normal_Weight,2.9975
33827,Normal_Weight,5.25
33828,Normal_Weight,4.88
33829,Normal_Weight,2.9925
33830,Normal_Weight,3.7975
33831,Normal_Weight,1.0075
33832,Normal_Weight,4.0
33833,Normal_Weight,0.7625
33834,Normal_Weight,1.1975
33835,Normal_Weight,4.0275
33836,Normal_Weight,4.2
33837,Normal_Weight,2.425
33838,Normal_Weight,0.0475
33839,Normal_Weight,1.445
33840,Normal_Weight,4.0
33841,Normal_Weight,4.48
33842,Normal_Weight,5.43
33843,Normal_Weight,0.0225
33844,Normal_Weight,4.0
33845,Normal_Weight,5.83
33846,Normal_Weight,2.8875
33847,Normal_Weight,0.835
33848,Normal_Weight,5.095
33849,Normal_Weight,4.0
33850,Normal_Weight,1.405
33851,Normal_Weight,0.5125
33852,Normal_Weight,1.235
33853,Normal_Weight,4.7075
33854,Normal_Weight,4.0
33855,Normal_Weight,5.54
33856,Normal_Weight,2.89
33857,Normal_Weight,4.0
33858,Normal_Weight,4.6
33859,Normal_Weight,3.0
33860,Normal_Weight,5.675
33861,Normal_Weight,2.9725
33862,Normal_Weight,4.0
33863,Normal_Weight,5.2875
33864,Normal_Weight,3.1475
33865,Normal_Weight,0.065
33866,Normal_Weight,4.0
33867,Normal_Weight,4.685
33868,Normal_Weight,1.04
33869,Normal_Weight,5.14
33870,Normal_Weight,2.9375
33871,Normal_Weight,4.0
33872,Normal_Weight,5.26
33873,Normal_Weight,3.935
33874,Normal_Weight,5.77
33875,Normal_Weight,2.9975
33876,Normal_Weight,2.0
33877,Normal_Weight,0.045
33878,Normal_Weight,1.3725
33879,Normal_Weight,3.375
33880,Normal_Weight,0.9225
33881,Normal_Weight,1.375
33882,Normal_Weight,2.985
33883,Normal_Weight,2.5125
33884,Normal_Weight,5.6675
33885,Normal_Weight,0.065
33886,Normal_Weight,4.0
33887,Normal_Weight,2.3425
33888,Normal_Weight,0.775
33889,Normal_Weight,5.3075
33890,Normal_Weight,5.0125
33891,Normal_Weight,4.69
33892,Normal_Weight,3.41
33893,Normal_Weight,4.0
33894,Normal_Weight,2.9725
33895,Normal_Weight,3.0
33896,Normal_Weight,0.0025
33897,Normal_Weight,2.9525
33898,Normal_Weight,4.7675
33899,Normal_Weight,2.4725
33900,Normal_Weight,2.985
33901,Normal_Weight,5.6475
33902,Normal_Weight,4.82
33903,Normal_Weight,1.05
33904,Normal_Weight,4.4975
33905,Normal_Weight,5.2675
33906,Normal_Weight,4.7275
33907,Normal_Weight,1.8675
33908,Normal_Weight,0.9875
33909,Normal_Weight,5.86
33910,Normal_Weight,2.9475
33911,Normal_Weight,4.8625
33912,Normal_Weight,0.5075
33913,Normal_Weight,4.0
33914,Normal_Weight,2.9975
33915,Normal_Weight,4.01
33916,Normal_Weight,0.44
33917,Normal_Weight,0.1825
33918,Normal_Weight,1.2275
33919,Normal_Weight,1.23
33920,Normal_Weight,3.435
33921,Normal_Weight,2.7275
33922,Normal_Weight,0.8125
33923,Normal_Weight,2.9925
33924,Normal_Weight,4.7325
33925,Normal_Weight,5.7825
33926,Normal_Weight,5.3525
33927,Normal_Weight,5.5975
33928,Normal_Weight,4.0
33929,Normal_Weight,0.1825
33930,Normal_Weight,1.2025
33931,Normal_Weight,0.0425
33932,Normal_Weight,2.02
33933,Normal_Weight,0.975
33934,Normal_Weight,2.9725
33935,Normal_Weight,0.5625
33936,Normal_Weight,4.0
33937,Normal_Weight,0.0325
33938,Normal_Weight,3.865
33939,Normal_Weight,5.665
33940,Normal_Weight,3.7975
33941,Normal_Weight,2.98
33942,Normal_Weight,1.175
33943,Normal_Weight,4.0
33944,Normal_Weight,3.135
33945,Normal_Weight,3.61
33946,Normal_Weight,1.1675
33947,Normal_Weight,3.595
33948,Normal_Weight,4.0
33949,Normal_Weight,4.8225
33950,Normal_Weight,3.0
33951,Normal_Weight,0.0
33952,Normal_Weight,0.1325
33953,Normal_Weight,3.4275
33954,Normal_Weight,0.0325
33955,Normal_Weight,4.085
33956,Normal_Weight,4.0
33957,Normal_Weight,0.2225
33958,Normal_Weight,0.9875
33959,Normal_Weight,3.15
33960,Normal_Weight,0.3325
33961,Normal_Weight,3.1675
33962,Normal_Weight,4.575
33963,Normal_Weight,0.1725
33964,Normal_Weight,4.54
33965,Normal_Weight,0.975
33966,Normal_Weight,4.0
33967,Normal_Weight,4.0
33968,Normal_Weight,3.765
33969,Normal_Weight,0.4925
33970,Normal_Weight,5.0125
33971,Normal_Weight,4.1675
33972,Normal_Weight,4.0
33973,Normal_Weight,0.2275
33974,Normal_Weight,3.475
33975,Normal_Weight,4.705
33976,Normal_Weight,2.55
33977,Normal_Weight,4.0
33978,Normal_Weight,2.9975
33979,Normal_Weight,5.8475
33980,Normal_Weight,5.895
33981,Normal_Weight,3.45
33982,Normal_Weight,4.2925
33983,Normal_Weight,1.2925
33984,Normal_Weight,4.0
33985,Normal_Weight,5.5125
33986,Normal_Weight,2.3425
33987,Normal_Weight,4.0
33988,Normal_Weight,2.68
33989,Normal_Weight,4.925
33990,Normal_Weight,2.79
33991,Normal_Weight,5.1725
33992,Normal_Weight,5.525
33993,Normal_Weight,0.0975
33994,Normal_Weight,5.0075
33995,Normal_Weight,5.005
33996,Normal_Weight,4.0
33997,Normal_Weight,4.0
33998,Normal_Weight,2.565
33999,Normal_Weight,4.605
34000,Normal_Weight,0.27
34001,Normal_Weight,2.3025
34002,Normal_Weight,4.61
34003,Normal_Weight,2.3825
34004,Normal_Weight,5.625
34005,Normal_Weight,1.125
34006,Normal_Weight,2.92
34007,Normal_Weight,2.995
34008,Normal_Weight,2.2575
34009,Normal_Weight,0.0175
34010,Normal_Weight,4.0
34011,Normal_Weight,0.0075
34012,Normal_Weight,1.0025
34013,Normal_Weight,2.45
34014,Normal_Weight,4.0
34015,Normal_Weight,0.515
34016,Normal_Weight,0.755
34017,Normal_Weight,0.095
34018,Normal_Weight,4.0
34019,Normal_Weight,1.74
34020,Normal_Weight,4.0
34021,Normal_Weight,0.16
34022,Normal_Weight,3.0125
34023,Normal_Weight,0.8225
34024,Normal_Weight,2.9425
34025,Normal_Weight,5.5375
34026,Normal_Weight,2.9975
34027,Normal_Weight,5.5075
34028,Normal_Weight,0.9475
34029,Normal_Weight,5.76
34030,Normal_Weight,0.5025
34031,Normal_Weight,2.545
34032,Normal_Weight,4.0
34033,Normal_Weight,4.815
34034,Normal_Weight,4.0
34035,Normal_Weight,3.0
34036,Normal_Weight,4.8175
34037,Normal_Weight,2.725
34038,Normal_Weight,2.095
34039,Normal_Weight,0.985
34040,Normal_Weight,4.6125
34041,Normal_Weight,0.5925
34042,Normal_Weight,0.0
34043,Normal_Weight,1.0325
34044,Normal_Weight,1.055
34045,Normal_Weight,4.9525
34046,Normal_Weight,2.975
34047,Normal_Weight,2.99
34048,Normal_Weight,1.015
34049,Normal_Weight,4.0
34050,Normal_Weight,4.765
34051,Normal_Weight,2.5675
34052,Normal_Weight,2.9875
34053,Normal_Weight,0.005
34054,Normal_Weight,0.98
34055,Normal_Weight,2.45
34056,Normal_Weight,1.185
34057,Normal_Weight,2.4275
34058,Normal_Weight,5.135
34059,Normal_Weight,0.9
34060,Normal_Weight,0.4525
34061,Normal_Weight,3.22
34062,Normal_Weight,4.0
34063,Normal_Weight,0.065
34064,Normal_Weight,2.5525
34065,Normal_Weight,4.4675
34066,Normal_Weight,0.245
34067,Normal_Weight,1.3225
34068,Normal_Weight,3.8125
34069,Normal_Weight,5.5725
34070,Normal_Weight,3.5725
34071,Normal_Weight,2.8375
34072,Normal_Weight,0.1
34073,Normal_Weight,2.9225
34074,Normal_Weight,4.0
34075,Normal_Weight,3.995
34076,Normal_Weight,0.9175
34077,Normal_Weight,4.0
34078,Normal_Weight,0.205
34079,Normal_Weight,4.0
34080,Normal_Weight,1.57
34081,Normal_Weight,2.5625
34082,Normal_Weight,4.55
34083,Normal_Weight,2.3875
34084,Normal_Weight,2.945
34085,Normal_Weight,2.935
34086,Normal_Weight,4.0
34087,Normal_Weight,2.5125
34088,Normal_Weight,1.95
34089,Normal_Weight,1.58
34090,Normal_Weight,0.0575
34091,Normal_Weight,3.65
34092,Normal_Weight,3.4375
34093,Normal_Weight,2.99
34094,Normal_Weight,4.0
34095,Normal_Weight,1.095
34096,Normal_Weight,4.8725
34097,Normal_Weight,0.2425
34098,Normal_Weight,3.975
34099,Normal_Weight,2.17
34100,Normal_Weight,4.62
34101,Normal_Weight,0.1575
34102,Normal_Weight,0.0325
34103,Normal_Weight,0.2375
34104,Normal_Weight,4.5225
34105,Normal_Weight,2.56
34106,Normal_Weight,4.0
34107,Normal_Weight,2.93
34108,Normal_Weight,5.915
34109,Normal_Weight,2.0
34110,Normal_Weight,2.1175
34111,Normal_Weight,2.985
34112,Normal_Weight,0.3975
34113,Normal_Weight,5.4225
34114,Normal_Weight,4.2175
34115,Normal_Weight,4.0
34116,Normal_Weight,5.8725
34117,Normal_Weight,2.56
34118,Normal_Weight,3.305
34119,Normal_Weight,4.0
34120,Normal_Weight,0.0475
34121,Normal_Weight,2.835
34122,Normal_Weight,2.9975
34123,Normal_Weight,4.0
34124,Normal_Weight,0.02
34125,Normal_Weight,5.82
34126,Normal_Weight,4.0
34127,Normal_Weight,0.0
34128,Normal_Weight,4.0
34129,Normal_Weight,4.945
34130,Normal_Weight,4.0
34131,Normal_Weight,4.0
34132,Normal_Weight,1.0625
34133,Normal_Weight,2.82
34134,Normal_Weight,4.0
34135,Normal_Weight,3.16
34136,Normal_Weight,5.31
34137,Normal_Weight,4.68
34138,Normal_Weight,3.0
34139,Normal_Weight,4.2425
34140,Normal_Weight,0.0925
34141,Normal_Weight,4.4075
34142,Normal_Weight,5.7625
34143,Normal_Weight,2.545
34144,Normal_Weight,2.9975
34145,Normal_Weight,0.1425
34146,Normal_Weight,2.9525
34147,Normal_Weight,2.9325
34148,Normal_Weight,4.0
34149,Normal_Weight,3.0
34150,Normal_Weight,0.0275
34151,Normal_Weight,4.0
34152,Normal_Weight,2.7225
34153,Normal_Weight,4.8575
34154,Normal_Weight,4.0
34155,Normal_Weight,4.495
34156,Normal_Weight,3.0
34157,Normal_Weight,2.01
34158,Normal_Weight,0.6975
34159,Normal_Weight,2.345
34160,Normal_Weight,4.0
34161,Normal_Weight,4.0
34162,Normal_Weight,2.995
34163,Normal_Weight,2.0075
34164,Normal_Weight,4.0
34165,Normal_Weight,3.7175
34166,Normal_Weight,0.7525
34167,Normal_Weight,0.9925
34168,Normal_Weight,4.6675
34169,Normal_Weight,5.4425
34170,Normal_Weight,5.09
34171,Normal_Weight,2.9725
34172,Normal_Weight,5.83
34173,Normal_Weight,4.0
34174,Normal_Weight,3.0
34175,Normal_Weight,4.745
34176,Normal_Weight,4.84
34177,Normal_Weight,4.0
34178,Normal_Weight,4.0
34179,Normal_Weight,3.9425
34180,Normal_Weight,2.9425
34181,Normal_Weight,1.4275
34182,Normal_Weight,4.0
34183,Normal_Weight,4.5875
34184,Normal_Weight,4.0
34185,Normal_Weight,4.0
34186,Normal_Weight,4.905
34187,Normal_Weight,1.2125
34188,Normal_Weight,0.135
34189,Normal_Weight,1.185
34190,Normal_Weight,5.9225
34191,Normal_Weight,4.0
34192,Normal_Weight,0.0175
34193,Normal_Weight,2.4775
34194,Normal_Weight,4.4125
34195,Normal_Weight,2.87
34196,Normal_Weight,2.8825
34197,Normal_Weight,2.8475
34198,Normal_Weight,2.2125
34199,Normal_Weight,4.055
34200,Normal_Weight,5.08
34201,Normal_Weight,0.3425
34202,Normal_Weight,3.185
34203,Normal_Weight,2.4325
34204,Normal_Weight,4.0
34205,Normal_Weight,0.0925
34206,Normal_Weight,0.3
34207,Normal_Weight,3.34
34208,Normal_Weight,4.85
34209,Normal_Weight,3.5975
34210,Normal_Weight,2.9125
34211,Normal_Weight,2.755
34212,Normal_Weight,5.7825
34213,Normal_Weight,2.555
34214,Normal_Weight,4.0
34215,Normal_Weight,4.0
34216,Normal_Weight,2.9975
34217,Normal_Weight,4.0
34218,Normal_Weight,2.96
34219,Normal_Weight,0.01
34220,Normal_Weight,2.3775
34221,Normal_Weight,4.5325
34222,Normal_Weight,2.9975
34223,Normal_Weight,4.8075
34224,Normal_Weight,0.0
34225,Normal_Weight,4.0
34226,Normal_Weight,2.955
34227,Normal_Weight,4.0
34228,Normal_Weight,5.21
34229,Normal_Weight,4.0
34230,Normal_Weight,4.8875
34231,Normal_Weight,4.0
34232,Normal_Weight,4.0
34233,Normal_Weight,4.0
34234,Normal_Weight,4.0
34235,Normal_Weight,1.71
34236,Normal_Weight,2.615
34237,Normal_Weight,0.01
34238,Normal_Weight,4.02
34239,Normal_Weight,5.6375
34240,Normal_Weight,4.0
34241,Normal_Weight,4.0
34242,Normal_Weight,3.0
34243,Normal_Weight,0.8025
34244,Normal_Weight,2.39
34245,Normal_Weight,3.0
34246,Normal_Weight,4.1325
34247,Normal_Weight,4.0
34248,Normal_Weight,0.995
34249,Normal_Weight,3.975
34250,Normal_Weight,1.1925
34251,Normal_Weight,4.8475
34252,Normal_Weight,2.8425
34253,Normal_Weight,3.0
34254,Normal_Weight,0.93
34255,Normal_Weight,4.18
34256,Normal_Weight,2.395
34257,Normal_Weight,1.5075
34258,Normal_Weight,0.06
34259,Normal_Weight,4.3
34260,Normal_Weight,4.0
34261,Normal_Weight,3.3225
34262,Normal_Weight,4.3175
34263,Normal_Weight,3.0
34264,Normal_Weight,5.03
34265,Normal_Weight,4.995
34266,Normal_Weight,5.5275
34267,Normal_Weight,5.1125
34268,Normal_Weight,4.725
34269,Normal_Weight,3.0
34270,Normal_Weight,2.99
34271,Normal_Weight,4.0
34272,Normal_Weight,3.1625
34273,Normal_Weight,4.645
34274,Normal_Weight,4.0
34275,Normal_Weight,4.0
34276,Normal_Weight,3.0
34277,Normal_Weight,3.44
34278,Normal_Weight,0.795
34279,Normal_Weight,5.7575
34280,Normal_Weight,4.355
34281,Normal_Weight,0.2525
34282,Normal_Weight,5.83
34283,Normal_Weight,5.87
34284,Normal_Weight,3.935
34285,Normal_Weight,4.0
34286,Normal_Weight,4.0
34287,Normal_Weight,4.4725
34288,Normal_Weight,4.0
34289,Normal_Weight,2.985
34290,Normal_Weight,4.25
34291,Normal_Weight,3.965
34292,Normal_Weight,2.9975
34293,Normal_Weight,4.0
34294,Normal_Weight,4.0
34295,Normal_Weight,0.035
34296,Normal_Weight,3.0
34297,Normal_Weight,4.0
34298,Normal_Weight,3.0
34299,Normal_Weight,3.8075
34300,Normal_Weight,4.0
34301,Normal_Weight,1.095
34302,Normal_Weight,4.54
34303,Normal_Weight,4.0
34304,Normal_Weight,4.5525
34305,Normal_Weight,5.7375
34306,Normal_Weight,0.9625
34307,Normal_Weight,2.9075
34308,Normal_Weight,4.9725
34309,Normal_Weight,2.995
34310,Normal_Weight,2.3625
34311,Normal_Weight,5.23
34312,Normal_Weight,5.6825
34313,Normal_Weight,3.0
34314,Normal_Weight,4.0
34315,Normal_Weight,0.4525
34316,Normal_Weight,4.0
34317,Normal_Weight,1.0225
34318,Normal_Weight,5.615
34319,Normal_Weight,2.0075
34320,Normal_Weight,4.0
34321,Normal_Weight,4.0
34322,Normal_Weight,0.0825
34323,Normal_Weight,3.7875
34324,Normal_Weight,5.37
34325,Normal_Weight,4.0
34326,Normal_Weight,0.0025
34327,Normal_Weight,2.1425
34328,Normal_Weight,4.65
34329,Normal_Weight,2.4525
34330,Normal_Weight,2.795
34331,Normal_Weight,5.605
34332,Normal_Weight,3.245
34333,Normal_Weight,2.8075
34334,Normal_Weight,2.495
34335,Normal_Weight,2.975
34336,Normal_Weight,5.79
34337,Normal_Weight,0.3125
34338,Normal_Weight,2.9975
34339,Normal_Weight,1.0
34340,Normal_Weight,5.04
34341,Normal_Weight,4.0
34342,Normal_Weight,5.205
34343,Normal_Weight,2.5475
34344,Normal_Weight,4.5675
34345,Normal_Weight,3.18
34346,Normal_Weight,2.795
34347,Normal_Weight,5.4525
34348,Normal_Weight,0.0075
34349,Normal_Weight,4.3625
34350,Normal_Weight,0.9975
34351,Normal_Weight,2.9925
34352,Normal_Weight,0.75
34353,Normal_Weight,0.075
34354,Normal_Weight,2.8025
34355,Normal_Weight,2.93
34356,Normal_Weight,5.14
34357,Normal_Weight,0.085
34358,Normal_Weight,3.08
34359,Normal_Weight,3.0125
34360,Normal_Weight,0.465
34361,Normal_Weight,5.0175
34362,Normal_Weight,2.485
34363,Normal_Weight,4.9375
34364,Normal_Weight,3.405
34365,Normal_Weight,3.0
34366,Normal_Weight,3.11
34367,Normal_Weight,4.0
34368,Normal_Weight,4.9925
34369,Normal_Weight,4.445
34370,Normal_Weight,0.9875
34371,Normal_Weight,2.3325
34372,Normal_Weight,0.71
34373,Normal_Weight,0.005
34374,Normal_Weight,2.125
34375,Normal_Weight,4.915
34376,Normal_Weight,3.5825
34377,Normal_Weight,4.7925
34378,Normal_Weight,4.0
34379,Normal_Weight,4.005
34380,Normal_Weight,4.0
34381,Normal_Weight,5.1075
34382,Normal_Weight,3.9425
34383,Normal_Weight,2.5625
34384,Normal_Weight,1.185
34385,Normal_Weight,4.0
34386,Normal_Weight,4.0
34387,Normal_Weight,3.095
34388,Normal_Weight,0.0
34389,Normal_Weight,3.0225
34390,Normal_Weight,0.035
34391,Normal_Weight,1.185
34392,Normal_Weight,3.945
34393,Normal_Weight,3.0
34394,Normal_Weight,2.3775
34395,Normal_Weight,0.375
34396,Normal_Weight,1.35
34397,Normal_Weight,4.0
34398,Normal_Weight,5.335
34399,Normal_Weight,4.0
34400,Normal_Weight,0.6175
34401,Normal_Weight,0.0375
34402,Normal_Weight,4.0
34403,Normal_Weight,2.0425
34404,Normal_Weight,1.315
34405,Normal_Weight,0.675
34406,Normal_Weight,4.3525
34407,Normal_Weight,5.85
34408,Normal_Weight,4.0
34409,Normal_Weight,4.1575
34410,Normal_Weight,3.07
34411,Normal_Weight,2.415
34412,Normal_Weight,2.1475
34413,Normal_Weight,3.7225
34414,Normal_Weight,5.2775
34415,Normal_Weight,4.325
34416,Normal_Weight,4.0
34417,Normal_Weight,1.0
34418,Normal_Weight,3.35
34419,Normal_Weight,4.92
34420,Normal_Weight,4.0
34421,Normal_Weight,5.8775
34422,Normal_Weight,5.7125
34423,Normal_Weight,2.995
34424,Normal_Weight,0.47
34425,Normal_Weight,3.975
34426,Normal_Weight,2.8475
34427,Normal_Weight,4.0
34428,Normal_Weight,4.0
34429,Normal_Weight,3.0525
34430,Normal_Weight,4.0
34431,Normal_Weight,3.4375
34432,Normal_Weight,3.655
34433,Normal_Weight,2.5
34434,Normal_Weight,4.0
34435,Normal_Weight,4.0
34436,Normal_Weight,3.915
34437,Normal_Weight,4.0425
34438,Normal_Weight,3.0625
34439,Normal_Weight,1.145
34440,Normal_Weight,4.0
34441,Normal_Weight,5.51
34442,Normal_Weight,2.9375
34443,Normal_Weight,4.6225
34444,Normal_Weight,3.2175
34445,Normal_Weight,3.2575
34446,Normal_Weight,2.7675
34447,Normal_Weight,4.0
34448,Normal_Weight,3.0
34449,Normal_Weight,1.1375
34450,Normal_Weight,2.1575
34451,Normal_Weight,0.3925
34452,Normal_Weight,2.515
34453,Normal_Weight,2.1475
34454,Normal_Weight,4.32
34455,Normal_Weight,2.7575
34456,Normal_Weight,4.0
34457,Normal_Weight,4.0
34458,Normal_Weight,4.0
34459,Normal_Weight,0.0025
34460,Normal_Weight,2.885
34461,Normal_Weight,2.98
34462,Normal_Weight,3.165
34463,Normal_Weight,2.52
34464,Normal_Weight,4.0
34465,Normal_Weight,2.805
34466,Normal_Weight,4.0
34467,Normal_Weight,2.995
34468,Normal_Weight,4.4075
34469,Normal_Weight,0.1025
34470,Normal_Weight,2.5625
34471,Normal_Weight,2.945
34472,Normal_Weight,0.59
34473,Normal_Weight,0.165
34474,Normal_Weight,1.0025
34475,Normal_Weight,1.02
34476,Normal_Weight,3.0925
34477,Normal_Weight,4.8325
34478,Normal_Weight,4.0
34479,Normal_Weight,3.45
34480,Normal_Weight,4.0
34481,Normal_Weight,2.3425
34482,Normal_Weight,0.635
34483,Normal_Weight,3.73
34484,Normal_Weight,4.0
34485,Normal_Weight,1.5725
34486,Normal_Weight,0.2275
34487,Normal_Weight,4.5575
34488,Normal_Weight,2.225
34489,Normal_Weight,2.74
34490,Normal_Weight,2.9175
34491,Normal_Weight,2.0625
34492,Normal_Weight,3.0425
34493,Normal_Weight,4.0
34494,Normal_Weight,3.67
34495,Normal_Weight,3.0
34496,Normal_Weight,4.0
34497,Normal_Weight,2.95
34498,Normal_Weight,0.99
34499,Normal_Weight,4.7625
34500,Normal_Weight,0.8025
34501,Normal_Weight,2.8225
34502,Normal_Weight,1.165
34503,Normal_Weight,0.105
34504,Normal_Weight,4.0
34505,Normal_Weight,4.745
34506,Normal_Weight,3.595
34507,Normal_Weight,4.935
34508,Normal_Weight,1.35
34509,Normal_Weight,0.005
34510,Normal_Weight,4.0
34511,Normal_Weight,2.915
34512,Normal_Weight,4.0
34513,Normal_Weight,5.065
34514,Normal_Weight,4.0
34515,Normal_Weight,0.025
34516,Normal_Weight,4.0
34517,Normal_Weight,2.8825
34518,Normal_Weight,2.465
34519,Normal_Weight,3.8925
34520,Normal_Weight,2.985
34521,Normal_Weight,4.0
34522,Normal_Weight,5.41
34523,Normal_Weight,0.3875
34524,Normal_Weight,2.5725
34525,Normal_Weight,3.6925
34526,Normal_Weight,0.975
34527,Normal_Weight,0.55
34528,Normal_Weight,0.53
34529,Normal_Weight,3.0
34530,Normal_Weight,3.9975
34531,Normal_Weight,3.0
34532,Normal_Weight,0.3175
34533,Normal_Weight,5.0625
34534,Normal_Weight,4.0
34535,Normal_Weight,0.05
34536,Normal_Weight,3.0
34537,Normal_Weight,2.9075
34538,Normal_Weight,4.0
34539,Normal_Weight,3.215
34540,Normal_Weight,1.61
34541,Normal_Weight,2.3175
34542,Normal_Weight,2.5375
34543,Normal_Weight,3.0
34544,Normal_Weight,2.9475
34545,Normal_Weight,2.98
34546,Normal_Weight,5.5375
34547,Normal_Weight,3.02
34548,Normal_Weight,4.9975
34549,Normal_Weight,3.775
34550,Normal_Weight,2.735
34551,Normal_Weight,2.98
34552,Normal_Weight,2.9525
34553,Normal_Weight,4.0
34554,Normal_Weight,2.97
34555,Normal_Weight,0.355
34556,Normal_Weight,2.745
34557,Normal_Weight,0.0025
34558,Normal_Weight,5.36
34559,Normal_Weight,4.0
34560,Normal_Weight,4.0
34561,Normal_Weight,1.0625
34562,Normal_Weight,4.8925
34563,Normal_Weight,5.0425
34564,Normal_Weight,2.0925
34565,Normal_Weight,0.495
34566,Normal_Weight,2.9875
34567,Normal_Weight,0.0775
34568,Normal_Weight,5.82
34569,Normal_Weight,4.4675
34570,Normal_Weight,2.9975
34571,Normal_Weight,5.795
34572,Normal_Weight,4.0
34573,Normal_Weight,1.185
34574,Normal_Weight,4.0
34575,Normal_Weight,5.1975
34576,Normal_Weight,4.2725
34577,Normal_Weight,2.9775
34578,Normal_Weight,0.48
34579,Normal_Weight,3.0
34580,Normal_Weight,2.9775
34581,Normal_Weight,2.6025
34582,Normal_Weight,5.7675
34583,Normal_Weight,3.0
34584,Normal_Weight,4.24
34585,Normal_Weight,2.3025
34586,Normal_Weight,4.0
34587,Normal_Weight,2.56
34588,Normal_Weight,2.795
34589,Normal_Weight,1.1325
34590,Normal_Weight,4.0
34591,Normal_Weight,0.03
34592,Normal_Weight,0.1625
34593,Normal_Weight,5.745
34594,Normal_Weight,4.2275
34595,Normal_Weight,0.035
34596,Normal_Weight,0.865
34597,Normal_Weight,2.9975
